<Anims>
 <anim name="idle" root="aip_nectar_maker" numframes="100" framerate="40">
  <frame idx="0" w="481" h="623" x="-39.499901" y="-169.999817">
   <element name="aip_nectar_maker" layername="body" frame="0" z_index="4" m_a="1.000000" m_b="0.000000" m_c="0.000000" m_d="1.000000" m_tx="0.002494" m_ty="-90.069824"/>
  </frame>
  <frame idx="25" w="481" h="623" x="-39.499901" y="-169.999817">
   <element name="aip_nectar_maker" layername="body" frame="0" z_index="4" m_a="1.000000" m_b="0.000000" m_c="0.000000" m_d="1.000000" m_tx="0.002494" m_ty="-90.069824"/>
  </frame>
  <frame idx="50" w="481" h="623" x="-39.499901" y="-169.999817">
   <element name="aip_nectar_maker" layername="body" frame="0" z_index="4" m_a="1.000000" m_b="0.000000" m_c="0.000000" m_d="1.000000" m_tx="0.002494" m_ty="-90.069824"/>
  </frame>
  <frame idx="75" w="481" h="623" x="-39.499901" y="-169.999817">
   <element name="aip_nectar_maker" layername="body" frame="0" z_index="4" m_a="1.000000" m_b="0.000000" m_c="0.000000" m_d="1.000000" m_tx="0.002494" m_ty="-90.069824"/>
  </frame>
 </anim>
 <anim name="cooking" root="aip_nectar_maker" numframes="600" framerate="40">
  <frame idx="0" w="481" h="623" x="-39.499901" y="-169.999817">
   <element name="aip_nectar_maker" layername="body" frame="0" z_index="4" m_a="1.000000" m_b="0.000000" m_c="0.000000" m_d="1.000000" m_tx="0.002494" m_ty="-90.069824"/>
  </frame>
  <frame idx="25" w="483" h="622" x="-39.496597" y="-169.459167">
   <element name="aip_nectar_maker" layername="body" frame="0" z_index="4" m_a="1.003314" m_b="0.000000" m_c="0.000000" m_d="0.998665" m_tx="0.002494" m_ty="-89.566467"/>
  </frame>
  <frame idx="50" w="484" h="621" x="-39.493290" y="-168.918533">
   <element name="aip_nectar_maker" layername="body" frame="0" z_index="4" m_a="1.006628" m_b="0.000000" m_c="0.000000" m_d="0.997330" m_tx="0.002494" m_ty="-89.063110"/>
  </frame>
  <frame idx="75" w="485" h="620" x="-39.489983" y="-168.377884">
   <element name="aip_nectar_maker" layername="body" frame="0" z_index="4" m_a="1.009941" m_b="0.000000" m_c="0.000000" m_d="0.995995" m_tx="0.002494" m_ty="-88.559753"/>
  </frame>
  <frame idx="100" w="488" h="618" x="-39.986679" y="-167.337250">
   <element name="aip_nectar_maker" layername="body" frame="0" z_index="4" m_a="1.013255" m_b="0.000000" m_c="0.000000" m_d="0.994660" m_tx="0.002494" m_ty="-88.056404"/>
  </frame>
  <frame idx="125" w="489" h="617" x="-39.983372" y="-166.796600">
   <element name="aip_nectar_maker" layername="body" frame="0" z_index="4" m_a="1.016569" m_b="0.000000" m_c="0.000000" m_d="0.993325" m_tx="0.002494" m_ty="-87.553047"/>
  </frame>
  <frame idx="150" w="490" h="616" x="-39.980064" y="-166.255966">
   <element name="aip_nectar_maker" layername="body" frame="0" z_index="4" m_a="1.019883" m_b="0.000000" m_c="0.000000" m_d="0.991990" m_tx="0.002494" m_ty="-87.049690"/>
  </frame>
  <frame idx="175" w="493" h="615" x="-40.476761" y="-165.715332">
   <element name="aip_nectar_maker" layername="body" frame="0" z_index="4" m_a="1.023197" m_b="0.000000" m_c="0.000000" m_d="0.990655" m_tx="0.002494" m_ty="-86.546333"/>
  </frame>
  <frame idx="200" w="494" h="614" x="-40.473454" y="-165.174683">
   <element name="aip_nectar_maker" layername="body" frame="0" z_index="4" m_a="1.026511" m_b="0.000000" m_c="0.000000" m_d="0.989320" m_tx="0.002494" m_ty="-86.042976"/>
  </frame>
  <frame idx="225" w="495" h="612" x="-40.470150" y="-164.134033">
   <element name="aip_nectar_maker" layername="body" frame="0" z_index="4" m_a="1.029824" m_b="0.000000" m_c="0.000000" m_d="0.987985" m_tx="0.002494" m_ty="-85.539619"/>
  </frame>
  <frame idx="250" w="497" h="611" x="-40.466843" y="-163.593399">
   <element name="aip_nectar_maker" layername="body" frame="0" z_index="4" m_a="1.033138" m_b="0.000000" m_c="0.000000" m_d="0.986650" m_tx="0.002494" m_ty="-85.036270"/>
  </frame>
  <frame idx="275" w="499" h="610" x="-40.963535" y="-163.052765">
   <element name="aip_nectar_maker" layername="body" frame="0" z_index="4" m_a="1.036452" m_b="0.000000" m_c="0.000000" m_d="0.985315" m_tx="0.002494" m_ty="-84.532913"/>
  </frame>
  <frame idx="300" w="500" h="609" x="-40.960758" y="-162.598618">
   <element name="aip_nectar_maker" layername="body" frame="0" z_index="4" m_a="1.039236" m_b="0.000000" m_c="0.000000" m_d="0.984194" m_tx="0.002494" m_ty="-84.110092"/>
  </frame>
  <frame idx="325" w="499" h="610" x="-40.964066" y="-163.139252">
   <element name="aip_nectar_maker" layername="body" frame="0" z_index="4" m_a="1.035922" m_b="0.000000" m_c="0.000000" m_d="0.985529" m_tx="0.002494" m_ty="-84.613449"/>
  </frame>
  <frame idx="350" w="497" h="611" x="-40.467373" y="-163.679901">
   <element name="aip_nectar_maker" layername="body" frame="0" z_index="4" m_a="1.032608" m_b="0.000000" m_c="0.000000" m_d="0.986864" m_tx="0.002494" m_ty="-85.116806"/>
  </frame>
  <frame idx="375" w="495" h="612" x="-40.470676" y="-164.220551">
   <element name="aip_nectar_maker" layername="body" frame="0" z_index="4" m_a="1.029294" m_b="0.000000" m_c="0.000000" m_d="0.988199" m_tx="0.002494" m_ty="-85.620163"/>
  </frame>
  <frame idx="400" w="494" h="614" x="-40.473984" y="-165.261185">
   <element name="aip_nectar_maker" layername="body" frame="0" z_index="4" m_a="1.025980" m_b="0.000000" m_c="0.000000" m_d="0.989534" m_tx="0.002494" m_ty="-86.123512"/>
  </frame>
  <frame idx="425" w="493" h="615" x="-40.477287" y="-165.801819">
   <element name="aip_nectar_maker" layername="body" frame="0" z_index="4" m_a="1.022667" m_b="0.000000" m_c="0.000000" m_d="0.990869" m_tx="0.002494" m_ty="-86.626869"/>
  </frame>
  <frame idx="450" w="490" h="616" x="-39.980595" y="-166.342468">
   <element name="aip_nectar_maker" layername="body" frame="0" z_index="4" m_a="1.019353" m_b="0.000000" m_c="0.000000" m_d="0.992204" m_tx="0.002494" m_ty="-87.130226"/>
  </frame>
  <frame idx="475" w="489" h="617" x="-39.983902" y="-166.883118">
   <element name="aip_nectar_maker" layername="body" frame="0" z_index="4" m_a="1.016039" m_b="0.000000" m_c="0.000000" m_d="0.993539" m_tx="0.002494" m_ty="-87.633583"/>
  </frame>
  <frame idx="500" w="488" h="618" x="-39.987206" y="-167.423752">
   <element name="aip_nectar_maker" layername="body" frame="0" z_index="4" m_a="1.012725" m_b="0.000000" m_c="0.000000" m_d="0.994874" m_tx="0.002494" m_ty="-88.136940"/>
  </frame>
  <frame idx="525" w="485" h="620" x="-39.490513" y="-168.464401">
   <element name="aip_nectar_maker" layername="body" frame="0" z_index="4" m_a="1.009411" m_b="0.000000" m_c="0.000000" m_d="0.996209" m_tx="0.002494" m_ty="-88.640297"/>
  </frame>
  <frame idx="550" w="484" h="622" x="-39.493820" y="-169.005035">
   <element name="aip_nectar_maker" layername="body" frame="0" z_index="4" m_a="1.006097" m_b="0.000000" m_c="0.000000" m_d="0.997544" m_tx="0.002494" m_ty="-89.143646"/>
  </frame>
  <frame idx="575" w="483" h="623" x="-39.497124" y="-169.545685">
   <element name="aip_nectar_maker" layername="body" frame="0" z_index="4" m_a="1.002784" m_b="0.000000" m_c="0.000000" m_d="0.998879" m_tx="0.002494" m_ty="-89.647003"/>
  </frame>
 </anim>
 <anim name="hit" root="aip_nectar_maker" numframes="225" framerate="40">
  <frame idx="0" w="481" h="623" x="-39.499901" y="-169.999817">
   <element name="aip_nectar_maker" layername="body" frame="0" z_index="4" m_a="1.000000" m_b="0.000000" m_c="0.000000" m_d="1.000000" m_tx="0.002494" m_ty="-90.069824"/>
  </frame>
  <frame idx="25" w="460" h="647" x="-34.136002" y="-171.580963">
   <element name="aip_nectar_maker" layername="body" frame="0" z_index="4" m_a="0.999055" m_b="0.043464" m_c="-0.043464" m_d="0.999055" m_tx="2.153395" m_ty="-89.720726"/>
  </frame>
  <frame idx="50" w="437" h="671" x="-28.776279" y="-173.109467">
   <element name="aip_nectar_maker" layername="body" frame="0" z_index="4" m_a="0.996222" m_b="0.086845" m_c="-0.086845" m_d="0.996222" m_tx="4.304296" m_ty="-89.371628"/>
  </frame>
  <frame idx="75" w="439" h="670" x="-29.185673" y="-172.842133">
   <element name="aip_nectar_maker" layername="body" frame="0" z_index="4" m_a="0.996325" m_b="0.085651" m_c="-0.085651" m_d="0.996325" m_tx="4.428170" m_ty="-89.100227"/>
  </frame>
  <frame idx="100" w="454" h="653" x="-32.274162" y="-171.214142">
   <element name="aip_nectar_maker" layername="body" frame="0" z_index="4" m_a="0.998500" m_b="0.054745" m_c="-0.054745" m_d="0.998500" m_tx="3.200692" m_ty="-88.880638"/>
  </frame>
  <frame idx="125" w="470" h="636" x="-35.865078" y="-169.559402">
   <element name="aip_nectar_maker" layername="body" frame="0" z_index="4" m_a="0.999717" m_b="0.023787" m_c="-0.023787" m_d="0.999717" m_tx="1.973215" m_ty="-88.661041"/>
  </frame>
  <frame idx="150" w="484" h="620" x="-38.957592" y="-168.377899">
   <element name="aip_nectar_maker" layername="body" frame="0" z_index="4" m_a="0.999974" m_b="-0.007193" m_c="0.007193" m_d="0.999974" m_tx="0.745737" m_ty="-88.441444"/>
  </frame>
  <frame idx="175" w="499" h="602" x="-42.550880" y="-166.669571">
   <element name="aip_nectar_maker" layername="body" frame="0" z_index="4" m_a="0.999271" m_b="-0.038167" m_c="0.038167" m_d="0.999271" m_tx="-0.481740" m_ty="-88.221855"/>
  </frame>
  <frame idx="200" w="495" h="606" x="-41.812935" y="-167.255844">
   <element name="aip_nectar_maker" layername="body" frame="0" z_index="4" m_a="0.999563" m_b="-0.029578" m_c="0.029578" m_d="0.999563" m_tx="-0.483993" m_ty="-88.808563"/>
  </frame>
 </anim>
 <anim name="place" root="aip_nectar_maker" numframes="300" framerate="40">
  <frame idx="0" w="384" h="783" x="-31.201351" y="-316.499817">
   <element name="aip_nectar_maker" layername="body" frame="0" z_index="4" m_a="0.798066" m_b="0.000000" m_c="0.000000" m_d="1.000000" m_tx="0.002494" m_ty="-223.069824"/>
  </frame>
  <frame idx="25" w="409" h="738" x="-33.650188" y="-285.871765">
   <element name="aip_nectar_maker" layername="body" frame="0" z_index="4" m_a="0.849351" m_b="0.000000" m_c="0.000000" m_d="0.973301" m_tx="0.002494" m_ty="-197.187469"/>
  </frame>
  <frame idx="50" w="434" h="694" x="-35.599026" y="-255.743683">
   <element name="aip_nectar_maker" layername="body" frame="0" z_index="4" m_a="0.900637" m_b="0.000000" m_c="0.000000" m_d="0.946601" m_tx="0.002494" m_ty="-171.305115"/>
  </frame>
  <frame idx="75" w="458" h="650" x="-37.547863" y="-225.615616">
   <element name="aip_nectar_maker" layername="body" frame="0" z_index="4" m_a="0.951922" m_b="0.000000" m_c="0.000000" m_d="0.919902" m_tx="0.002494" m_ty="-145.422760"/>
  </frame>
  <frame idx="100" w="483" h="604" x="-39.496700" y="-194.987534">
   <element name="aip_nectar_maker" layername="body" frame="0" z_index="4" m_a="1.003207" m_b="0.000000" m_c="0.000000" m_d="0.893202" m_tx="0.002494" m_ty="-119.540405"/>
  </frame>
  <frame idx="125" w="507" h="560" x="-41.445541" y="-164.859497">
   <element name="aip_nectar_maker" layername="body" frame="0" z_index="4" m_a="1.054492" m_b="0.000000" m_c="0.000000" m_d="0.866503" m_tx="0.002494" m_ty="-93.658066"/>
  </frame>
  <frame idx="150" w="532" h="515" x="-43.394379" y="-134.231415">
   <element name="aip_nectar_maker" layername="body" frame="0" z_index="4" m_a="1.105778" m_b="0.000000" m_c="0.000000" m_d="0.839804" m_tx="0.002494" m_ty="-67.775703"/>
  </frame>
  <frame idx="175" w="544" h="494" x="-44.367783" y="-116.007881">
   <element name="aip_nectar_maker" layername="body" frame="0" z_index="4" m_a="1.132435" m_b="0.000000" m_c="0.000000" m_d="0.836614" m_tx="0.002494" m_ty="-51.141254"/>
  </frame>
  <frame idx="200" w="511" h="564" x="-41.939468" y="-144.402466">
   <element name="aip_nectar_maker" layername="body" frame="0" z_index="4" m_a="1.060579" m_b="0.000000" m_c="0.000000" m_d="0.927464" m_tx="0.002494" m_ty="-71.498398"/>
  </frame>
  <frame idx="225" w="476" h="635" x="-39.011150" y="-173.297058">
   <element name="aip_nectar_maker" layername="body" frame="0" z_index="4" m_a="0.988723" m_b="0.000000" m_c="0.000000" m_d="1.018315" m_tx="0.002494" m_ty="-91.855537"/>
  </frame>
  <frame idx="250" w="459" h="669" x="-37.545116" y="-187.361481">
   <element name="aip_nectar_maker" layername="body" frame="0" z_index="4" m_a="0.954675" m_b="0.000000" m_c="0.000000" m_d="1.060687" m_tx="0.002494" m_ty="-101.736488"/>
  </frame>
  <frame idx="275" w="470" h="646" x="-38.522511" y="-178.680664">
   <element name="aip_nectar_maker" layername="body" frame="0" z_index="4" m_a="0.977337" m_b="0.000000" m_c="0.000000" m_d="1.030344" m_tx="0.002494" m_ty="-95.903160"/>
  </frame>
 </anim>
</Anims>
