<Anims>
 <anim name="break" root="aip_orbit" numframes="525" framerate="40">
  <frame idx="0" w="278" h="646" x="-42.252075" y="-377.758820">
   <element name="sign_arrow" layername="sign_arrow" frame="1" z_index="45" m_a="0.959012" m_b="0.187716" m_c="-0.195440" m_d="0.998472" m_tx="-23.149000" m_ty="-336.498993"/>
   <element name="sing_post" layername="sing_post" frame="1" z_index="46" m_a="0.979982" m_b="0.195855" m_c="-0.195855" m_d="0.979982" m_tx="-57.398998" m_ty="-181.298996"/>
   <element name="sing_post" layername="sing_post" frame="0" z_index="47" m_a="0.945648" m_b="-0.322098" m_c="0.322098" m_d="0.945648" m_tx="-63.398998" m_ty="-169.298996"/>
  </frame>
  <frame idx="25" w="394" h="639" x="-94.745491" y="-397.836060">
   <element name="sign_arrow" layername="sign_arrow" frame="1" z_index="45" m_a="0.968243" m_b="-0.181505" m_c="0.185145" m_d="0.987658" m_tx="-23.884295" m_ty="-333.190155"/>
   <element name="sing_post" layername="sing_post" frame="1" z_index="46" m_a="0.884889" m_b="0.460755" m_c="-0.460755" m_d="0.884889" m_tx="-83.244591" m_ty="-195.306351"/>
   <element name="sing_post" layername="sing_post" frame="0" z_index="47" m_a="0.849976" m_b="-0.521660" m_c="0.521660" m_d="0.849976" m_tx="-77.296059" m_ty="-142.865173"/>
  </frame>
  <frame idx="50" w="487" h="620" x="-167.427490" y="-408.050385">
   <element name="sign_arrow" layername="sign_arrow" frame="1" z_index="45" m_a="0.909941" m_b="-0.390887" m_c="0.393980" m_d="0.917142" m_tx="-24.318697" m_ty="-331.320221"/>
   <element name="sing_post" layername="sing_post" frame="1" z_index="46" m_a="0.716726" m_b="0.693585" m_c="-0.693585" m_d="0.716726" m_tx="-109.518700" m_ty="-209.561127"/>
   <element name="sing_post" layername="sing_post" frame="0" z_index="47" m_a="0.709687" m_b="-0.700340" m_c="0.700340" m_d="0.709687" m_tx="-91.462639" m_ty="-115.870216"/>
  </frame>
  <frame idx="75" w="555" h="570" x="-229.821198" y="-405.703278">
   <element name="sign_arrow" layername="sign_arrow" frame="1" z_index="45" m_a="0.847465" m_b="-0.516612" m_c="0.518734" m_d="0.850946" m_tx="-23.505060" m_ty="-325.302032"/>
   <element name="sing_post" layername="sing_post" frame="1" z_index="46" m_a="0.495123" m_b="0.865715" m_c="-0.865715" m_d="0.495123" m_tx="-130.227783" m_ty="-224.839905"/>
   <element name="sing_post" layername="sing_post" frame="0" z_index="47" m_a="0.504399" m_b="-0.860068" m_c="0.860068" m_d="0.504399" m_tx="-100.229301" m_ty="-78.232338"/>
  </frame>
  <frame idx="100" w="594" h="505" x="-270.845276" y="-392.632355">
   <element name="sign_arrow" layername="sign_arrow" frame="1" z_index="45" m_a="0.751190" m_b="-0.646887" m_c="0.651744" m_d="0.756830" m_tx="-20.399000" m_ty="-308.748993"/>
   <element name="sing_post" layername="sing_post" frame="1" z_index="46" m_a="0.254755" m_b="0.962847" m_c="-0.962847" m_d="0.254755" m_tx="-138.598999" m_ty="-241.998993"/>
   <element name="sing_post" layername="sing_post" frame="0" z_index="47" m_a="0.203048" m_b="-0.974869" m_c="0.974869" m_d="0.203048" m_tx="-97.198997" m_ty="-18.649000"/>
  </frame>
  <frame idx="125" w="548" h="436" x="-283.562683" y="-356.210602">
   <element name="sign_arrow" layername="sign_arrow" frame="1" z_index="45" m_a="0.371580" m_b="-0.920506" m_c="0.936538" m_d="0.378052" m_tx="-11.244588" m_ty="-260.403412"/>
   <element name="sing_post" layername="sing_post" frame="1" z_index="46" m_a="0.134308" m_b="0.987136" m_c="-0.987136" m_d="0.134308" m_tx="-142.569580" m_ty="-250.381348"/>
   <element name="sing_post" layername="sing_post" frame="0" z_index="47" m_a="0.047685" m_b="-0.994731" m_c="0.994731" m_d="0.047685" m_tx="-95.728409" m_ty="10.210559"/>
  </frame>
  <frame idx="150" w="582" h="296" x="-289.909424" y="-234.787109">
   <element name="sign_arrow" layername="sign_arrow" frame="1" z_index="45" m_a="0.020325" m_b="-1.052322" m_c="0.941714" m_d="0.018188" m_tx="10.042433" m_ty="-131.829437"/>
   <element name="sing_post" layername="sing_post" frame="1" z_index="46" m_a="0.105923" m_b="0.990520" m_c="-0.990520" m_d="0.105923" m_tx="-143.780807" m_ty="-219.411118"/>
   <element name="sing_post" layername="sing_post" frame="0" z_index="47" m_a="0.031625" m_b="-0.995632" m_c="0.995632" m_d="0.031625" m_tx="-67.950516" m_ty="0.285333"/>
  </frame>
  <frame idx="175" w="602" h="354" x="-289.204773" y="-283.098206">
   <element name="sign_arrow" layername="sign_arrow" frame="0" z_index="45" m_a="-0.078520" m_b="-1.044706" m_c="0.897805" m_d="-0.067479" m_tx="27.701876" m_ty="-1.686944"/>
   <element name="sing_post" layername="sing_post" frame="1" z_index="46" m_a="0.131688" m_b="0.987374" m_c="-0.987374" m_d="0.131688" m_tx="-143.476273" m_ty="-166.317184"/>
   <element name="sing_post" layername="sing_post" frame="0" z_index="47" m_a="-0.001567" m_b="-0.996194" m_c="0.996194" m_d="-0.001567" m_tx="-46.792942" m_ty="-23.674757"/>
  </frame>
  <frame idx="200" w="546" h="226" x="-281.252350" y="-159.227798">
   <element name="sign_arrow" layername="sign_arrow" frame="0" z_index="45" m_a="0.223427" m_b="-0.804914" m_c="0.973087" m_d="0.270108" m_tx="-6.115918" m_ty="1.594657"/>
   <element name="sing_post" layername="sing_post" frame="1" z_index="46" m_a="0.160484" m_b="0.983461" m_c="-0.983461" m_d="0.160484" m_tx="-143.248993" m_ty="-113.249001"/>
   <element name="sing_post" layername="sing_post" frame="0" z_index="47" m_a="-0.236948" m_b="-0.967012" m_c="0.967012" m_d="-0.236948" m_tx="-71.149002" m_ty="-31.099001"/>
  </frame>
  <frame idx="225" w="602" h="478" x="-294.072021" y="-119.790749">
   <element name="sign_arrow" layername="sign_arrow" frame="0" z_index="45" m_a="0.921051" m_b="0.357250" m_c="-0.379379" m_d="0.978102" m_tx="-31.984591" m_ty="-94.167061"/>
   <element name="sing_post" layername="sing_post" frame="1" z_index="46" m_a="0.042336" m_b="0.995596" m_c="-0.995596" m_d="0.042336" m_tx="-140.307816" m_ty="-88.726944"/>
   <element name="sing_post" layername="sing_post" frame="0" z_index="47" m_a="-0.089169" m_b="-0.991675" m_c="0.991675" m_d="-0.089169" m_tx="-72.582825" m_ty="-53.157822"/>
  </frame>
  <frame idx="250" w="593" h="374" x="-299.626282" y="-120.830536">
   <element name="sign_arrow" layername="sign_arrow" frame="1" z_index="45" m_a="1.010444" m_b="0.142297" m_c="-0.143761" m_d="1.020846" m_tx="-12.469182" m_ty="-64.833847"/>
   <element name="sing_post" layername="sing_post" frame="1" z_index="46" m_a="-0.080029" m_b="0.993300" m_c="-0.993300" m_d="-0.080029" m_tx="-137.309601" m_ty="-63.777786"/>
   <element name="sing_post" layername="sing_post" frame="0" z_index="47" m_a="0.062118" m_b="-0.993910" m_c="0.993910" m_d="0.062118" m_tx="-74.092941" m_ty="-75.620216"/>
  </frame>
  <frame idx="275" w="663" h="158" x="-306.851471" y="-106.238159">
   <element name="sign_arrow" layername="sign_arrow" frame="1" z_index="45" m_a="0.795235" m_b="-0.596787" m_c="0.599791" m_d="0.799238" m_tx="1.730545" m_ty="-20.985365"/>
   <element name="sing_post" layername="sing_post" frame="1" z_index="46" m_a="-0.108750" m_b="0.990397" m_c="-0.990397" m_d="-0.108750" m_tx="-136.545959" m_ty="-41.776272"/>
   <element name="sing_post" layername="sing_post" frame="0" z_index="47" m_a="0.209583" m_b="-0.973579" m_c="0.973579" m_d="0.209583" m_tx="-74.421730" m_ty="-92.055061"/>
  </frame>
  <frame idx="300" w="646" h="244" x="-295.817139" y="-103.952278">
   <element name="sign_arrow" layername="sign_arrow" frame="1" z_index="45" m_a="0.932861" m_b="-0.322252" m_c="0.328993" m_d="0.952377" m_tx="-3.799000" m_ty="-31.099001"/>
   <element name="sing_post" layername="sing_post" frame="1" z_index="46" m_a="0.065266" m_b="0.993637" m_c="-0.993637" m_d="0.065266" m_tx="-140.598999" m_ty="-26.549000"/>
   <element name="sing_post" layername="sing_post" frame="0" z_index="47" m_a="0.345672" m_b="-0.933533" m_c="0.933533" m_d="0.345672" m_tx="-72.149002" m_ty="-95.198997"/>
  </frame>
  <frame idx="325" w="592" h="314" x="-279.116638" y="-100.940475">
   <element name="sign_arrow" layername="sign_arrow" frame="1" z_index="45" m_a="0.980791" m_b="-0.032317" m_c="0.033498" m_d="1.016651" m_tx="-9.240176" m_ty="-41.025471"/>
   <element name="sing_post" layername="sing_post" frame="1" z_index="46" m_a="0.232793" m_b="0.967908" m_c="-0.967908" m_d="0.232793" m_tx="-144.569580" m_ty="-11.696059"/>
   <element name="sing_post" layername="sing_post" frame="0" z_index="47" m_a="0.474151" m_b="-0.876647" m_c="0.876647" m_d="0.474151" m_tx="-69.979881" m_ty="-98.287239"/>
  </frame>
  <frame idx="350" w="596" h="299" x="-280.509705" y="-85.150322">
   <element name="sign_arrow" layername="sign_arrow" frame="1" z_index="45" m_a="0.983425" m_b="-0.028673" m_c="0.029586" m_d="1.014740" m_tx="-7.392940" m_ty="-34.223240"/>
   <element name="sing_post" layername="sing_post" frame="1" z_index="46" m_a="0.293694" m_b="0.951397" m_c="-0.951397" m_d="0.293694" m_tx="-152.108093" m_ty="-6.809606"/>
   <element name="sing_post" layername="sing_post" frame="0" z_index="47" m_a="0.526976" m_b="-0.845528" m_c="0.845528" m_d="0.526976" m_tx="-67.017181" m_ty="-89.120209"/>
  </frame>
  <frame idx="375" w="636" h="241" x="-292.753021" y="-63.201389">
   <element name="sign_arrow" layername="sign_arrow" frame="1" z_index="45" m_a="0.972971" m_b="-0.188999" m_c="0.191985" m_d="0.988342" m_tx="-1.446212" m_ty="-17.974756"/>
   <element name="sing_post" layername="sing_post" frame="1" z_index="46" m_a="0.297129" m_b="0.951257" m_c="-0.951257" m_d="0.297129" m_tx="-161.641418" m_ty="-7.517182"/>
   <element name="sing_post" layername="sing_post" frame="0" z_index="47" m_a="0.541049" m_b="-0.836009" m_c="0.836009" m_d="0.541049" m_tx="-63.608089" m_ty="-73.059601"/>
  </frame>
  <frame idx="400" w="669" h="176" x="-305.004791" y="-40.159050">
   <element name="sign_arrow" layername="sign_arrow" frame="1" z_index="45" m_a="0.936737" m_b="-0.346954" m_c="0.346954" m_d="0.936737" m_tx="4.500000" m_ty="-1.649000"/>
   <element name="sing_post" layername="sing_post" frame="1" z_index="46" m_a="0.301172" m_b="0.951891" m_c="-0.951891" m_d="0.301172" m_tx="-171.149002" m_ty="-8.199000"/>
   <element name="sing_post" layername="sing_post" frame="0" z_index="47" m_a="0.556365" m_b="-0.827179" m_c="0.827179" m_d="0.556365" m_tx="-60.199001" m_ty="-56.999001"/>
  </frame>
  <frame idx="425" w="670" h="184" x="-307.431824" y="-43.741840">
   <element name="sign_arrow" layername="sign_arrow" frame="1" z_index="45" m_a="0.941461" m_b="-0.331583" m_c="0.331583" m_d="0.941461" m_tx="4.500000" m_ty="-3.487235"/>
   <element name="sing_post" layername="sing_post" frame="1" z_index="46" m_a="0.282279" m_b="0.956993" m_c="-0.956993" m_d="0.282279" m_tx="-171.516647" m_ty="-10.772530"/>
   <element name="sing_post" layername="sing_post" frame="0" z_index="47" m_a="0.591716" m_b="-0.800795" m_c="0.800795" m_d="0.591716" m_tx="-57.662235" m_ty="-63.616646"/>
  </frame>
  <frame idx="450" w="672" h="192" x="-309.888733" y="-47.277813">
   <element name="sign_arrow" layername="sign_arrow" frame="1" z_index="45" m_a="0.946249" m_b="-0.318208" m_c="0.318208" m_d="0.946249" m_tx="4.500000" m_ty="-5.361121"/>
   <element name="sing_post" layername="sing_post" frame="1" z_index="46" m_a="0.263616" m_b="0.962479" m_c="-0.962479" m_d="0.263616" m_tx="-171.891434" m_ty="-13.444455"/>
   <element name="sing_post" layername="sing_post" frame="0" z_index="47" m_a="0.628691" m_b="-0.772530" m_c="0.772530" m_d="0.628691" m_tx="-55.027790" m_ty="-70.362640"/>
  </frame>
  <frame idx="475" w="675" h="195" x="-312.252258" y="-48.605015">
   <element name="sign_arrow" layername="sign_arrow" frame="1" z_index="45" m_a="0.947996" m_b="-0.313793" m_c="0.313793" m_d="0.947996" m_tx="4.257576" m_ty="-6.176273"/>
   <element name="sing_post" layername="sing_post" frame="1" z_index="46" m_a="0.247841" m_b="0.966923" m_c="-0.966923" m_d="0.247841" m_tx="-172.015671" m_ty="-15.044455"/>
   <element name="sing_post" layername="sing_post" frame="0" z_index="47" m_a="0.644700" m_b="-0.759828" m_c="0.759828" m_d="0.644700" m_tx="-54.035366" m_ty="-72.805061"/>
  </frame>
  <frame idx="500" w="675" h="185" x="-312.825897" y="-43.776337">
   <element name="sign_arrow" layername="sign_arrow" frame="1" z_index="45" m_a="0.943115" m_b="-0.326034" m_c="0.326034" m_d="0.943115" m_tx="3.500000" m_ty="-4.699000"/>
   <element name="sing_post" layername="sing_post" frame="1" z_index="46" m_a="0.238021" m_b="0.968827" m_c="-0.968827" m_d="0.238021" m_tx="-171.598999" m_ty="-14.249000"/>
   <element name="sing_post" layername="sing_post" frame="0" z_index="47" m_a="0.614563" m_b="-0.783050" m_c="0.783050" m_d="0.614563" m_tx="-56.648998" m_ty="-65.948997"/>
  </frame>
 </anim>
 <anim name="broken" root="aip_orbit" numframes="50" framerate="40">
  <frame idx="0" w="676" h="173" x="-313.386475" y="-39.025970">
   <element name="sign_arrow" layername="sign_arrow" frame="1" z_index="45" m_a="0.936737" m_b="-0.346954" m_c="0.346954" m_d="0.936737" m_tx="2.500000" m_ty="-2.649000"/>
   <element name="sing_post" layername="sing_post" frame="1" z_index="46" m_a="0.229298" m_b="0.971740" m_c="-0.971740" m_d="0.229298" m_tx="-171.149002" m_ty="-13.199000"/>
   <element name="sing_post" layername="sing_post" frame="0" z_index="47" m_a="0.577987" m_b="-0.812577" m_c="0.812577" m_d="0.577987" m_tx="-60.199001" m_ty="-56.999001"/>
  </frame>
  <frame idx="25" w="676" h="173" x="-313.386475" y="-39.025970">
   <element name="sign_arrow" layername="sign_arrow" frame="1" z_index="45" m_a="0.936737" m_b="-0.346954" m_c="0.346954" m_d="0.936737" m_tx="2.500000" m_ty="-2.649000"/>
   <element name="sing_post" layername="sing_post" frame="1" z_index="46" m_a="0.229298" m_b="0.971740" m_c="-0.971740" m_d="0.229298" m_tx="-171.149002" m_ty="-13.199000"/>
   <element name="sing_post" layername="sing_post" frame="0" z_index="47" m_a="0.577987" m_b="-0.812577" m_c="0.812577" m_d="0.577987" m_tx="-60.199001" m_ty="-56.999001"/>
  </frame>
 </anim>
 <anim name="burnt" root="aip_orbit" numframes="50" framerate="40">
  <frame idx="0" w="236" h="611" x="-23.298498" y="-222.548584">
   <element name="burnt" layername="burnt" frame="0" z_index="47" m_a="1.000000" m_b="0.000000" m_c="0.000000" m_d="1.000000" m_tx="-21.149000" m_ty="-199.399002"/>
  </frame>
  <frame idx="25" w="236" h="611" x="-23.298498" y="-222.548584">
   <element name="burnt" layername="burnt" frame="0" z_index="47" m_a="1.000000" m_b="0.000000" m_c="0.000000" m_d="1.000000" m_tx="-21.149000" m_ty="-199.399002"/>
  </frame>
 </anim>
 <anim name="hit_down" root="aip_orbit" numframes="325" framerate="40">
  <frame idx="0" w="113" h="599" x="-36.988174" y="-333.134003">
   <element name="grass" layername="grass" frame="0" z_index="44" m_a="0.999024" m_b="-0.044167" m_c="0.044340" m_d="1.002940" m_tx="-9.199000" m_ty="-20.399000"/>
   <element name="sign_arrow" layername="sign_arrow" frame="4" z_index="45" m_a="0.997208" m_b="-0.071304" m_c="0.071304" m_d="0.997208" m_tx="-36.148998" m_ty="-292.799011"/>
   <element name="sing_post" layername="sing_post" frame="1" z_index="46" m_a="0.997208" m_b="-0.071304" m_c="0.071304" m_d="0.997208" m_tx="-40.549000" m_ty="-185.098999"/>
   <element name="sing_post" layername="sing_post" frame="2" z_index="47" m_a="0.997208" m_b="-0.071304" m_c="0.071304" m_d="0.997208" m_tx="-40.549000" m_ty="-185.098999"/>
  </frame>
  <frame idx="25" w="95" h="627" x="-21.848124" y="-336.093353">
   <element name="grass" layername="grass" frame="0" z_index="44" m_a="0.999803" m_b="-0.019826" m_c="0.019881" m_d="1.002568" m_tx="-8.243118" m_ty="-20.399000"/>
   <element name="sign_arrow" layername="sign_arrow" frame="4" z_index="45" m_a="1.045427" m_b="0.004087" m_c="-0.003907" m_d="0.999473" m_tx="-15.229882" m_ty="-292.504883"/>
   <element name="sing_post" layername="sing_post" frame="1" z_index="46" m_a="0.999521" m_b="-0.022592" m_c="0.022592" m_d="0.999521" m_tx="-31.725471" m_ty="-186.312225"/>
   <element name="sing_post" layername="sing_post" frame="2" z_index="47" m_a="0.999521" m_b="-0.022592" m_c="0.022592" m_d="0.999521" m_tx="-31.725471" m_ty="-186.312225"/>
  </frame>
  <frame idx="50" w="87" h="653" x="-14.768082" y="-338.341949">
   <element name="grass" layername="grass" frame="0" z_index="44" m_a="0.999990" m_b="0.004575" m_c="-0.004583" m_d="1.001637" m_tx="-7.268697" m_ty="-20.399000"/>
   <element name="sign_arrow" layername="sign_arrow" frame="4" z_index="45" m_a="1.088409" m_b="0.089486" m_c="-0.081882" m_d="0.995920" m_tx="6.142940" m_ty="-292.253540"/>
   <element name="sing_post" layername="sing_post" frame="1" z_index="46" m_a="0.999472" m_b="0.025187" m_c="-0.025187" m_d="0.999472" m_tx="-22.755060" m_ty="-187.524750"/>
   <element name="sing_post" layername="sing_post" frame="2" z_index="47" m_a="0.999472" m_b="0.025187" m_c="-0.025187" m_d="0.999472" m_tx="-22.755060" m_ty="-187.524750"/>
  </frame>
  <frame idx="75" w="87" h="663" x="-14.316338" y="-339.438232">
   <element name="grass" layername="grass" frame="0" z_index="44" m_a="0.999904" m_b="0.013873" m_c="-0.013889" m_d="1.001087" m_tx="-6.817182" m_ty="-20.399000"/>
   <element name="sign_arrow" layername="sign_arrow" frame="4" z_index="45" m_a="1.107379" m_b="0.120787" m_c="-0.108340" m_d="0.993266" m_tx="13.916909" m_ty="-292.280823"/>
   <element name="sing_post" layername="sing_post" frame="1" z_index="46" m_a="0.998606" m_b="0.048817" m_c="-0.048817" m_d="0.998606" m_tx="-18.114153" m_ty="-188.179306"/>
   <element name="sing_post" layername="sing_post" frame="2" z_index="47" m_a="0.998606" m_b="0.048817" m_c="-0.048817" m_d="0.998606" m_tx="-18.114153" m_ty="-188.179306"/>
  </frame>
  <frame idx="100" w="88" h="636" x="-14.998717" y="-337.031097">
   <element name="grass" layername="grass" frame="0" z_index="44" m_a="0.999960" m_b="-0.008984" m_c="0.009003" m_d="1.002030" m_tx="-7.499000" m_ty="-20.399000"/>
   <element name="sign_arrow" layername="sign_arrow" frame="4" z_index="45" m_a="1.081728" m_b="0.024245" m_c="-0.022388" m_d="0.998855" m_tx="-7.749000" m_ty="-292.848999"/>
   <element name="sing_post" layername="sing_post" frame="1" z_index="46" m_a="0.999558" m_b="0.022369" m_c="-0.022369" m_d="0.999558" m_tx="-22.849001" m_ty="-187.649002"/>
   <element name="sing_post" layername="sing_post" frame="2" z_index="47" m_a="0.999558" m_b="0.022369" m_c="-0.022369" m_d="0.999558" m_tx="-22.849001" m_ty="-187.649002"/>
  </frame>
  <frame idx="125" w="105" h="609" x="-29.607302" y="-335.129547">
   <element name="grass" layername="grass" frame="0" z_index="44" m_a="0.999478" m_b="-0.032297" m_c="0.032393" m_d="1.002466" m_tx="-8.124000" m_ty="-20.399000"/>
   <element name="sign_arrow" layername="sign_arrow" frame="4" z_index="45" m_a="1.049296" m_b="-0.061730" m_c="0.058680" m_d="0.997448" m_tx="-28.815174" m_ty="-293.400482"/>
   <element name="sing_post" layername="sing_post" frame="1" z_index="46" m_a="0.999924" m_b="-0.000910" m_c="0.000910" m_d="0.999924" m_tx="-27.481354" m_ty="-187.244583"/>
   <element name="sing_post" layername="sing_post" frame="2" z_index="47" m_a="0.999924" m_b="-0.000910" m_c="0.000910" m_d="0.999924" m_tx="-27.481354" m_ty="-187.244583"/>
  </frame>
  <frame idx="150" w="110" h="604" x="-33.651398" y="-334.658417">
   <element name="grass" layername="grass" frame="0" z_index="44" m_a="0.999460" m_b="-0.032844" m_c="0.032932" m_d="1.002125" m_tx="-8.203546" m_ty="-20.399000"/>
   <element name="sign_arrow" layername="sign_arrow" frame="4" z_index="45" m_a="1.030309" m_b="-0.073482" m_c="0.071087" m_d="0.996723" m_tx="-32.956573" m_ty="-293.744446"/>
   <element name="sing_post" layername="sing_post" frame="1" z_index="46" m_a="0.999941" m_b="-0.007103" m_c="0.007103" m_d="0.999941" m_tx="-28.858091" m_ty="-187.147491"/>
   <element name="sing_post" layername="sing_post" frame="2" z_index="47" m_a="0.999941" m_b="-0.007103" m_c="0.007103" m_d="0.999941" m_tx="-28.858091" m_ty="-187.147491"/>
  </frame>
  <frame idx="175" w="104" h="611" x="-29.475939" y="-335.158356">
   <element name="grass" layername="grass" frame="0" z_index="44" m_a="0.999762" m_b="-0.021837" m_c="0.021876" m_d="1.001523" m_tx="-7.988394" m_ty="-20.399000"/>
   <element name="sign_arrow" layername="sign_arrow" frame="4" z_index="45" m_a="1.021548" m_b="-0.048978" m_c="0.047860" m_d="0.998240" m_tx="-27.953545" m_ty="-293.959595"/>
   <element name="sing_post" layername="sing_post" frame="1" z_index="46" m_a="0.999963" m_b="-0.003825" m_c="0.003825" m_d="0.999963" m_tx="-28.439909" m_ty="-187.211121"/>
   <element name="sing_post" layername="sing_post" frame="2" z_index="47" m_a="0.999963" m_b="-0.003825" m_c="0.003825" m_d="0.999963" m_tx="-28.439909" m_ty="-187.211121"/>
  </frame>
  <frame idx="200" w="100" h="616" x="-25.750877" y="-335.638672">
   <element name="grass" layername="grass" frame="0" z_index="44" m_a="0.999909" m_b="-0.013483" m_c="0.013498" m_d="1.001019" m_tx="-7.799000" m_ty="-20.399000"/>
   <element name="sign_arrow" layername="sign_arrow" frame="4" z_index="45" m_a="1.013807" m_b="-0.031286" m_c="0.030833" m_d="0.999130" m_tx="-23.749001" m_ty="-294.148987"/>
   <element name="sing_post" layername="sing_post" frame="1" z_index="46" m_a="0.999985" m_b="-0.000855" m_c="0.000855" m_d="0.999985" m_tx="-28.099001" m_ty="-187.248993"/>
   <element name="sing_post" layername="sing_post" frame="2" z_index="47" m_a="0.999985" m_b="-0.000855" m_c="0.000855" m_d="0.999985" m_tx="-28.099001" m_ty="-187.248993"/>
  </frame>
  <frame idx="225" w="96" h="620" x="-23.120094" y="-336.130859">
   <element name="grass" layername="grass" frame="0" z_index="44" m_a="0.999974" m_b="-0.007169" m_c="0.007173" m_d="1.000628" m_tx="-7.688706" m_ty="-20.399000"/>
   <element name="sign_arrow" layername="sign_arrow" frame="4" z_index="45" m_a="1.008266" m_b="-0.018155" m_c="0.017999" m_d="0.999609" m_tx="-20.881353" m_ty="-294.332825"/>
   <element name="sing_post" layername="sing_post" frame="1" z_index="46" m_a="0.999974" m_b="-0.000518" m_c="0.000518" m_d="0.999974" m_tx="-27.878412" m_ty="-187.248993"/>
   <element name="sing_post" layername="sing_post" frame="2" z_index="47" m_a="0.999974" m_b="-0.000518" m_c="0.000518" m_d="0.999974" m_tx="-27.878412" m_ty="-187.248993"/>
  </frame>
  <frame idx="250" w="95" h="623" x="-21.534410" y="-336.151031">
   <element name="grass" layername="grass" frame="0" z_index="44" m_a="0.999996" m_b="-0.002718" m_c="0.002719" m_d="1.000307" m_tx="-7.600515" m_ty="-20.399000"/>
   <element name="sign_arrow" layername="sign_arrow" frame="4" z_index="45" m_a="1.003990" m_b="-0.007373" m_c="0.007343" m_d="0.999864" m_tx="-18.685364" m_ty="-294.398987"/>
   <element name="sing_post" layername="sing_post" frame="1" z_index="46" m_a="0.999985" m_b="-0.000264" m_c="0.000264" m_d="0.999985" m_tx="-27.702030" m_ty="-187.273239"/>
   <element name="sing_post" layername="sing_post" frame="2" z_index="47" m_a="0.999985" m_b="-0.000264" m_c="0.000264" m_d="0.999985" m_tx="-27.702030" m_ty="-187.273239"/>
  </frame>
  <frame idx="275" w="93" h="624" x="-20.482872" y="-336.175598">
   <element name="grass" layername="grass" frame="0" z_index="44" m_a="1.000000" m_b="-0.000306" m_c="0.000306" m_d="1.000091" m_tx="-7.536879" m_ty="-20.399000"/>
   <element name="sign_arrow" layername="sign_arrow" frame="4" z_index="45" m_a="1.001189" m_b="-0.000742" m_c="0.000742" m_d="0.999966" m_tx="-17.255060" m_ty="-294.423218"/>
   <element name="sing_post" layername="sing_post" frame="1" z_index="46" m_a="1.000000" m_b="-0.000129" m_c="0.000129" m_d="1.000000" m_tx="-27.574759" m_ty="-187.298996"/>
   <element name="sing_post" layername="sing_post" frame="2" z_index="47" m_a="1.000000" m_b="-0.000129" m_c="0.000129" m_d="1.000000" m_tx="-27.574759" m_ty="-187.298996"/>
  </frame>
  <frame idx="300" w="93" h="626" x="-19.915047" y="-336.676056">
   <element name="grass" layername="grass" frame="0" z_index="44" m_a="1.000000" m_b="0.000000" m_c="0.000000" m_d="1.000000" m_tx="-7.499000" m_ty="-20.399000"/>
   <element name="sign_arrow" layername="sign_arrow" frame="4" z_index="45" m_a="1.000000" m_b="-0.000153" m_c="0.000153" m_d="1.000000" m_tx="-16.649000" m_ty="-294.498993"/>
   <element name="sing_post" layername="sing_post" frame="1" z_index="46" m_a="1.000000" m_b="-0.000153" m_c="0.000153" m_d="1.000000" m_tx="-27.499001" m_ty="-187.298996"/>
   <element name="sing_post" layername="sing_post" frame="2" z_index="47" m_a="1.000000" m_b="-0.000153" m_c="0.000153" m_d="1.000000" m_tx="-27.499001" m_ty="-187.298996"/>
  </frame>
 </anim>
 <anim name="hit_downside" root="aip_orbit" numframes="325" framerate="40">
  <frame idx="0" w="335" h="647" x="-55.437077" y="-337.134003">
   <element name="grass" layername="grass" frame="0" z_index="43" m_a="0.999024" m_b="-0.044167" m_c="0.044340" m_d="1.002940" m_tx="-9.199000" m_ty="-20.399000"/>
   <element name="sign_arrow_writing" layername="sign_arrow_writing" frame="2" z_index="44" m_a="0.997208" m_b="-0.071304" m_c="0.071304" m_d="0.997208" m_tx="-36.148998" m_ty="-292.799011"/>
   <element name="sign_arrow" layername="sign_arrow" frame="2" z_index="45" m_a="0.997208" m_b="-0.071304" m_c="0.071304" m_d="0.997208" m_tx="-36.148998" m_ty="-292.799011"/>
   <element name="sing_post" layername="sing_post" frame="1" z_index="46" m_a="0.997208" m_b="-0.071304" m_c="0.071304" m_d="0.997208" m_tx="-40.549000" m_ty="-185.098999"/>
   <element name="sing_post" layername="sing_post" frame="2" z_index="47" m_a="0.997208" m_b="-0.071304" m_c="0.071304" m_d="0.997208" m_tx="-40.549000" m_ty="-185.098999"/>
  </frame>
  <frame idx="25" w="316" h="677" x="-40.348122" y="-340.093353">
   <element name="grass" layername="grass" frame="0" z_index="43" m_a="0.999803" m_b="-0.019826" m_c="0.019881" m_d="1.002568" m_tx="-8.243118" m_ty="-20.399000"/>
   <element name="sign_arrow_writing" layername="sign_arrow_writing" frame="2" z_index="44" m_a="0.999630" m_b="-0.002134" m_c="0.002134" m_d="0.999630" m_tx="-23.024000" m_ty="-293.534302"/>
   <element name="sign_arrow" layername="sign_arrow" frame="2" z_index="45" m_a="0.999630" m_b="-0.002134" m_c="0.002134" m_d="0.999630" m_tx="-23.024000" m_ty="-293.534302"/>
   <element name="sing_post" layername="sing_post" frame="1" z_index="46" m_a="0.999521" m_b="-0.022592" m_c="0.022592" m_d="0.999521" m_tx="-31.725471" m_ty="-186.312225"/>
   <element name="sing_post" layername="sing_post" frame="2" z_index="47" m_a="0.999521" m_b="-0.022592" m_c="0.022592" m_d="0.999521" m_tx="-31.725471" m_ty="-186.312225"/>
  </frame>
  <frame idx="50" w="302" h="706" x="-32.768082" y="-342.841949">
   <element name="grass" layername="grass" frame="0" z_index="43" m_a="0.999990" m_b="0.004575" m_c="-0.004583" m_d="1.001637" m_tx="-7.268697" m_ty="-20.399000"/>
   <element name="sign_arrow_writing" layername="sign_arrow_writing" frame="2" z_index="44" m_a="0.997038" m_b="0.071208" m_c="-0.071208" m_d="0.997038" m_tx="-9.668696" m_ty="-294.332336"/>
   <element name="sign_arrow" layername="sign_arrow" frame="2" z_index="45" m_a="0.997038" m_b="0.071208" m_c="-0.071208" m_d="0.997038" m_tx="-9.668696" m_ty="-294.332336"/>
   <element name="sing_post" layername="sing_post" frame="1" z_index="46" m_a="0.999472" m_b="0.025187" m_c="-0.025187" m_d="0.999472" m_tx="-22.755060" m_ty="-187.524750"/>
   <element name="sing_post" layername="sing_post" frame="2" z_index="47" m_a="0.999472" m_b="0.025187" m_c="-0.025187" m_d="0.999472" m_tx="-22.755060" m_ty="-187.524750"/>
  </frame>
  <frame idx="75" w="302" h="718" x="-32.316338" y="-343.938232">
   <element name="grass" layername="grass" frame="0" z_index="43" m_a="0.999904" m_b="0.013873" m_c="-0.013889" m_d="1.001087" m_tx="-6.817182" m_ty="-20.399000"/>
   <element name="sign_arrow_writing" layername="sign_arrow_writing" frame="2" z_index="44" m_a="0.994779" m_b="0.097355" m_c="-0.097355" m_d="0.994779" m_tx="-2.741424" m_ty="-294.826263"/>
   <element name="sign_arrow" layername="sign_arrow" frame="2" z_index="45" m_a="0.994779" m_b="0.097355" m_c="-0.097355" m_d="0.994779" m_tx="-2.741424" m_ty="-294.826263"/>
   <element name="sing_post" layername="sing_post" frame="1" z_index="46" m_a="0.998606" m_b="0.048817" m_c="-0.048817" m_d="0.998606" m_tx="-18.114153" m_ty="-188.179306"/>
   <element name="sing_post" layername="sing_post" frame="2" z_index="47" m_a="0.998606" m_b="0.048817" m_c="-0.048817" m_d="0.998606" m_tx="-18.114153" m_ty="-188.179306"/>
  </frame>
  <frame idx="100" w="318" h="696" x="-33.998718" y="-342.031097">
   <element name="grass" layername="grass" frame="0" z_index="43" m_a="0.999960" m_b="-0.008984" m_c="0.009003" m_d="1.002030" m_tx="-7.499000" m_ty="-20.399000"/>
   <element name="sign_arrow_writing" layername="sign_arrow_writing" frame="2" z_index="44" m_a="0.999252" m_b="0.018541" m_c="-0.018541" m_d="0.999252" m_tx="-9.749000" m_ty="-294.598999"/>
   <element name="sign_arrow" layername="sign_arrow" frame="2" z_index="45" m_a="0.999252" m_b="0.018541" m_c="-0.018541" m_d="0.999252" m_tx="-9.749000" m_ty="-294.598999"/>
   <element name="sing_post" layername="sing_post" frame="1" z_index="46" m_a="0.999558" m_b="0.022369" m_c="-0.022369" m_d="0.999558" m_tx="-22.849001" m_ty="-187.649002"/>
   <element name="sing_post" layername="sing_post" frame="2" z_index="47" m_a="0.999558" m_b="0.022369" m_c="-0.022369" m_d="0.999558" m_tx="-22.849001" m_ty="-187.649002"/>
  </frame>
  <frame idx="125" w="332" h="675" x="-36.254280" y="-340.629547">
   <element name="grass" layername="grass" frame="0" z_index="43" m_a="0.999478" m_b="-0.032297" m_c="0.032393" m_d="1.002466" m_tx="-8.124000" m_ty="-20.399000"/>
   <element name="sign_arrow_writing" layername="sign_arrow_writing" frame="2" z_index="44" m_a="0.998016" m_b="-0.053302" m_c="0.053302" m_d="0.998016" m_tx="-16.624001" m_ty="-294.451935"/>
   <element name="sign_arrow" layername="sign_arrow" frame="2" z_index="45" m_a="0.998016" m_b="-0.053302" m_c="0.053302" m_d="0.998016" m_tx="-16.624001" m_ty="-294.451935"/>
   <element name="sing_post" layername="sing_post" frame="1" z_index="46" m_a="0.999924" m_b="-0.000910" m_c="0.000910" m_d="0.999924" m_tx="-27.481354" m_ty="-187.244583"/>
   <element name="sing_post" layername="sing_post" frame="2" z_index="47" m_a="0.999924" m_b="-0.000910" m_c="0.000910" m_d="0.999924" m_tx="-27.481354" m_ty="-187.244583"/>
  </frame>
  <frame idx="150" w="333" h="671" x="-37.471825" y="-340.158417">
   <element name="grass" layername="grass" frame="0" z_index="43" m_a="0.999460" m_b="-0.032844" m_c="0.032932" m_d="1.002125" m_tx="-8.203546" m_ty="-20.399000"/>
   <element name="sign_arrow_writing" layername="sign_arrow_writing" frame="2" z_index="44" m_a="0.997371" m_b="-0.064365" m_c="0.064365" m_d="0.997371" m_tx="-18.662636" m_ty="-294.423248"/>
   <element name="sign_arrow" layername="sign_arrow" frame="2" z_index="45" m_a="0.997371" m_b="-0.064365" m_c="0.064365" m_d="0.997371" m_tx="-18.662636" m_ty="-294.423248"/>
   <element name="sing_post" layername="sing_post" frame="1" z_index="46" m_a="0.999941" m_b="-0.007103" m_c="0.007103" m_d="0.999941" m_tx="-28.858091" m_ty="-187.147491"/>
   <element name="sing_post" layername="sing_post" frame="2" z_index="47" m_a="0.999941" m_b="-0.007103" m_c="0.007103" m_d="0.999941" m_tx="-28.858091" m_ty="-187.147491"/>
  </frame>
  <frame idx="175" w="328" h="676" x="-36.462276" y="-340.658356">
   <element name="grass" layername="grass" frame="0" z_index="43" m_a="0.999762" m_b="-0.021837" m_c="0.021876" m_d="1.001523" m_tx="-7.988394" m_ty="-20.399000"/>
   <element name="sign_arrow_writing" layername="sign_arrow_writing" frame="2" z_index="44" m_a="0.998564" m_b="-0.043374" m_c="0.043374" m_d="0.998564" m_tx="-18.041424" m_ty="-294.449005"/>
   <element name="sign_arrow" layername="sign_arrow" frame="2" z_index="45" m_a="0.998564" m_b="-0.043374" m_c="0.043374" m_d="0.998564" m_tx="-18.041424" m_ty="-294.449005"/>
   <element name="sing_post" layername="sing_post" frame="1" z_index="46" m_a="0.999963" m_b="-0.003825" m_c="0.003825" m_d="0.999963" m_tx="-28.439909" m_ty="-187.211121"/>
   <element name="sing_post" layername="sing_post" frame="2" z_index="47" m_a="0.999963" m_b="-0.003825" m_c="0.003825" m_d="0.999963" m_tx="-28.439909" m_ty="-187.211121"/>
  </frame>
  <frame idx="200" w="323" h="680" x="-35.875565" y="-341.138672">
   <element name="grass" layername="grass" frame="0" z_index="43" m_a="0.999909" m_b="-0.013483" m_c="0.013498" m_d="1.001019" m_tx="-7.799000" m_ty="-20.399000"/>
   <element name="sign_arrow_writing" layername="sign_arrow_writing" frame="2" z_index="44" m_a="0.999329" m_b="-0.026794" m_c="0.026794" m_d="0.999329" m_tx="-17.549000" m_ty="-294.449005"/>
   <element name="sign_arrow" layername="sign_arrow" frame="2" z_index="45" m_a="0.999329" m_b="-0.026794" m_c="0.026794" m_d="0.999329" m_tx="-17.549000" m_ty="-294.449005"/>
   <element name="sing_post" layername="sing_post" frame="1" z_index="46" m_a="0.999985" m_b="-0.000855" m_c="0.000855" m_d="0.999985" m_tx="-28.099001" m_ty="-187.248993"/>
   <element name="sing_post" layername="sing_post" frame="2" z_index="47" m_a="0.999985" m_b="-0.000855" m_c="0.000855" m_d="0.999985" m_tx="-28.099001" m_ty="-187.248993"/>
  </frame>
  <frame idx="225" w="321" h="682" x="-35.684029" y="-341.130859">
   <element name="grass" layername="grass" frame="0" z_index="43" m_a="0.999974" m_b="-0.007169" m_c="0.007173" m_d="1.000628" m_tx="-7.688706" m_ty="-20.399000"/>
   <element name="sign_arrow_writing" layername="sign_arrow_writing" frame="2" z_index="44" m_a="0.999705" m_b="-0.014263" m_c="0.014263" m_d="0.999705" m_tx="-17.144588" m_ty="-294.522552"/>
   <element name="sign_arrow" layername="sign_arrow" frame="2" z_index="45" m_a="0.999705" m_b="-0.014263" m_c="0.014263" m_d="0.999705" m_tx="-17.144588" m_ty="-294.522552"/>
   <element name="sing_post" layername="sing_post" frame="1" z_index="46" m_a="0.999974" m_b="-0.000518" m_c="0.000518" m_d="0.999974" m_tx="-27.878412" m_ty="-187.248993"/>
   <element name="sing_post" layername="sing_post" frame="2" z_index="47" m_a="0.999974" m_b="-0.000518" m_c="0.000518" m_d="0.999974" m_tx="-27.878412" m_ty="-187.248993"/>
  </frame>
  <frame idx="250" w="318" h="684" x="-35.029236" y="-341.151031">
   <element name="grass" layername="grass" frame="0" z_index="43" m_a="0.999996" m_b="-0.002718" m_c="0.002719" m_d="1.000307" m_tx="-7.600515" m_ty="-20.399000"/>
   <element name="sign_arrow_writing" layername="sign_arrow_writing" frame="2" z_index="44" m_a="0.999886" m_b="-0.005430" m_c="0.005430" m_d="0.999886" m_tx="-16.877789" m_ty="-294.524750"/>
   <element name="sign_arrow" layername="sign_arrow" frame="2" z_index="45" m_a="0.999886" m_b="-0.005430" m_c="0.005430" m_d="0.999886" m_tx="-16.877789" m_ty="-294.524750"/>
   <element name="sing_post" layername="sing_post" frame="1" z_index="46" m_a="0.999985" m_b="-0.000264" m_c="0.000264" m_d="0.999985" m_tx="-27.702030" m_ty="-187.273239"/>
   <element name="sing_post" layername="sing_post" frame="2" z_index="47" m_a="0.999985" m_b="-0.000264" m_c="0.000264" m_d="0.999985" m_tx="-27.702030" m_ty="-187.273239"/>
  </frame>
  <frame idx="275" w="316" h="686" x="-34.913162" y="-341.675598">
   <element name="grass" layername="grass" frame="0" z_index="43" m_a="1.000000" m_b="-0.000306" m_c="0.000306" m_d="1.000091" m_tx="-7.536879" m_ty="-20.399000"/>
   <element name="sign_arrow_writing" layername="sign_arrow_writing" frame="2" z_index="44" m_a="0.999966" m_b="-0.000673" m_c="0.000673" m_d="0.999966" m_tx="-16.724758" m_ty="-294.498993"/>
   <element name="sign_arrow" layername="sign_arrow" frame="2" z_index="45" m_a="0.999966" m_b="-0.000673" m_c="0.000673" m_d="0.999966" m_tx="-16.724758" m_ty="-294.498993"/>
   <element name="sing_post" layername="sing_post" frame="1" z_index="46" m_a="1.000000" m_b="-0.000129" m_c="0.000129" m_d="1.000000" m_tx="-27.574759" m_ty="-187.298996"/>
   <element name="sing_post" layername="sing_post" frame="2" z_index="47" m_a="1.000000" m_b="-0.000129" m_c="0.000129" m_d="1.000000" m_tx="-27.574759" m_ty="-187.298996"/>
  </frame>
  <frame idx="300" w="316" h="686" x="-34.835423" y="-341.676056">
   <element name="grass" layername="grass" frame="0" z_index="43" m_a="1.000000" m_b="0.000000" m_c="0.000000" m_d="1.000000" m_tx="-7.499000" m_ty="-20.399000"/>
   <element name="sign_arrow_writing" layername="sign_arrow_writing" frame="2" z_index="44" m_a="1.000000" m_b="-0.000153" m_c="0.000153" m_d="1.000000" m_tx="-16.649000" m_ty="-294.498993"/>
   <element name="sign_arrow" layername="sign_arrow" frame="2" z_index="45" m_a="1.000000" m_b="-0.000153" m_c="0.000153" m_d="1.000000" m_tx="-16.649000" m_ty="-294.498993"/>
   <element name="sing_post" layername="sing_post" frame="1" z_index="46" m_a="1.000000" m_b="-0.000153" m_c="0.000153" m_d="1.000000" m_tx="-27.499001" m_ty="-187.298996"/>
   <element name="sing_post" layername="sing_post" frame="2" z_index="47" m_a="1.000000" m_b="-0.000153" m_c="0.000153" m_d="1.000000" m_tx="-27.499001" m_ty="-187.298996"/>
  </frame>
 </anim>
 <anim name="hit_side" root="aip_orbit" numframes="325" framerate="40">
  <frame idx="0" w="451" h="633" x="-65.437073" y="-360.128876">
   <element name="grass" layername="grass" frame="0" z_index="43" m_a="0.999024" m_b="-0.044167" m_c="0.044340" m_d="1.002940" m_tx="-9.199000" m_ty="-20.399000"/>
   <element name="sign_arrow_writing" layername="sign_arrow_writing" frame="0" z_index="44" m_a="0.997208" m_b="-0.071304" m_c="0.071304" m_d="0.997208" m_tx="-36.148998" m_ty="-292.799011"/>
   <element name="sign_arrow" layername="sign_arrow" frame="0" z_index="45" m_a="0.997208" m_b="-0.071304" m_c="0.071304" m_d="0.997208" m_tx="-36.148998" m_ty="-292.799011"/>
   <element name="sing_post" layername="sing_post" frame="1" z_index="46" m_a="0.997208" m_b="-0.071304" m_c="0.071304" m_d="0.997208" m_tx="-40.549000" m_ty="-185.098999"/>
   <element name="sing_post" layername="sing_post" frame="2" z_index="47" m_a="0.997208" m_b="-0.071304" m_c="0.071304" m_d="0.997208" m_tx="-40.549000" m_ty="-185.098999"/>
  </frame>
  <frame idx="25" w="439" h="662" x="-50.848122" y="-356.081512">
   <element name="grass" layername="grass" frame="0" z_index="43" m_a="0.999803" m_b="-0.019826" m_c="0.019881" m_d="1.002568" m_tx="-8.243118" m_ty="-20.399000"/>
   <element name="sign_arrow_writing" layername="sign_arrow_writing" frame="0" z_index="44" m_a="0.999630" m_b="-0.002134" m_c="0.002134" m_d="0.999630" m_tx="-23.024000" m_ty="-293.534302"/>
   <element name="sign_arrow" layername="sign_arrow" frame="0" z_index="45" m_a="0.999630" m_b="-0.002134" m_c="0.002134" m_d="0.999630" m_tx="-23.024000" m_ty="-293.534302"/>
   <element name="sing_post" layername="sing_post" frame="1" z_index="46" m_a="0.999521" m_b="-0.022592" m_c="0.022592" m_d="0.999521" m_tx="-31.725471" m_ty="-186.312225"/>
   <element name="sing_post" layername="sing_post" frame="2" z_index="47" m_a="0.999521" m_b="-0.022592" m_c="0.022592" m_d="0.999521" m_tx="-31.725471" m_ty="-186.312225"/>
  </frame>
  <frame idx="50" w="433" h="690" x="-43.768082" y="-351.122375">
   <element name="grass" layername="grass" frame="0" z_index="43" m_a="0.999990" m_b="0.004575" m_c="-0.004583" m_d="1.001637" m_tx="-7.268697" m_ty="-20.399000"/>
   <element name="sign_arrow_writing" layername="sign_arrow_writing" frame="0" z_index="44" m_a="0.997038" m_b="0.071208" m_c="-0.071208" m_d="0.997038" m_tx="-9.668696" m_ty="-294.332336"/>
   <element name="sign_arrow" layername="sign_arrow" frame="0" z_index="45" m_a="0.997038" m_b="0.071208" m_c="-0.071208" m_d="0.997038" m_tx="-9.668696" m_ty="-294.332336"/>
   <element name="sing_post" layername="sing_post" frame="1" z_index="46" m_a="0.999472" m_b="0.025187" m_c="-0.025187" m_d="0.999472" m_tx="-22.755060" m_ty="-187.524750"/>
   <element name="sing_post" layername="sing_post" frame="2" z_index="47" m_a="0.999472" m_b="0.025187" m_c="-0.025187" m_d="0.999472" m_tx="-22.755060" m_ty="-187.524750"/>
  </frame>
  <frame idx="75" w="435" h="704" x="-43.316338" y="-350.341797">
   <element name="grass" layername="grass" frame="0" z_index="43" m_a="0.999904" m_b="0.013873" m_c="-0.013889" m_d="1.001087" m_tx="-6.817182" m_ty="-20.399000"/>
   <element name="sign_arrow_writing" layername="sign_arrow_writing" frame="0" z_index="44" m_a="0.994779" m_b="0.097355" m_c="-0.097355" m_d="0.994779" m_tx="-2.741424" m_ty="-294.826263"/>
   <element name="sign_arrow" layername="sign_arrow" frame="0" z_index="45" m_a="0.994779" m_b="0.097355" m_c="-0.097355" m_d="0.994779" m_tx="-2.741424" m_ty="-294.826263"/>
   <element name="sing_post" layername="sing_post" frame="1" z_index="46" m_a="0.998606" m_b="0.048817" m_c="-0.048817" m_d="0.998606" m_tx="-18.114153" m_ty="-188.179306"/>
   <element name="sing_post" layername="sing_post" frame="2" z_index="47" m_a="0.998606" m_b="0.048817" m_c="-0.048817" m_d="0.998606" m_tx="-18.114153" m_ty="-188.179306"/>
  </frame>
  <frame idx="100" w="443" h="682" x="-44.498718" y="-356.461884">
   <element name="grass" layername="grass" frame="0" z_index="43" m_a="0.999960" m_b="-0.008984" m_c="0.009003" m_d="1.002030" m_tx="-7.499000" m_ty="-20.399000"/>
   <element name="sign_arrow_writing" layername="sign_arrow_writing" frame="0" z_index="44" m_a="0.999252" m_b="0.018541" m_c="-0.018541" m_d="0.999252" m_tx="-9.749000" m_ty="-294.598999"/>
   <element name="sign_arrow" layername="sign_arrow" frame="0" z_index="45" m_a="0.999252" m_b="0.018541" m_c="-0.018541" m_d="0.999252" m_tx="-9.749000" m_ty="-294.598999"/>
   <element name="sing_post" layername="sing_post" frame="1" z_index="46" m_a="0.999558" m_b="0.022369" m_c="-0.022369" m_d="0.999558" m_tx="-22.849001" m_ty="-187.649002"/>
   <element name="sing_post" layername="sing_post" frame="2" z_index="47" m_a="0.999558" m_b="0.022369" m_c="-0.022369" m_d="0.999558" m_tx="-22.849001" m_ty="-187.649002"/>
  </frame>
  <frame idx="125" w="448" h="662" x="-45.754280" y="-362.387573">
   <element name="grass" layername="grass" frame="0" z_index="43" m_a="0.999478" m_b="-0.032297" m_c="0.032393" m_d="1.002466" m_tx="-8.124000" m_ty="-20.399000"/>
   <element name="sign_arrow_writing" layername="sign_arrow_writing" frame="0" z_index="44" m_a="0.998016" m_b="-0.053302" m_c="0.053302" m_d="0.998016" m_tx="-16.624001" m_ty="-294.451935"/>
   <element name="sign_arrow" layername="sign_arrow" frame="0" z_index="45" m_a="0.998016" m_b="-0.053302" m_c="0.053302" m_d="0.998016" m_tx="-16.624001" m_ty="-294.451935"/>
   <element name="sing_post" layername="sing_post" frame="1" z_index="46" m_a="0.999924" m_b="-0.000910" m_c="0.000910" m_d="0.999924" m_tx="-27.481354" m_ty="-187.244583"/>
   <element name="sing_post" layername="sing_post" frame="2" z_index="47" m_a="0.999924" m_b="-0.000910" m_c="0.000910" m_d="0.999924" m_tx="-27.481354" m_ty="-187.244583"/>
  </frame>
  <frame idx="150" w="448" h="657" x="-46.971825" y="-363.021149">
   <element name="grass" layername="grass" frame="0" z_index="43" m_a="0.999460" m_b="-0.032844" m_c="0.032932" m_d="1.002125" m_tx="-8.203546" m_ty="-20.399000"/>
   <element name="sign_arrow_writing" layername="sign_arrow_writing" frame="0" z_index="44" m_a="0.997371" m_b="-0.064357" m_c="0.064357" m_d="0.997371" m_tx="-18.638395" m_ty="-294.423248"/>
   <element name="sign_arrow" layername="sign_arrow" frame="0" z_index="45" m_a="0.997371" m_b="-0.064365" m_c="0.064365" m_d="0.997371" m_tx="-18.662636" m_ty="-294.423248"/>
   <element name="sing_post" layername="sing_post" frame="1" z_index="46" m_a="0.999941" m_b="-0.007103" m_c="0.007103" m_d="0.999941" m_tx="-28.858091" m_ty="-187.147491"/>
   <element name="sing_post" layername="sing_post" frame="2" z_index="47" m_a="0.999941" m_b="-0.007103" m_c="0.007103" m_d="0.999941" m_tx="-28.858091" m_ty="-187.147491"/>
  </frame>
  <frame idx="175" w="446" h="662" x="-46.462276" y="-361.338745">
   <element name="grass" layername="grass" frame="0" z_index="43" m_a="0.999762" m_b="-0.021837" m_c="0.021876" m_d="1.001523" m_tx="-7.988394" m_ty="-20.399000"/>
   <element name="sign_arrow_writing" layername="sign_arrow_writing" frame="0" z_index="44" m_a="0.998564" m_b="-0.043355" m_c="0.043355" m_d="0.998564" m_tx="-17.979303" m_ty="-294.449005"/>
   <element name="sign_arrow" layername="sign_arrow" frame="0" z_index="45" m_a="0.998564" m_b="-0.043374" m_c="0.043374" m_d="0.998564" m_tx="-18.041424" m_ty="-294.449005"/>
   <element name="sing_post" layername="sing_post" frame="1" z_index="46" m_a="0.999963" m_b="-0.003825" m_c="0.003825" m_d="0.999963" m_tx="-28.439909" m_ty="-187.211121"/>
   <element name="sing_post" layername="sing_post" frame="2" z_index="47" m_a="0.999963" m_b="-0.003825" m_c="0.003825" m_d="0.999963" m_tx="-28.439909" m_ty="-187.211121"/>
  </frame>
  <frame idx="200" w="443" h="665" x="-45.875565" y="-359.593201">
   <element name="grass" layername="grass" frame="0" z_index="43" m_a="0.999909" m_b="-0.013483" m_c="0.013498" m_d="1.001019" m_tx="-7.799000" m_ty="-20.399000"/>
   <element name="sign_arrow_writing" layername="sign_arrow_writing" frame="0" z_index="44" m_a="0.999329" m_b="-0.026764" m_c="0.026764" m_d="0.999329" m_tx="-17.448999" m_ty="-294.449005"/>
   <element name="sign_arrow" layername="sign_arrow" frame="0" z_index="45" m_a="0.999329" m_b="-0.026794" m_c="0.026794" m_d="0.999329" m_tx="-17.549000" m_ty="-294.449005"/>
   <element name="sing_post" layername="sing_post" frame="1" z_index="46" m_a="0.999985" m_b="-0.000855" m_c="0.000855" m_d="0.999985" m_tx="-28.099001" m_ty="-187.248993"/>
   <element name="sing_post" layername="sing_post" frame="2" z_index="47" m_a="0.999985" m_b="-0.000855" m_c="0.000855" m_d="0.999985" m_tx="-28.099001" m_ty="-187.248993"/>
  </frame>
  <frame idx="225" w="442" h="668" x="-45.684029" y="-358.846863">
   <element name="grass" layername="grass" frame="0" z_index="43" m_a="0.999974" m_b="-0.007169" m_c="0.007173" m_d="1.000628" m_tx="-7.688706" m_ty="-20.399000"/>
   <element name="sign_arrow_writing" layername="sign_arrow_writing" frame="0" z_index="44" m_a="0.999694" m_b="-0.014232" m_c="0.014232" m_d="0.999694" m_tx="-17.044588" m_ty="-294.522552"/>
   <element name="sign_arrow" layername="sign_arrow" frame="0" z_index="45" m_a="0.999705" m_b="-0.014263" m_c="0.014263" m_d="0.999705" m_tx="-17.144588" m_ty="-294.522552"/>
   <element name="sing_post" layername="sing_post" frame="1" z_index="46" m_a="0.999974" m_b="-0.000518" m_c="0.000518" m_d="0.999974" m_tx="-27.878412" m_ty="-187.248993"/>
   <element name="sing_post" layername="sing_post" frame="2" z_index="47" m_a="0.999974" m_b="-0.000518" m_c="0.000518" m_d="0.999974" m_tx="-27.878412" m_ty="-187.248993"/>
  </frame>
  <frame idx="250" w="441" h="670" x="-45.529236" y="-357.918274">
   <element name="grass" layername="grass" frame="0" z_index="43" m_a="0.999996" m_b="-0.002718" m_c="0.002719" m_d="1.000307" m_tx="-7.600515" m_ty="-20.399000"/>
   <element name="sign_arrow_writing" layername="sign_arrow_writing" frame="0" z_index="44" m_a="0.999885" m_b="-0.005400" m_c="0.005400" m_d="0.999885" m_tx="-16.729303" m_ty="-294.524750"/>
   <element name="sign_arrow" layername="sign_arrow" frame="0" z_index="45" m_a="0.999886" m_b="-0.005430" m_c="0.005430" m_d="0.999886" m_tx="-16.877789" m_ty="-294.524750"/>
   <element name="sing_post" layername="sing_post" frame="1" z_index="46" m_a="0.999985" m_b="-0.000264" m_c="0.000264" m_d="0.999985" m_tx="-27.702030" m_ty="-187.273239"/>
   <element name="sing_post" layername="sing_post" frame="2" z_index="47" m_a="0.999985" m_b="-0.000264" m_c="0.000264" m_d="0.999985" m_tx="-27.702030" m_ty="-187.273239"/>
  </frame>
  <frame idx="275" w="440" h="671" x="-45.413162" y="-357.388000">
   <element name="grass" layername="grass" frame="0" z_index="43" m_a="1.000000" m_b="-0.000306" m_c="0.000306" m_d="1.000091" m_tx="-7.536879" m_ty="-20.399000"/>
   <element name="sign_arrow_writing" layername="sign_arrow_writing" frame="0" z_index="44" m_a="0.999977" m_b="-0.000613" m_c="0.000613" m_d="0.999977" m_tx="-16.536879" m_ty="-294.498993"/>
   <element name="sign_arrow" layername="sign_arrow" frame="0" z_index="45" m_a="0.999966" m_b="-0.000673" m_c="0.000673" m_d="0.999966" m_tx="-16.724758" m_ty="-294.498993"/>
   <element name="sing_post" layername="sing_post" frame="1" z_index="46" m_a="1.000000" m_b="-0.000129" m_c="0.000129" m_d="1.000000" m_tx="-27.574759" m_ty="-187.298996"/>
   <element name="sing_post" layername="sing_post" frame="2" z_index="47" m_a="1.000000" m_b="-0.000129" m_c="0.000129" m_d="1.000000" m_tx="-27.574759" m_ty="-187.298996"/>
  </frame>
  <frame idx="300" w="440" h="671" x="-45.335423" y="-357.323517">
   <element name="grass" layername="grass" frame="0" z_index="43" m_a="1.000000" m_b="0.000000" m_c="0.000000" m_d="1.000000" m_tx="-7.499000" m_ty="-20.399000"/>
   <element name="sign_arrow_writing" layername="sign_arrow_writing" frame="0" z_index="44" m_a="1.000000" m_b="0.000000" m_c="0.000000" m_d="1.000000" m_tx="-16.499001" m_ty="-294.498993"/>
   <element name="sign_arrow" layername="sign_arrow" frame="0" z_index="45" m_a="1.000000" m_b="-0.000153" m_c="0.000153" m_d="1.000000" m_tx="-16.649000" m_ty="-294.498993"/>
   <element name="sing_post" layername="sing_post" frame="1" z_index="46" m_a="1.000000" m_b="-0.000153" m_c="0.000153" m_d="1.000000" m_tx="-27.499001" m_ty="-187.298996"/>
   <element name="sing_post" layername="sing_post" frame="2" z_index="47" m_a="1.000000" m_b="-0.000153" m_c="0.000153" m_d="1.000000" m_tx="-27.499001" m_ty="-187.298996"/>
  </frame>
 </anim>
 <anim name="hit_up" root="aip_orbit" numframes="325" framerate="40">
  <frame idx="0" w="124" h="732" x="-47.623806" y="-466.262329">
   <element name="grass" layername="grass" frame="0" z_index="44" m_a="0.999024" m_b="-0.044167" m_c="0.044340" m_d="1.002940" m_tx="-9.199000" m_ty="-20.399000"/>
   <element name="sing_post" layername="sing_post" frame="1" z_index="45" m_a="0.997208" m_b="-0.071304" m_c="0.071304" m_d="0.997208" m_tx="-40.549000" m_ty="-185.098999"/>
   <element name="sign_arrow" layername="sign_arrow" frame="5" z_index="46" m_a="0.997208" m_b="-0.071304" m_c="0.071304" m_d="0.997208" m_tx="-36.148998" m_ty="-292.799011"/>
   <element name="sing_post" layername="sing_post" frame="2" z_index="47" m_a="0.997208" m_b="-0.071304" m_c="0.071304" m_d="0.997208" m_tx="-40.549000" m_ty="-185.098999"/>
  </frame>
  <frame idx="25" w="99" h="742" x="-24.715723" y="-467.781830">
   <element name="grass" layername="grass" frame="0" z_index="44" m_a="0.999803" m_b="-0.019826" m_c="0.019881" m_d="1.002568" m_tx="-8.243118" m_ty="-20.399000"/>
   <element name="sing_post" layername="sing_post" frame="1" z_index="45" m_a="0.999521" m_b="-0.022592" m_c="0.022592" m_d="0.999521" m_tx="-31.725471" m_ty="-186.312225"/>
   <element name="sign_arrow" layername="sign_arrow" frame="5" z_index="46" m_a="0.999630" m_b="-0.002134" m_c="0.002134" m_d="0.999630" m_tx="-23.024000" m_ty="-293.534302"/>
   <element name="sing_post" layername="sing_post" frame="2" z_index="47" m_a="0.999521" m_b="-0.022592" m_c="0.022592" m_d="0.999521" m_tx="-31.725471" m_ty="-186.312225"/>
  </frame>
  <frame idx="50" w="87" h="752" x="-14.768082" y="-468.771759">
   <element name="grass" layername="grass" frame="0" z_index="44" m_a="0.999990" m_b="0.004575" m_c="-0.004583" m_d="1.001637" m_tx="-7.268697" m_ty="-20.399000"/>
   <element name="sing_post" layername="sing_post" frame="1" z_index="45" m_a="0.999472" m_b="0.025187" m_c="-0.025187" m_d="0.999472" m_tx="-22.755060" m_ty="-187.524750"/>
   <element name="sign_arrow" layername="sign_arrow" frame="5" z_index="46" m_a="0.997038" m_b="0.071208" m_c="-0.071208" m_d="0.997038" m_tx="-9.668696" m_ty="-294.332336"/>
   <element name="sing_post" layername="sing_post" frame="2" z_index="47" m_a="0.999472" m_b="0.025187" m_c="-0.025187" m_d="0.999472" m_tx="-22.755060" m_ty="-187.524750"/>
  </frame>
  <frame idx="75" w="87" h="756" x="-14.316338" y="-468.827759">
   <element name="grass" layername="grass" frame="0" z_index="44" m_a="0.999904" m_b="0.013873" m_c="-0.013889" m_d="1.001087" m_tx="-6.817182" m_ty="-20.399000"/>
   <element name="sing_post" layername="sing_post" frame="1" z_index="45" m_a="0.998606" m_b="0.048817" m_c="-0.048817" m_d="0.998606" m_tx="-18.114153" m_ty="-188.179306"/>
   <element name="sign_arrow" layername="sign_arrow" frame="5" z_index="46" m_a="0.994779" m_b="0.097355" m_c="-0.097355" m_d="0.994779" m_tx="-2.741424" m_ty="-294.826263"/>
   <element name="sing_post" layername="sing_post" frame="2" z_index="47" m_a="0.998606" m_b="0.048817" m_c="-0.048817" m_d="0.998606" m_tx="-18.114153" m_ty="-188.179306"/>
  </frame>
  <frame idx="100" w="88" h="753" x="-14.998717" y="-469.658356">
   <element name="grass" layername="grass" frame="0" z_index="44" m_a="0.999960" m_b="-0.008984" m_c="0.009003" m_d="1.002030" m_tx="-7.499000" m_ty="-20.399000"/>
   <element name="sing_post" layername="sing_post" frame="1" z_index="45" m_a="0.999558" m_b="0.022369" m_c="-0.022369" m_d="0.999558" m_tx="-22.849001" m_ty="-187.649002"/>
   <element name="sign_arrow" layername="sign_arrow" frame="5" z_index="46" m_a="0.999252" m_b="0.018541" m_c="-0.018541" m_d="0.999252" m_tx="-9.749000" m_ty="-294.598999"/>
   <element name="sing_post" layername="sing_post" frame="2" z_index="47" m_a="0.999558" m_b="0.022369" m_c="-0.022369" m_d="0.999558" m_tx="-22.849001" m_ty="-187.649002"/>
  </frame>
  <frame idx="125" w="99" h="748" x="-24.071854" y="-469.379089">
   <element name="grass" layername="grass" frame="0" z_index="44" m_a="0.999478" m_b="-0.032297" m_c="0.032393" m_d="1.002466" m_tx="-8.124000" m_ty="-20.399000"/>
   <element name="sing_post" layername="sing_post" frame="1" z_index="45" m_a="0.999924" m_b="-0.000910" m_c="0.000910" m_d="0.999924" m_tx="-27.481354" m_ty="-187.244583"/>
   <element name="sign_arrow" layername="sign_arrow" frame="5" z_index="46" m_a="0.998016" m_b="-0.053302" m_c="0.053302" m_d="0.998016" m_tx="-16.624001" m_ty="-294.451935"/>
   <element name="sing_post" layername="sing_post" frame="2" z_index="47" m_a="0.999924" m_b="-0.000910" m_c="0.000910" m_d="0.999924" m_tx="-27.481354" m_ty="-187.244583"/>
  </frame>
  <frame idx="150" w="103" h="747" x="-27.857162" y="-469.355927">
   <element name="grass" layername="grass" frame="0" z_index="44" m_a="0.999460" m_b="-0.032844" m_c="0.032932" m_d="1.002125" m_tx="-8.203546" m_ty="-20.399000"/>
   <element name="sing_post" layername="sing_post" frame="1" z_index="45" m_a="0.999941" m_b="-0.007103" m_c="0.007103" m_d="0.999941" m_tx="-28.858091" m_ty="-187.147491"/>
   <element name="sign_arrow" layername="sign_arrow" frame="5" z_index="46" m_a="0.997371" m_b="-0.064365" m_c="0.064365" m_d="0.997371" m_tx="-18.662636" m_ty="-294.423248"/>
   <element name="sing_post" layername="sing_post" frame="2" z_index="47" m_a="0.999941" m_b="-0.007103" m_c="0.007103" m_d="0.999941" m_tx="-28.858091" m_ty="-187.147491"/>
  </frame>
  <frame idx="175" w="99" h="747" x="-24.370779" y="-469.367645">
   <element name="grass" layername="grass" frame="0" z_index="44" m_a="0.999762" m_b="-0.021837" m_c="0.021876" m_d="1.001523" m_tx="-7.988394" m_ty="-20.399000"/>
   <element name="sing_post" layername="sing_post" frame="1" z_index="45" m_a="0.999963" m_b="-0.003825" m_c="0.003825" m_d="0.999963" m_tx="-28.439909" m_ty="-187.211121"/>
   <element name="sign_arrow" layername="sign_arrow" frame="5" z_index="46" m_a="0.998564" m_b="-0.043374" m_c="0.043374" m_d="0.998564" m_tx="-18.041424" m_ty="-294.449005"/>
   <element name="sing_post" layername="sing_post" frame="2" z_index="47" m_a="0.999963" m_b="-0.003825" m_c="0.003825" m_d="0.999963" m_tx="-28.439909" m_ty="-187.211121"/>
  </frame>
  <frame idx="200" w="95" h="747" x="-21.511532" y="-469.336639">
   <element name="grass" layername="grass" frame="0" z_index="44" m_a="0.999909" m_b="-0.013483" m_c="0.013498" m_d="1.001019" m_tx="-7.799000" m_ty="-20.399000"/>
   <element name="sing_post" layername="sing_post" frame="1" z_index="45" m_a="0.999985" m_b="-0.000855" m_c="0.000855" m_d="0.999985" m_tx="-28.099001" m_ty="-187.248993"/>
   <element name="sign_arrow" layername="sign_arrow" frame="5" z_index="46" m_a="0.999329" m_b="-0.026794" m_c="0.026794" m_d="0.999329" m_tx="-17.549000" m_ty="-294.449005"/>
   <element name="sing_post" layername="sing_post" frame="2" z_index="47" m_a="0.999985" m_b="-0.000855" m_c="0.000855" m_d="0.999985" m_tx="-28.099001" m_ty="-187.248993"/>
  </frame>
  <frame idx="225" w="93" h="748" x="-19.697525" y="-469.364014">
   <element name="grass" layername="grass" frame="0" z_index="44" m_a="0.999974" m_b="-0.007169" m_c="0.007173" m_d="1.000628" m_tx="-7.688706" m_ty="-20.399000"/>
   <element name="sing_post" layername="sing_post" frame="1" z_index="45" m_a="0.999974" m_b="-0.000518" m_c="0.000518" m_d="0.999974" m_tx="-27.878412" m_ty="-187.248993"/>
   <element name="sign_arrow" layername="sign_arrow" frame="5" z_index="46" m_a="0.999705" m_b="-0.014263" m_c="0.014263" m_d="0.999705" m_tx="-17.144588" m_ty="-294.522552"/>
   <element name="sing_post" layername="sing_post" frame="2" z_index="47" m_a="0.999974" m_b="-0.000518" m_c="0.000518" m_d="0.999974" m_tx="-27.878412" m_ty="-187.248993"/>
  </frame>
  <frame idx="250" w="92" h="748" x="-18.437738" y="-469.324249">
   <element name="grass" layername="grass" frame="0" z_index="44" m_a="0.999996" m_b="-0.002718" m_c="0.002719" m_d="1.000307" m_tx="-7.600515" m_ty="-20.399000"/>
   <element name="sing_post" layername="sing_post" frame="1" z_index="45" m_a="0.999985" m_b="-0.000264" m_c="0.000264" m_d="0.999985" m_tx="-27.702030" m_ty="-187.273239"/>
   <element name="sign_arrow" layername="sign_arrow" frame="5" z_index="46" m_a="0.999886" m_b="-0.005430" m_c="0.005430" m_d="0.999886" m_tx="-16.877789" m_ty="-294.524750"/>
   <element name="sing_post" layername="sing_post" frame="2" z_index="47" m_a="0.999985" m_b="-0.000264" m_c="0.000264" m_d="0.999985" m_tx="-27.702030" m_ty="-187.273239"/>
  </frame>
  <frame idx="275" w="90" h="748" x="-17.250019" y="-469.273956">
   <element name="grass" layername="grass" frame="0" z_index="44" m_a="1.000000" m_b="-0.000306" m_c="0.000306" m_d="1.000091" m_tx="-7.536879" m_ty="-20.399000"/>
   <element name="sing_post" layername="sing_post" frame="1" z_index="45" m_a="1.000000" m_b="-0.000129" m_c="0.000129" m_d="1.000000" m_tx="-27.574759" m_ty="-187.298996"/>
   <element name="sign_arrow" layername="sign_arrow" frame="5" z_index="46" m_a="0.999966" m_b="-0.000673" m_c="0.000673" m_d="0.999966" m_tx="-16.724758" m_ty="-294.498993"/>
   <element name="sing_post" layername="sing_post" frame="2" z_index="47" m_a="1.000000" m_b="-0.000129" m_c="0.000129" m_d="1.000000" m_tx="-27.574759" m_ty="-187.298996"/>
  </frame>
  <frame idx="300" w="90" h="748" x="-17.115616" y="-469.274139">
   <element name="grass" layername="grass" frame="0" z_index="44" m_a="1.000000" m_b="0.000000" m_c="0.000000" m_d="1.000000" m_tx="-7.499000" m_ty="-20.399000"/>
   <element name="sing_post" layername="sing_post" frame="1" z_index="45" m_a="1.000000" m_b="-0.000153" m_c="0.000153" m_d="1.000000" m_tx="-27.499001" m_ty="-187.298996"/>
   <element name="sign_arrow" layername="sign_arrow" frame="5" z_index="46" m_a="1.000000" m_b="-0.000153" m_c="0.000153" m_d="1.000000" m_tx="-16.649000" m_ty="-294.498993"/>
   <element name="sing_post" layername="sing_post" frame="2" z_index="47" m_a="1.000000" m_b="-0.000153" m_c="0.000153" m_d="1.000000" m_tx="-27.499001" m_ty="-187.298996"/>
  </frame>
 </anim>
 <anim name="hit_upside" root="aip_orbit" numframes="325" framerate="40">
  <frame idx="0" w="274" h="706" x="-50.437077" y="-417.337646">
   <element name="grass" layername="grass" frame="0" z_index="43" m_a="0.999024" m_b="-0.044167" m_c="0.044340" m_d="1.002940" m_tx="-9.199000" m_ty="-20.399000"/>
   <element name="sign_arrow_writing" layername="sign_arrow_writing" frame="3" z_index="44" m_a="0.997208" m_b="-0.071304" m_c="0.071304" m_d="0.997208" m_tx="-36.148998" m_ty="-292.799011"/>
   <element name="sing_post" layername="sing_post" frame="1" z_index="45" m_a="0.997208" m_b="-0.071304" m_c="0.071304" m_d="0.997208" m_tx="-40.549000" m_ty="-185.098999"/>
   <element name="sign_arrow" layername="sign_arrow" frame="3" z_index="46" m_a="0.997208" m_b="-0.071304" m_c="0.071304" m_d="0.997208" m_tx="-36.148998" m_ty="-292.799011"/>
   <element name="sing_post" layername="sing_post" frame="2" z_index="47" m_a="0.997208" m_b="-0.071304" m_c="0.071304" m_d="0.997208" m_tx="-40.549000" m_ty="-185.098999"/>
  </frame>
  <frame idx="25" w="258" h="734" x="-35.348122" y="-415.885010">
   <element name="grass" layername="grass" frame="0" z_index="43" m_a="0.999803" m_b="-0.019826" m_c="0.019881" m_d="1.002568" m_tx="-8.243118" m_ty="-20.399000"/>
   <element name="sign_arrow_writing" layername="sign_arrow_writing" frame="3" z_index="44" m_a="0.999630" m_b="-0.002134" m_c="0.002134" m_d="0.999630" m_tx="-23.024000" m_ty="-293.534302"/>
   <element name="sing_post" layername="sing_post" frame="1" z_index="45" m_a="0.999521" m_b="-0.022592" m_c="0.022592" m_d="0.999521" m_tx="-31.725471" m_ty="-186.312225"/>
   <element name="sign_arrow" layername="sign_arrow" frame="3" z_index="46" m_a="0.999630" m_b="-0.002134" m_c="0.002134" m_d="0.999630" m_tx="-23.024000" m_ty="-293.534302"/>
   <element name="sing_post" layername="sing_post" frame="2" z_index="47" m_a="0.999521" m_b="-0.022592" m_c="0.022592" m_d="0.999521" m_tx="-31.725471" m_ty="-186.312225"/>
  </frame>
  <frame idx="50" w="251" h="761" x="-28.268082" y="-413.398987">
   <element name="grass" layername="grass" frame="0" z_index="43" m_a="0.999990" m_b="0.004575" m_c="-0.004583" m_d="1.001637" m_tx="-7.268697" m_ty="-20.399000"/>
   <element name="sign_arrow_writing" layername="sign_arrow_writing" frame="3" z_index="44" m_a="0.997038" m_b="0.071208" m_c="-0.071208" m_d="0.997038" m_tx="-9.668696" m_ty="-294.332336"/>
   <element name="sing_post" layername="sing_post" frame="1" z_index="45" m_a="0.999472" m_b="0.025187" m_c="-0.025187" m_d="0.999472" m_tx="-22.755060" m_ty="-187.524750"/>
   <element name="sign_arrow" layername="sign_arrow" frame="3" z_index="46" m_a="0.997038" m_b="0.071208" m_c="-0.071208" m_d="0.997038" m_tx="-9.668696" m_ty="-294.332336"/>
   <element name="sing_post" layername="sing_post" frame="2" z_index="47" m_a="0.999472" m_b="0.025187" m_c="-0.025187" m_d="0.999472" m_tx="-22.755060" m_ty="-187.524750"/>
  </frame>
  <frame idx="75" w="253" h="772" x="-28.316338" y="-412.928131">
   <element name="grass" layername="grass" frame="0" z_index="43" m_a="0.999904" m_b="0.013873" m_c="-0.013889" m_d="1.001087" m_tx="-6.817182" m_ty="-20.399000"/>
   <element name="sign_arrow_writing" layername="sign_arrow_writing" frame="3" z_index="44" m_a="0.994779" m_b="0.097355" m_c="-0.097355" m_d="0.994779" m_tx="-2.741424" m_ty="-294.826263"/>
   <element name="sing_post" layername="sing_post" frame="1" z_index="45" m_a="0.998606" m_b="0.048817" m_c="-0.048817" m_d="0.998606" m_tx="-18.114153" m_ty="-188.179306"/>
   <element name="sign_arrow" layername="sign_arrow" frame="3" z_index="46" m_a="0.994779" m_b="0.097355" m_c="-0.097355" m_d="0.994779" m_tx="-2.741424" m_ty="-294.826263"/>
   <element name="sing_post" layername="sing_post" frame="2" z_index="47" m_a="0.998606" m_b="0.048817" m_c="-0.048817" m_d="0.998606" m_tx="-18.114153" m_ty="-188.179306"/>
  </frame>
  <frame idx="100" w="263" h="754" x="-29.498718" y="-416.981567">
   <element name="grass" layername="grass" frame="0" z_index="43" m_a="0.999960" m_b="-0.008984" m_c="0.009003" m_d="1.002030" m_tx="-7.499000" m_ty="-20.399000"/>
   <element name="sign_arrow_writing" layername="sign_arrow_writing" frame="3" z_index="44" m_a="0.999252" m_b="0.018541" m_c="-0.018541" m_d="0.999252" m_tx="-9.749000" m_ty="-294.598999"/>
   <element name="sing_post" layername="sing_post" frame="1" z_index="45" m_a="0.999558" m_b="0.022369" m_c="-0.022369" m_d="0.999558" m_tx="-22.849001" m_ty="-187.649002"/>
   <element name="sign_arrow" layername="sign_arrow" frame="3" z_index="46" m_a="0.999252" m_b="0.018541" m_c="-0.018541" m_d="0.999252" m_tx="-9.749000" m_ty="-294.598999"/>
   <element name="sing_post" layername="sing_post" frame="2" z_index="47" m_a="0.999558" m_b="0.022369" m_c="-0.022369" m_d="0.999558" m_tx="-22.849001" m_ty="-187.649002"/>
  </frame>
  <frame idx="125" w="270" h="735" x="-30.754278" y="-420.281281">
   <element name="grass" layername="grass" frame="0" z_index="43" m_a="0.999478" m_b="-0.032297" m_c="0.032393" m_d="1.002466" m_tx="-8.124000" m_ty="-20.399000"/>
   <element name="sign_arrow_writing" layername="sign_arrow_writing" frame="3" z_index="44" m_a="0.998016" m_b="-0.053302" m_c="0.053302" m_d="0.998016" m_tx="-16.624001" m_ty="-294.451935"/>
   <element name="sing_post" layername="sing_post" frame="1" z_index="45" m_a="0.999924" m_b="-0.000910" m_c="0.000910" m_d="0.999924" m_tx="-27.481354" m_ty="-187.244583"/>
   <element name="sign_arrow" layername="sign_arrow" frame="3" z_index="46" m_a="0.998016" m_b="-0.053302" m_c="0.053302" m_d="0.998016" m_tx="-16.624001" m_ty="-294.451935"/>
   <element name="sing_post" layername="sing_post" frame="2" z_index="47" m_a="0.999924" m_b="-0.000910" m_c="0.000910" m_d="0.999924" m_tx="-27.481354" m_ty="-187.244583"/>
  </frame>
  <frame idx="150" w="272" h="730" x="-32.471825" y="-420.486176">
   <element name="grass" layername="grass" frame="0" z_index="43" m_a="0.999460" m_b="-0.032844" m_c="0.032932" m_d="1.002125" m_tx="-8.203546" m_ty="-20.399000"/>
   <element name="sign_arrow_writing" layername="sign_arrow_writing" frame="3" z_index="44" m_a="0.997371" m_b="-0.064357" m_c="0.064357" m_d="0.997371" m_tx="-18.638395" m_ty="-294.423248"/>
   <element name="sing_post" layername="sing_post" frame="1" z_index="45" m_a="0.999941" m_b="-0.007103" m_c="0.007103" m_d="0.999941" m_tx="-28.858091" m_ty="-187.147491"/>
   <element name="sign_arrow" layername="sign_arrow" frame="3" z_index="46" m_a="0.997371" m_b="-0.064365" m_c="0.064365" m_d="0.997371" m_tx="-18.662636" m_ty="-294.423248"/>
   <element name="sing_post" layername="sing_post" frame="2" z_index="47" m_a="0.999941" m_b="-0.007103" m_c="0.007103" m_d="0.999941" m_tx="-28.858091" m_ty="-187.147491"/>
  </frame>
  <frame idx="175" w="268" h="735" x="-31.462276" y="-419.616302">
   <element name="grass" layername="grass" frame="0" z_index="43" m_a="0.999762" m_b="-0.021837" m_c="0.021876" m_d="1.001523" m_tx="-7.988394" m_ty="-20.399000"/>
   <element name="sign_arrow_writing" layername="sign_arrow_writing" frame="3" z_index="44" m_a="0.998564" m_b="-0.043355" m_c="0.043355" m_d="0.998564" m_tx="-17.979303" m_ty="-294.449005"/>
   <element name="sing_post" layername="sing_post" frame="1" z_index="45" m_a="0.999963" m_b="-0.003825" m_c="0.003825" m_d="0.999963" m_tx="-28.439909" m_ty="-187.211121"/>
   <element name="sign_arrow" layername="sign_arrow" frame="3" z_index="46" m_a="0.998564" m_b="-0.043374" m_c="0.043374" m_d="0.998564" m_tx="-18.041424" m_ty="-294.449005"/>
   <element name="sing_post" layername="sing_post" frame="2" z_index="47" m_a="0.999963" m_b="-0.003825" m_c="0.003825" m_d="0.999963" m_tx="-28.439909" m_ty="-187.211121"/>
  </frame>
  <frame idx="200" w="264" h="737" x="-30.875563" y="-418.503052">
   <element name="grass" layername="grass" frame="0" z_index="43" m_a="0.999909" m_b="-0.013483" m_c="0.013498" m_d="1.001019" m_tx="-7.799000" m_ty="-20.399000"/>
   <element name="sign_arrow_writing" layername="sign_arrow_writing" frame="3" z_index="44" m_a="0.999329" m_b="-0.026764" m_c="0.026764" m_d="0.999329" m_tx="-17.448999" m_ty="-294.449005"/>
   <element name="sing_post" layername="sing_post" frame="1" z_index="45" m_a="0.999985" m_b="-0.000855" m_c="0.000855" m_d="0.999985" m_tx="-28.099001" m_ty="-187.248993"/>
   <element name="sign_arrow" layername="sign_arrow" frame="3" z_index="46" m_a="0.999329" m_b="-0.026794" m_c="0.026794" m_d="0.999329" m_tx="-17.549000" m_ty="-294.449005"/>
   <element name="sing_post" layername="sing_post" frame="2" z_index="47" m_a="0.999985" m_b="-0.000855" m_c="0.000855" m_d="0.999985" m_tx="-28.099001" m_ty="-187.248993"/>
  </frame>
  <frame idx="225" w="262" h="741" x="-30.684027" y="-418.222809">
   <element name="grass" layername="grass" frame="0" z_index="43" m_a="0.999974" m_b="-0.007169" m_c="0.007173" m_d="1.000628" m_tx="-7.688706" m_ty="-20.399000"/>
   <element name="sign_arrow_writing" layername="sign_arrow_writing" frame="3" z_index="44" m_a="0.999694" m_b="-0.014232" m_c="0.014232" m_d="0.999694" m_tx="-17.044588" m_ty="-294.522552"/>
   <element name="sing_post" layername="sing_post" frame="1" z_index="45" m_a="0.999974" m_b="-0.000518" m_c="0.000518" m_d="0.999974" m_tx="-27.878412" m_ty="-187.248993"/>
   <element name="sign_arrow" layername="sign_arrow" frame="3" z_index="46" m_a="0.999705" m_b="-0.014263" m_c="0.014263" m_d="0.999705" m_tx="-17.144588" m_ty="-294.522552"/>
   <element name="sing_post" layername="sing_post" frame="2" z_index="47" m_a="0.999974" m_b="-0.000518" m_c="0.000518" m_d="0.999974" m_tx="-27.878412" m_ty="-187.248993"/>
  </frame>
  <frame idx="250" w="261" h="742" x="-30.529238" y="-417.619232">
   <element name="grass" layername="grass" frame="0" z_index="43" m_a="0.999996" m_b="-0.002718" m_c="0.002719" m_d="1.000307" m_tx="-7.600515" m_ty="-20.399000"/>
   <element name="sign_arrow_writing" layername="sign_arrow_writing" frame="3" z_index="44" m_a="0.999885" m_b="-0.005400" m_c="0.005400" m_d="0.999885" m_tx="-16.729303" m_ty="-294.524750"/>
   <element name="sing_post" layername="sing_post" frame="1" z_index="45" m_a="0.999985" m_b="-0.000264" m_c="0.000264" m_d="0.999985" m_tx="-27.702030" m_ty="-187.273239"/>
   <element name="sign_arrow" layername="sign_arrow" frame="3" z_index="46" m_a="0.999886" m_b="-0.005430" m_c="0.005430" m_d="0.999886" m_tx="-16.877789" m_ty="-294.524750"/>
   <element name="sing_post" layername="sing_post" frame="2" z_index="47" m_a="0.999985" m_b="-0.000264" m_c="0.000264" m_d="0.999985" m_tx="-27.702030" m_ty="-187.273239"/>
  </frame>
  <frame idx="275" w="260" h="743" x="-30.413162" y="-417.264435">
   <element name="grass" layername="grass" frame="0" z_index="43" m_a="1.000000" m_b="-0.000306" m_c="0.000306" m_d="1.000091" m_tx="-7.536879" m_ty="-20.399000"/>
   <element name="sign_arrow_writing" layername="sign_arrow_writing" frame="3" z_index="44" m_a="0.999977" m_b="-0.000613" m_c="0.000613" m_d="0.999977" m_tx="-16.536879" m_ty="-294.498993"/>
   <element name="sing_post" layername="sing_post" frame="1" z_index="45" m_a="1.000000" m_b="-0.000129" m_c="0.000129" m_d="1.000000" m_tx="-27.574759" m_ty="-187.298996"/>
   <element name="sign_arrow" layername="sign_arrow" frame="3" z_index="46" m_a="0.999966" m_b="-0.000673" m_c="0.000673" m_d="0.999966" m_tx="-16.724758" m_ty="-294.498993"/>
   <element name="sing_post" layername="sing_post" frame="2" z_index="47" m_a="1.000000" m_b="-0.000129" m_c="0.000129" m_d="1.000000" m_tx="-27.574759" m_ty="-187.298996"/>
  </frame>
  <frame idx="300" w="260" h="743" x="-30.335423" y="-417.222992">
   <element name="grass" layername="grass" frame="0" z_index="43" m_a="1.000000" m_b="0.000000" m_c="0.000000" m_d="1.000000" m_tx="-7.499000" m_ty="-20.399000"/>
   <element name="sign_arrow_writing" layername="sign_arrow_writing" frame="3" z_index="44" m_a="1.000000" m_b="0.000000" m_c="0.000000" m_d="1.000000" m_tx="-16.499001" m_ty="-294.498993"/>
   <element name="sing_post" layername="sing_post" frame="1" z_index="45" m_a="1.000000" m_b="-0.000153" m_c="0.000153" m_d="1.000000" m_tx="-27.499001" m_ty="-187.298996"/>
   <element name="sign_arrow" layername="sign_arrow" frame="3" z_index="46" m_a="1.000000" m_b="-0.000153" m_c="0.000153" m_d="1.000000" m_tx="-16.649000" m_ty="-294.498993"/>
   <element name="sing_post" layername="sing_post" frame="2" z_index="47" m_a="1.000000" m_b="-0.000153" m_c="0.000153" m_d="1.000000" m_tx="-27.499001" m_ty="-187.298996"/>
  </frame>
 </anim>
 <anim name="idle_down" root="aip_orbit" numframes="50" framerate="40">
  <frame idx="0" w="358" h="364" x="-324.563171" y="-27.236179">
   <element name="aip_orbit" layername="horizontal" frame="0" z_index="47" m_a="0.006998" m_b="0.999976" m_c="-0.999976" m_d="0.006998" m_tx="0.325970" m_ty="1.291297"/>
  </frame>
  <frame idx="25" w="358" h="364" x="-324.563171" y="-27.236179">
   <element name="aip_orbit" layername="horizontal" frame="0" z_index="47" m_a="0.006998" m_b="0.999976" m_c="-0.999976" m_d="0.006998" m_tx="0.325970" m_ty="1.291297"/>
  </frame>
 </anim>
 <anim name="idle_downside" root="aip_orbit" numframes="50" framerate="40">
  <frame idx="0" w="316" h="686" x="-34.748497" y="-341.673004">
   <element name="grass" layername="grass" frame="0" z_index="43" m_a="1.000000" m_b="0.000000" m_c="0.000000" m_d="1.000000" m_tx="-7.499000" m_ty="-20.399000"/>
   <element name="sign_arrow_writing" layername="sign_arrow_writing" frame="2" z_index="44" m_a="1.000000" m_b="0.000000" m_c="0.000000" m_d="1.000000" m_tx="-16.499001" m_ty="-294.498993"/>
   <element name="sign_arrow" layername="sign_arrow" frame="2" z_index="45" m_a="1.000000" m_b="0.000000" m_c="0.000000" m_d="1.000000" m_tx="-16.499001" m_ty="-294.498993"/>
   <element name="sing_post" layername="sing_post" frame="1" z_index="46" m_a="1.000000" m_b="0.000000" m_c="0.000000" m_d="1.000000" m_tx="-27.399000" m_ty="-187.298996"/>
   <element name="sing_post" layername="sing_post" frame="2" z_index="47" m_a="1.000000" m_b="0.000000" m_c="0.000000" m_d="1.000000" m_tx="-27.399000" m_ty="-187.298996"/>
  </frame>
  <frame idx="25" w="316" h="686" x="-34.748497" y="-341.673004">
   <element name="grass" layername="grass" frame="0" z_index="43" m_a="1.000000" m_b="0.000000" m_c="0.000000" m_d="1.000000" m_tx="-7.499000" m_ty="-20.399000"/>
   <element name="sign_arrow_writing" layername="sign_arrow_writing" frame="2" z_index="44" m_a="1.000000" m_b="0.000000" m_c="0.000000" m_d="1.000000" m_tx="-16.499001" m_ty="-294.498993"/>
   <element name="sign_arrow" layername="sign_arrow" frame="2" z_index="45" m_a="1.000000" m_b="0.000000" m_c="0.000000" m_d="1.000000" m_tx="-16.499001" m_ty="-294.498993"/>
   <element name="sing_post" layername="sing_post" frame="1" z_index="46" m_a="1.000000" m_b="0.000000" m_c="0.000000" m_d="1.000000" m_tx="-27.399000" m_ty="-187.298996"/>
   <element name="sing_post" layername="sing_post" frame="2" z_index="47" m_a="1.000000" m_b="0.000000" m_c="0.000000" m_d="1.000000" m_tx="-27.399000" m_ty="-187.298996"/>
  </frame>
 </anim>
 <anim name="idle_side" root="aip_orbit" numframes="50" framerate="40">
  <frame idx="0" w="360" h="363" x="-28.999855" y="-30.500065">
   <element name="aip_orbit" layername="horizontal" frame="0" z_index="47" m_a="1.000000" m_b="0.000000" m_c="0.000000" m_d="1.000000" m_tx="-0.993355" m_ty="2.990033"/>
  </frame>
  <frame idx="25" w="360" h="363" x="-28.999855" y="-30.500065">
   <element name="aip_orbit" layername="horizontal" frame="0" z_index="47" m_a="1.000000" m_b="0.000000" m_c="0.000000" m_d="1.000000" m_tx="-0.993355" m_ty="2.990033"/>
  </frame>
 </anim>
 <anim name="idle_up" root="aip_orbit" numframes="50" framerate="40">
  <frame idx="0" w="363" h="360" x="-32.479160" y="-330.335388">
   <element name="aip_orbit" layername="horizontal" frame="0" z_index="47" m_a="0.005464" m_b="-0.999985" m_c="0.999985" m_d="0.005464" m_tx="1.000000" m_ty="1.000000"/>
  </frame>
  <frame idx="25" w="363" h="360" x="-32.479160" y="-330.335388">
   <element name="aip_orbit" layername="horizontal" frame="0" z_index="47" m_a="0.005464" m_b="-0.999985" m_c="0.999985" m_d="0.005464" m_tx="1.000000" m_ty="1.000000"/>
  </frame>
 </anim>
 <anim name="idle_upside" root="aip_orbit" numframes="50" framerate="40">
  <frame idx="0" w="260" h="743" x="-30.248499" y="-417.222992">
   <element name="grass" layername="grass" frame="0" z_index="43" m_a="1.000000" m_b="0.000000" m_c="0.000000" m_d="1.000000" m_tx="-7.499000" m_ty="-20.399000"/>
   <element name="sign_arrow_writing" layername="sign_arrow_writing" frame="3" z_index="44" m_a="1.000000" m_b="0.000000" m_c="0.000000" m_d="1.000000" m_tx="-16.499001" m_ty="-294.498993"/>
   <element name="sing_post" layername="sing_post" frame="1" z_index="45" m_a="1.000000" m_b="0.000000" m_c="0.000000" m_d="1.000000" m_tx="-27.399000" m_ty="-187.298996"/>
   <element name="sign_arrow" layername="sign_arrow" frame="3" z_index="46" m_a="1.000000" m_b="0.000000" m_c="0.000000" m_d="1.000000" m_tx="-16.499001" m_ty="-294.498993"/>
   <element name="sing_post" layername="sing_post" frame="2" z_index="47" m_a="1.000000" m_b="0.000000" m_c="0.000000" m_d="1.000000" m_tx="-27.399000" m_ty="-187.298996"/>
  </frame>
  <frame idx="25" w="260" h="743" x="-30.248499" y="-417.222992">
   <element name="grass" layername="grass" frame="0" z_index="43" m_a="1.000000" m_b="0.000000" m_c="0.000000" m_d="1.000000" m_tx="-7.499000" m_ty="-20.399000"/>
   <element name="sign_arrow_writing" layername="sign_arrow_writing" frame="3" z_index="44" m_a="1.000000" m_b="0.000000" m_c="0.000000" m_d="1.000000" m_tx="-16.499001" m_ty="-294.498993"/>
   <element name="sing_post" layername="sing_post" frame="1" z_index="45" m_a="1.000000" m_b="0.000000" m_c="0.000000" m_d="1.000000" m_tx="-27.399000" m_ty="-187.298996"/>
   <element name="sign_arrow" layername="sign_arrow" frame="3" z_index="46" m_a="1.000000" m_b="0.000000" m_c="0.000000" m_d="1.000000" m_tx="-16.499001" m_ty="-294.498993"/>
   <element name="sing_post" layername="sing_post" frame="2" z_index="47" m_a="1.000000" m_b="0.000000" m_c="0.000000" m_d="1.000000" m_tx="-27.399000" m_ty="-187.298996"/>
  </frame>
 </anim>
 <anim name="placement" root="aip_orbit" numframes="625" framerate="40">
  <frame idx="0" w="-2147483648" h="2" x="9712959755188827400000000000000.000000" y="-0.500000"/>
  <frame idx="25" w="-2147483648" h="2" x="9712959755188827400000000000000.000000" y="-0.500000"/>
  <frame idx="50" w="311" h="728" x="-37.008160" y="-444.917297">
   <element name="sign_arrow" layername="sign_arrow" frame="0" z_index="45" m_a="0.702653" m_b="0.009611" m_c="-0.012994" m_d="0.949946" m_tx="-13.505060" m_ty="-382.632324"/>
   <element name="sing_post" layername="sing_post" frame="1" z_index="46" m_a="1.049261" m_b="0.000000" m_c="0.000000" m_d="1.038445" m_tx="-31.102032" m_ty="-276.453552"/>
   <element name="sing_post" layername="sing_post" frame="2" z_index="47" m_a="1.049261" m_b="0.000000" m_c="0.000000" m_d="1.038445" m_tx="-31.102032" m_ty="-276.453552"/>
  </frame>
  <frame idx="75" w="399" h="666" x="-44.136383" y="-374.338318">
   <element name="sign_arrow" layername="sign_arrow" frame="0" z_index="45" m_a="0.893713" m_b="0.005979" m_c="-0.006053" m_d="0.904658" m_tx="-11.964151" m_ty="-317.215668"/>
   <element name="sing_post" layername="sing_post" frame="1" z_index="46" m_a="1.191307" m_b="0.000000" m_c="0.000000" m_d="0.943515" m_tx="-33.450516" m_ty="-217.476273"/>
   <element name="sing_post" layername="sing_post" frame="2" z_index="47" m_a="1.191307" m_b="0.000000" m_c="0.000000" m_d="0.943515" m_tx="-33.450516" m_ty="-217.476273"/>
  </frame>
  <frame idx="100" w="488" h="610" x="-51.265060" y="-305.054382">
   <element name="sign_arrow" layername="sign_arrow" frame="0" z_index="45" m_a="1.084780" m_b="0.000000" m_c="0.000000" m_d="0.859360" m_tx="-10.449000" m_ty="-251.798996"/>
   <element name="sing_post" layername="sing_post" frame="1" z_index="46" m_a="1.333330" m_b="0.000000" m_c="0.000000" m_d="0.848587" m_tx="-35.799000" m_ty="-158.498993"/>
   <element name="sing_post" layername="sing_post" frame="2" z_index="47" m_a="1.333330" m_b="0.000000" m_c="0.000000" m_d="0.848587" m_tx="-35.799000" m_ty="-158.498993"/>
   <element name="grass" layername="grass" frame="0" z_index="44" m_a="0.811478" m_b="0.000000" m_c="0.000000" m_d="1.584200" m_tx="-7.499000" m_ty="-36.148998"/>
  </frame>
  <frame idx="125" w="452" h="642" x="-47.599419" y="-331.762146">
   <element name="sign_arrow" layername="sign_arrow" frame="0" z_index="45" m_a="1.008294" m_b="0.000000" m_c="0.000000" m_d="0.949746" m_tx="-11.074000" m_ty="-275.769562"/>
   <element name="sing_post" layername="sing_post" frame="1" z_index="46" m_a="1.172271" m_b="0.000000" m_c="0.000000" m_d="0.932622" m_tx="-32.049000" m_ty="-174.491638"/>
   <element name="sing_post" layername="sing_post" frame="2" z_index="47" m_a="1.172271" m_b="0.000000" m_c="0.000000" m_d="0.932622" m_tx="-32.049000" m_ty="-174.491638"/>
   <element name="grass" layername="grass" frame="0" z_index="44" m_a="1.146215" m_b="0.000000" m_c="0.000000" m_d="1.238421" m_tx="-7.499000" m_ty="-26.847530"/>
  </frame>
  <frame idx="150" w="422" h="670" x="-44.542881" y="-354.385712">
   <element name="sign_arrow" layername="sign_arrow" frame="0" z_index="45" m_a="0.944737" m_b="0.000000" m_c="0.000000" m_d="1.024867" m_tx="-11.614152" m_ty="-295.695953"/>
   <element name="sing_post" layername="sing_post" frame="1" z_index="46" m_a="1.038428" m_b="0.000000" m_c="0.000000" m_d="1.002441" m_tx="-28.929302" m_ty="-187.764145"/>
   <element name="sing_post" layername="sing_post" frame="2" z_index="47" m_a="1.038428" m_b="0.000000" m_c="0.000000" m_d="1.002441" m_tx="-28.929302" m_ty="-187.764145"/>
   <element name="grass" layername="grass" frame="0" z_index="44" m_a="1.399166" m_b="0.000000" m_c="0.000000" m_d="0.977139" m_tx="-7.499000" m_ty="-19.838394"/>
  </frame>
  <frame idx="175" w="399" h="690" x="-42.120766" y="-371.434967">
   <element name="sign_arrow" layername="sign_arrow" frame="0" z_index="45" m_a="0.895655" m_b="0.000000" m_c="0.000000" m_d="1.082883" m_tx="-12.033849" m_ty="-311.092957"/>
   <element name="sing_post" layername="sing_post" frame="1" z_index="46" m_a="0.935068" m_b="0.000000" m_c="0.000000" m_d="1.056354" m_tx="-26.527788" m_ty="-198.015656"/>
   <element name="sing_post" layername="sing_post" frame="2" z_index="47" m_a="0.935068" m_b="0.000000" m_c="0.000000" m_d="1.056354" m_tx="-26.527788" m_ty="-198.015656"/>
   <element name="grass" layername="grass" frame="0" z_index="44" m_a="1.561963" m_b="0.000000" m_c="0.000000" m_d="0.808982" m_tx="-7.499000" m_ty="-15.318697"/>
  </frame>
  <frame idx="200" w="383" h="705" x="-40.353867" y="-383.645782">
   <element name="sign_arrow" layername="sign_arrow" frame="0" z_index="45" m_a="0.861877" m_b="0.000000" m_c="0.000000" m_d="1.122800" m_tx="-12.299000" m_ty="-321.699005"/>
   <element name="sing_post" layername="sing_post" frame="1" z_index="46" m_a="0.863953" m_b="0.000000" m_c="0.000000" m_d="1.093460" m_tx="-24.899000" m_ty="-205.098999"/>
   <element name="sing_post" layername="sing_post" frame="2" z_index="47" m_a="0.863953" m_b="0.000000" m_c="0.000000" m_d="1.093460" m_tx="-24.899000" m_ty="-205.098999"/>
   <element name="grass" layername="grass" frame="0" z_index="44" m_a="1.630940" m_b="0.000000" m_c="0.000000" m_d="0.737717" m_tx="-7.499000" m_ty="-13.349000"/>
  </frame>
  <frame idx="225" w="377" h="710" x="-39.743084" y="-387.598816">
   <element name="sign_arrow" layername="sign_arrow" frame="0" z_index="45" m_a="0.850961" m_b="0.000000" m_c="0.000000" m_d="1.135726" m_tx="-12.409294" m_ty="-325.118103"/>
   <element name="sing_post" layername="sing_post" frame="1" z_index="46" m_a="0.840941" m_b="0.000000" m_c="0.000000" m_d="1.105453" m_tx="-24.347530" m_ty="-207.378418"/>
   <element name="sing_post" layername="sing_post" frame="2" z_index="47" m_a="0.840941" m_b="0.000000" m_c="0.000000" m_d="1.105453" m_tx="-24.347530" m_ty="-207.378418"/>
   <element name="grass" layername="grass" frame="0" z_index="44" m_a="1.490389" m_b="0.000000" m_c="0.000000" m_d="0.934513" m_tx="-7.499000" m_ty="-17.981354"/>
  </frame>
  <frame idx="250" w="383" h="706" x="-40.202721" y="-384.687958">
   <element name="sign_arrow" layername="sign_arrow" frame="0" z_index="45" m_a="0.864417" m_b="0.000000" m_c="0.000000" m_d="1.124438" m_tx="-12.933849" m_ty="-322.736877"/>
   <element name="sing_post" layername="sing_post" frame="1" z_index="46" m_a="0.851670" m_b="0.000000" m_c="0.000000" m_d="1.097300" m_tx="-24.512636" m_ty="-205.823242"/>
   <element name="sing_post" layername="sing_post" frame="2" z_index="47" m_a="0.851670" m_b="0.000000" m_c="0.000000" m_d="1.097300" m_tx="-24.512636" m_ty="-205.823242"/>
   <element name="grass" layername="grass" frame="0" z_index="44" m_a="1.367717" m_b="0.000000" m_c="0.000000" m_d="1.106286" m_tx="-7.474758" m_ty="-22.000515"/>
  </frame>
  <frame idx="275" w="394" h="699" x="-41.201958" y="-378.711731">
   <element name="sign_arrow" layername="sign_arrow" frame="0" z_index="45" m_a="0.890420" m_b="0.000000" m_c="0.000000" m_d="1.100586" m_tx="-13.630818" m_ty="-317.323242"/>
   <element name="sing_post" layername="sing_post" frame="1" z_index="46" m_a="0.880114" m_b="0.000000" m_c="0.000000" m_d="1.078649" m_tx="-25.056576" m_ty="-202.268692"/>
   <element name="sing_post" layername="sing_post" frame="2" z_index="47" m_a="0.880114" m_b="0.000000" m_c="0.000000" m_d="1.078649" m_tx="-25.056576" m_ty="-202.268692"/>
   <element name="grass" layername="grass" frame="0" z_index="44" m_a="1.265390" m_b="0.000000" m_c="0.000000" m_d="1.249566" m_tx="-7.449000" m_ty="-25.347485"/>
  </frame>
  <frame idx="300" w="404" h="692" x="-42.201157" y="-373.230743">
   <element name="sign_arrow" layername="sign_arrow" frame="0" z_index="45" m_a="0.913956" m_b="0.000000" m_c="0.000000" m_d="1.078980" m_tx="-14.199000" m_ty="-312.398987"/>
   <element name="sing_post" layername="sing_post" frame="1" z_index="46" m_a="0.905869" m_b="0.000000" m_c="0.000000" m_d="1.061770" m_tx="-25.549000" m_ty="-199.048996"/>
   <element name="sing_post" layername="sing_post" frame="2" z_index="47" m_a="0.905869" m_b="0.000000" m_c="0.000000" m_d="1.061770" m_tx="-25.549000" m_ty="-199.048996"/>
   <element name="grass" layername="grass" frame="0" z_index="44" m_a="1.184920" m_b="0.000000" m_c="0.000000" m_d="1.362210" m_tx="-7.449000" m_ty="-27.999001"/>
  </frame>
  <frame idx="325" w="412" h="686" x="-42.737328" y="-368.640076">
   <element name="sign_arrow" layername="sign_arrow" frame="0" z_index="45" m_a="0.933288" m_b="0.000000" m_c="0.000000" m_d="1.061245" m_tx="-14.713706" m_ty="-308.354858"/>
   <element name="sing_post" layername="sing_post" frame="1" z_index="46" m_a="0.927018" m_b="0.000000" m_c="0.000000" m_d="1.047880" m_tx="-25.990177" m_ty="-196.401947"/>
   <element name="sing_post" layername="sing_post" frame="2" z_index="47" m_a="0.927018" m_b="0.000000" m_c="0.000000" m_d="1.047880" m_tx="-25.990177" m_ty="-196.401947"/>
   <element name="grass" layername="grass" frame="0" z_index="44" m_a="1.138082" m_b="0.000000" m_c="0.000000" m_d="1.427806" m_tx="-7.449000" m_ty="-29.543118"/>
  </frame>
  <frame idx="350" w="419" h="681" x="-43.250061" y="-364.460510">
   <element name="sign_arrow" layername="sign_arrow" frame="0" z_index="45" m_a="0.950671" m_b="0.000000" m_c="0.000000" m_d="1.045284" m_tx="-15.189909" m_ty="-304.717163"/>
   <element name="sing_post" layername="sing_post" frame="1" z_index="46" m_a="0.946039" m_b="0.000000" m_c="0.000000" m_d="1.035399" m_tx="-26.367182" m_ty="-194.018692"/>
   <element name="sing_post" layername="sing_post" frame="2" z_index="47" m_a="0.946039" m_b="0.000000" m_c="0.000000" m_d="1.035399" m_tx="-26.367182" m_ty="-194.018692"/>
   <element name="grass" layername="grass" frame="0" z_index="44" m_a="1.110927" m_b="0.000000" m_c="0.000000" m_d="1.465839" m_tx="-7.449000" m_ty="-30.438395"/>
  </frame>
  <frame idx="375" w="425" h="676" x="-43.749596" y="-360.781616">
   <element name="sign_arrow" layername="sign_arrow" frame="0" z_index="45" m_a="0.965800" m_b="0.000000" m_c="0.000000" m_d="1.031389" m_tx="-15.608090" m_ty="-301.574738"/>
   <element name="sing_post" layername="sing_post" frame="1" z_index="46" m_a="0.962599" m_b="0.000000" m_c="0.000000" m_d="1.024543" m_tx="-26.683849" m_ty="-191.953537"/>
   <element name="sing_post" layername="sing_post" frame="2" z_index="47" m_a="0.962599" m_b="0.000000" m_c="0.000000" m_d="1.024543" m_tx="-26.683849" m_ty="-191.953537"/>
   <element name="grass" layername="grass" frame="0" z_index="44" m_a="1.093558" m_b="0.000000" m_c="0.000000" m_d="1.450212" m_tx="-7.449000" m_ty="-30.132334"/>
  </frame>
  <frame idx="400" w="430" h="672" x="-44.249092" y="-357.675354">
   <element name="sign_arrow" layername="sign_arrow" frame="0" z_index="45" m_a="0.978470" m_b="0.000000" m_c="0.000000" m_d="1.019760" m_tx="-15.949000" m_ty="-298.998993"/>
   <element name="sing_post" layername="sing_post" frame="1" z_index="46" m_a="0.976471" m_b="0.000000" m_c="0.000000" m_d="1.015460" m_tx="-26.948999" m_ty="-190.248993"/>
   <element name="sing_post" layername="sing_post" frame="2" z_index="47" m_a="0.976471" m_b="0.000000" m_c="0.000000" m_d="1.015460" m_tx="-26.948999" m_ty="-190.248993"/>
   <element name="grass" layername="grass" frame="0" z_index="44" m_a="1.073460" m_b="0.000000" m_c="0.000000" m_d="1.353500" m_tx="-7.449000" m_ty="-28.049000"/>
  </frame>
  <frame idx="425" w="435" h="670" x="-44.748772" y="-355.815918">
   <element name="sign_arrow" layername="sign_arrow" frame="0" z_index="45" m_a="0.987266" m_b="0.000000" m_c="0.000000" m_d="1.011679" m_tx="-16.169588" m_ty="-297.160767"/>
   <element name="sing_post" layername="sing_post" frame="1" z_index="46" m_a="0.986086" m_b="0.000000" m_c="0.000000" m_d="1.009144" m_tx="-27.132822" m_ty="-189.035767"/>
   <element name="sing_post" layername="sing_post" frame="2" z_index="47" m_a="0.986086" m_b="0.000000" m_c="0.000000" m_d="1.009144" m_tx="-27.132822" m_ty="-189.035767"/>
   <element name="grass" layername="grass" frame="0" z_index="44" m_a="1.056953" m_b="0.000000" m_c="0.000000" m_d="1.274088" m_tx="-7.449000" m_ty="-26.357824"/>
  </frame>
  <frame idx="450" w="437" h="668" x="-44.772804" y="-354.386658">
   <element name="sign_arrow" layername="sign_arrow" frame="0" z_index="45" m_a="0.993910" m_b="0.000000" m_c="0.000000" m_d="1.005585" m_tx="-16.345970" m_ty="-295.747498"/>
   <element name="sing_post" layername="sing_post" frame="1" z_index="46" m_a="0.993351" m_b="0.000000" m_c="0.000000" m_d="1.004373" m_tx="-27.295969" m_ty="-188.162643"/>
   <element name="sing_post" layername="sing_post" frame="2" z_index="47" m_a="0.993351" m_b="0.000000" m_c="0.000000" m_d="1.004373" m_tx="-27.295969" m_ty="-188.162643"/>
   <element name="grass" layername="grass" frame="0" z_index="44" m_a="1.042108" m_b="0.000000" m_c="0.000000" m_d="1.202639" m_tx="-7.497485" m_ty="-24.827789"/>
  </frame>
  <frame idx="475" w="439" h="666" x="-45.286350" y="-352.968781">
   <element name="sign_arrow" layername="sign_arrow" frame="0" z_index="45" m_a="0.998185" m_b="0.000000" m_c="0.000000" m_d="1.001667" m_tx="-16.461121" m_ty="-294.839905"/>
   <element name="sing_post" layername="sing_post" frame="1" z_index="46" m_a="0.998023" m_b="0.000000" m_c="0.000000" m_d="1.001303" m_tx="-27.399000" m_ty="-187.602036"/>
   <element name="sing_post" layername="sing_post" frame="2" z_index="47" m_a="0.998023" m_b="0.000000" m_c="0.000000" m_d="1.001303" m_tx="-27.399000" m_ty="-187.602036"/>
   <element name="grass" layername="grass" frame="0" z_index="44" m_a="1.029193" m_b="0.000000" m_c="0.000000" m_d="1.140443" m_tx="-7.549000" m_ty="-23.485365"/>
  </frame>
  <frame idx="500" w="440" h="666" x="-45.248497" y="-352.623474">
   <element name="sign_arrow" layername="sign_arrow" frame="0" z_index="45" m_a="1.000000" m_b="0.000000" m_c="0.000000" m_d="1.000000" m_tx="-16.499001" m_ty="-294.498993"/>
   <element name="sing_post" layername="sing_post" frame="1" z_index="46" m_a="1.000000" m_b="0.000000" m_c="0.000000" m_d="1.000000" m_tx="-27.399000" m_ty="-187.298996"/>
   <element name="sing_post" layername="sing_post" frame="2" z_index="47" m_a="1.000000" m_b="0.000000" m_c="0.000000" m_d="1.000000" m_tx="-27.399000" m_ty="-187.298996"/>
   <element name="grass" layername="grass" frame="0" z_index="44" m_a="1.018390" m_b="0.000000" m_c="0.000000" m_d="1.088390" m_tx="-7.549000" m_ty="-22.349001"/>
  </frame>
  <frame idx="525" w="440" h="666" x="-45.248497" y="-352.623474">
   <element name="sign_arrow" layername="sign_arrow" frame="0" z_index="45" m_a="1.000000" m_b="0.000000" m_c="0.000000" m_d="1.000000" m_tx="-16.499001" m_ty="-294.498993"/>
   <element name="sing_post" layername="sing_post" frame="1" z_index="46" m_a="1.000000" m_b="0.000000" m_c="0.000000" m_d="1.000000" m_tx="-27.399000" m_ty="-187.298996"/>
   <element name="sing_post" layername="sing_post" frame="2" z_index="47" m_a="1.000000" m_b="0.000000" m_c="0.000000" m_d="1.000000" m_tx="-27.399000" m_ty="-187.298996"/>
   <element name="grass" layername="grass" frame="0" z_index="44" m_a="1.010868" m_b="0.000000" m_c="0.000000" m_d="1.052287" m_tx="-7.549000" m_ty="-21.576941"/>
  </frame>
  <frame idx="550" w="440" h="666" x="-45.248497" y="-352.623474">
   <element name="sign_arrow" layername="sign_arrow" frame="0" z_index="45" m_a="1.000000" m_b="0.000000" m_c="0.000000" m_d="1.000000" m_tx="-16.499001" m_ty="-294.498993"/>
   <element name="sing_post" layername="sing_post" frame="1" z_index="46" m_a="1.000000" m_b="0.000000" m_c="0.000000" m_d="1.000000" m_tx="-27.399000" m_ty="-187.298996"/>
   <element name="sing_post" layername="sing_post" frame="2" z_index="47" m_a="1.000000" m_b="0.000000" m_c="0.000000" m_d="1.000000" m_tx="-27.399000" m_ty="-187.298996"/>
   <element name="grass" layername="grass" frame="0" z_index="44" m_a="1.005202" m_b="0.000000" m_c="0.000000" m_d="1.025006" m_tx="-7.549000" m_ty="-20.983849"/>
  </frame>
  <frame idx="575" w="440" h="666" x="-45.248497" y="-352.623474">
   <element name="sign_arrow" layername="sign_arrow" frame="0" z_index="45" m_a="1.000000" m_b="0.000000" m_c="0.000000" m_d="1.000000" m_tx="-16.499001" m_ty="-294.498993"/>
   <element name="sing_post" layername="sing_post" frame="1" z_index="46" m_a="1.000000" m_b="0.000000" m_c="0.000000" m_d="1.000000" m_tx="-27.399000" m_ty="-187.298996"/>
   <element name="sing_post" layername="sing_post" frame="2" z_index="47" m_a="1.000000" m_b="0.000000" m_c="0.000000" m_d="1.000000" m_tx="-27.399000" m_ty="-187.298996"/>
   <element name="grass" layername="grass" frame="0" z_index="44" m_a="1.001561" m_b="0.000000" m_c="0.000000" m_d="1.007447" m_tx="-7.536879" m_ty="-20.588394"/>
  </frame>
  <frame idx="600" w="440" h="666" x="-45.248497" y="-352.623474">
   <element name="sign_arrow" layername="sign_arrow" frame="0" z_index="45" m_a="1.000000" m_b="0.000000" m_c="0.000000" m_d="1.000000" m_tx="-16.499001" m_ty="-294.498993"/>
   <element name="sing_post" layername="sing_post" frame="1" z_index="46" m_a="1.000000" m_b="0.000000" m_c="0.000000" m_d="1.000000" m_tx="-27.399000" m_ty="-187.298996"/>
   <element name="sing_post" layername="sing_post" frame="2" z_index="47" m_a="1.000000" m_b="0.000000" m_c="0.000000" m_d="1.000000" m_tx="-27.399000" m_ty="-187.298996"/>
   <element name="grass" layername="grass" frame="0" z_index="44" m_a="1.000000" m_b="0.000000" m_c="0.000000" m_d="1.000000" m_tx="-7.499000" m_ty="-20.399000"/>
  </frame>
 </anim>
</Anims>
