<Anims>
 <anim name="BUILD" root="vegetaballs" numframes="1000" framerate="40">
  <frame idx="0" w="244" h="281" x="-14.256227" y="-48.365856">
   <element name="vegetaballs" layername="output" frame="0" z_index="1" m_a="1.312984" m_b="0.000000" m_c="0.000000" m_d="1.312984" m_tx="1.025806" m_ty="-17.038710"/>
  </frame>
  <frame idx="25" w="244" h="281" x="-14.256227" y="-48.365856">
   <element name="vegetaballs" layername="output" frame="0" z_index="1" m_a="1.312984" m_b="0.000000" m_c="0.000000" m_d="1.312984" m_tx="1.025806" m_ty="-17.038710"/>
  </frame>
  <frame idx="50" w="244" h="281" x="-14.256227" y="-48.365856">
   <element name="vegetaballs" layername="output" frame="0" z_index="1" m_a="1.312984" m_b="0.000000" m_c="0.000000" m_d="1.312984" m_tx="1.025806" m_ty="-17.038710"/>
  </frame>
  <frame idx="75" w="244" h="281" x="-14.256227" y="-48.365856">
   <element name="vegetaballs" layername="output" frame="0" z_index="1" m_a="1.312984" m_b="0.000000" m_c="0.000000" m_d="1.312984" m_tx="1.025806" m_ty="-17.038710"/>
  </frame>
  <frame idx="100" w="244" h="281" x="-14.256227" y="-48.365856">
   <element name="vegetaballs" layername="output" frame="0" z_index="1" m_a="1.312984" m_b="0.000000" m_c="0.000000" m_d="1.312984" m_tx="1.025806" m_ty="-17.038710"/>
  </frame>
  <frame idx="125" w="244" h="281" x="-14.256227" y="-48.365856">
   <element name="vegetaballs" layername="output" frame="0" z_index="1" m_a="1.312984" m_b="0.000000" m_c="0.000000" m_d="1.312984" m_tx="1.025806" m_ty="-17.038710"/>
  </frame>
  <frame idx="150" w="244" h="281" x="-14.256227" y="-48.365856">
   <element name="vegetaballs" layername="output" frame="0" z_index="1" m_a="1.312984" m_b="0.000000" m_c="0.000000" m_d="1.312984" m_tx="1.025806" m_ty="-17.038710"/>
  </frame>
  <frame idx="175" w="244" h="281" x="-14.256227" y="-48.365856">
   <element name="vegetaballs" layername="output" frame="0" z_index="1" m_a="1.312984" m_b="0.000000" m_c="0.000000" m_d="1.312984" m_tx="1.025806" m_ty="-17.038710"/>
  </frame>
  <frame idx="200" w="244" h="281" x="-14.256227" y="-48.365856">
   <element name="vegetaballs" layername="output" frame="0" z_index="1" m_a="1.312984" m_b="0.000000" m_c="0.000000" m_d="1.312984" m_tx="1.025806" m_ty="-17.038710"/>
  </frame>
  <frame idx="225" w="244" h="281" x="-14.256227" y="-48.365856">
   <element name="vegetaballs" layername="output" frame="0" z_index="1" m_a="1.312984" m_b="0.000000" m_c="0.000000" m_d="1.312984" m_tx="1.025806" m_ty="-17.038710"/>
  </frame>
  <frame idx="250" w="244" h="281" x="-14.256227" y="-48.365856">
   <element name="vegetaballs" layername="output" frame="0" z_index="1" m_a="1.312984" m_b="0.000000" m_c="0.000000" m_d="1.312984" m_tx="1.025806" m_ty="-17.038710"/>
  </frame>
  <frame idx="275" w="244" h="281" x="-14.256227" y="-48.365856">
   <element name="vegetaballs" layername="output" frame="0" z_index="1" m_a="1.312984" m_b="0.000000" m_c="0.000000" m_d="1.312984" m_tx="1.025806" m_ty="-17.038710"/>
  </frame>
  <frame idx="300" w="244" h="281" x="-14.256227" y="-48.365856">
   <element name="vegetaballs" layername="output" frame="0" z_index="1" m_a="1.312984" m_b="0.000000" m_c="0.000000" m_d="1.312984" m_tx="1.025806" m_ty="-17.038710"/>
  </frame>
  <frame idx="325" w="244" h="281" x="-14.256227" y="-48.365856">
   <element name="vegetaballs" layername="output" frame="0" z_index="1" m_a="1.312984" m_b="0.000000" m_c="0.000000" m_d="1.312984" m_tx="1.025806" m_ty="-17.038710"/>
  </frame>
  <frame idx="350" w="244" h="281" x="-14.256227" y="-48.365856">
   <element name="vegetaballs" layername="output" frame="0" z_index="1" m_a="1.312984" m_b="0.000000" m_c="0.000000" m_d="1.312984" m_tx="1.025806" m_ty="-17.038710"/>
  </frame>
  <frame idx="375" w="244" h="281" x="-14.256227" y="-48.365856">
   <element name="vegetaballs" layername="output" frame="0" z_index="1" m_a="1.312984" m_b="0.000000" m_c="0.000000" m_d="1.312984" m_tx="1.025806" m_ty="-17.038710"/>
  </frame>
  <frame idx="400" w="244" h="281" x="-14.256227" y="-48.365856">
   <element name="vegetaballs" layername="output" frame="0" z_index="1" m_a="1.312984" m_b="0.000000" m_c="0.000000" m_d="1.312984" m_tx="1.025806" m_ty="-17.038710"/>
  </frame>
  <frame idx="425" w="244" h="281" x="-14.256227" y="-48.365856">
   <element name="vegetaballs" layername="output" frame="0" z_index="1" m_a="1.312984" m_b="0.000000" m_c="0.000000" m_d="1.312984" m_tx="1.025806" m_ty="-17.038710"/>
  </frame>
  <frame idx="450" w="244" h="281" x="-14.256227" y="-48.365856">
   <element name="vegetaballs" layername="output" frame="0" z_index="1" m_a="1.312984" m_b="0.000000" m_c="0.000000" m_d="1.312984" m_tx="1.025806" m_ty="-17.038710"/>
  </frame>
  <frame idx="475" w="244" h="281" x="-14.256227" y="-48.365856">
   <element name="vegetaballs" layername="output" frame="0" z_index="1" m_a="1.312984" m_b="0.000000" m_c="0.000000" m_d="1.312984" m_tx="1.025806" m_ty="-17.038710"/>
  </frame>
  <frame idx="500" w="244" h="281" x="-14.256227" y="-48.365856">
   <element name="vegetaballs" layername="output" frame="0" z_index="1" m_a="1.312984" m_b="0.000000" m_c="0.000000" m_d="1.312984" m_tx="1.025806" m_ty="-17.038710"/>
  </frame>
  <frame idx="525" w="244" h="281" x="-14.256227" y="-48.365856">
   <element name="vegetaballs" layername="output" frame="0" z_index="1" m_a="1.312984" m_b="0.000000" m_c="0.000000" m_d="1.312984" m_tx="1.025806" m_ty="-17.038710"/>
  </frame>
  <frame idx="550" w="244" h="281" x="-14.256227" y="-48.365856">
   <element name="vegetaballs" layername="output" frame="0" z_index="1" m_a="1.312984" m_b="0.000000" m_c="0.000000" m_d="1.312984" m_tx="1.025806" m_ty="-17.038710"/>
  </frame>
  <frame idx="575" w="244" h="281" x="-14.256227" y="-48.365856">
   <element name="vegetaballs" layername="output" frame="0" z_index="1" m_a="1.312984" m_b="0.000000" m_c="0.000000" m_d="1.312984" m_tx="1.025806" m_ty="-17.038710"/>
  </frame>
  <frame idx="600" w="244" h="281" x="-14.256227" y="-48.365856">
   <element name="vegetaballs" layername="output" frame="0" z_index="1" m_a="1.312984" m_b="0.000000" m_c="0.000000" m_d="1.312984" m_tx="1.025806" m_ty="-17.038710"/>
  </frame>
  <frame idx="625" w="244" h="281" x="-14.256227" y="-48.365856">
   <element name="vegetaballs" layername="output" frame="0" z_index="1" m_a="1.312984" m_b="0.000000" m_c="0.000000" m_d="1.312984" m_tx="1.025806" m_ty="-17.038710"/>
  </frame>
  <frame idx="650" w="244" h="281" x="-14.256227" y="-48.365856">
   <element name="vegetaballs" layername="output" frame="0" z_index="1" m_a="1.312984" m_b="0.000000" m_c="0.000000" m_d="1.312984" m_tx="1.025806" m_ty="-17.038710"/>
  </frame>
  <frame idx="675" w="244" h="281" x="-14.256227" y="-48.365856">
   <element name="vegetaballs" layername="output" frame="0" z_index="1" m_a="1.312984" m_b="0.000000" m_c="0.000000" m_d="1.312984" m_tx="1.025806" m_ty="-17.038710"/>
  </frame>
  <frame idx="700" w="244" h="281" x="-14.256227" y="-48.365856">
   <element name="vegetaballs" layername="output" frame="0" z_index="1" m_a="1.312984" m_b="0.000000" m_c="0.000000" m_d="1.312984" m_tx="1.025806" m_ty="-17.038710"/>
  </frame>
  <frame idx="725" w="244" h="281" x="-14.256227" y="-48.365856">
   <element name="vegetaballs" layername="output" frame="0" z_index="1" m_a="1.312984" m_b="0.000000" m_c="0.000000" m_d="1.312984" m_tx="1.025806" m_ty="-17.038710"/>
  </frame>
  <frame idx="750" w="244" h="281" x="-14.256227" y="-48.365856">
   <element name="vegetaballs" layername="output" frame="0" z_index="1" m_a="1.312984" m_b="0.000000" m_c="0.000000" m_d="1.312984" m_tx="1.025806" m_ty="-17.038710"/>
  </frame>
  <frame idx="775" w="244" h="281" x="-14.256227" y="-48.365856">
   <element name="vegetaballs" layername="output" frame="0" z_index="1" m_a="1.312984" m_b="0.000000" m_c="0.000000" m_d="1.312984" m_tx="1.025806" m_ty="-17.038710"/>
  </frame>
  <frame idx="800" w="244" h="281" x="-14.256227" y="-48.365856">
   <element name="vegetaballs" layername="output" frame="0" z_index="1" m_a="1.312984" m_b="0.000000" m_c="0.000000" m_d="1.312984" m_tx="1.025806" m_ty="-17.038710"/>
  </frame>
  <frame idx="825" w="244" h="281" x="-14.256227" y="-48.365856">
   <element name="vegetaballs" layername="output" frame="0" z_index="1" m_a="1.312984" m_b="0.000000" m_c="0.000000" m_d="1.312984" m_tx="1.025806" m_ty="-17.038710"/>
  </frame>
  <frame idx="850" w="244" h="281" x="-14.256227" y="-48.365856">
   <element name="vegetaballs" layername="output" frame="0" z_index="1" m_a="1.312984" m_b="0.000000" m_c="0.000000" m_d="1.312984" m_tx="1.025806" m_ty="-17.038710"/>
  </frame>
  <frame idx="875" w="244" h="281" x="-14.256227" y="-48.365856">
   <element name="vegetaballs" layername="output" frame="0" z_index="1" m_a="1.312984" m_b="0.000000" m_c="0.000000" m_d="1.312984" m_tx="1.025806" m_ty="-17.038710"/>
  </frame>
  <frame idx="900" w="244" h="281" x="-14.256227" y="-48.365856">
   <element name="vegetaballs" layername="output" frame="0" z_index="1" m_a="1.312984" m_b="0.000000" m_c="0.000000" m_d="1.312984" m_tx="1.025806" m_ty="-17.038710"/>
  </frame>
  <frame idx="925" w="244" h="281" x="-14.256227" y="-48.365856">
   <element name="vegetaballs" layername="output" frame="0" z_index="1" m_a="1.312984" m_b="0.000000" m_c="0.000000" m_d="1.312984" m_tx="1.025806" m_ty="-17.038710"/>
  </frame>
  <frame idx="950" w="244" h="281" x="-14.256227" y="-48.365856">
   <element name="vegetaballs" layername="output" frame="0" z_index="1" m_a="1.312984" m_b="0.000000" m_c="0.000000" m_d="1.312984" m_tx="1.025806" m_ty="-17.038710"/>
  </frame>
  <frame idx="975" w="244" h="281" x="-14.256227" y="-48.365856">
   <element name="vegetaballs" layername="output" frame="0" z_index="1" m_a="1.312984" m_b="0.000000" m_c="0.000000" m_d="1.312984" m_tx="1.025806" m_ty="-17.038710"/>
  </frame>
 </anim>
</Anims>
