<Anims>
 <anim name="paper" root="aip_shadow_package" numframes="1000" framerate="40">
  <frame idx="0" w="162" h="162" x="-13.156579" y="-13.500000">
   <element name="aip_shadow_package" layername="paper" frame="3" z_index="4" m_a="0.670084" m_b="0.000000" m_c="0.000000" m_d="0.670084" m_tx="-0.990050" m_ty="0.000000"/>
  </frame>
  <frame idx="25" w="162" h="162" x="-13.156579" y="-13.500000">
   <element name="aip_shadow_package" layername="paper" frame="3" z_index="4" m_a="0.670084" m_b="0.000000" m_c="0.000000" m_d="0.670084" m_tx="-0.990050" m_ty="0.000000"/>
  </frame>
  <frame idx="50" w="162" h="162" x="-13.156579" y="-13.500000">
   <element name="aip_shadow_package" layername="paper" frame="3" z_index="4" m_a="0.670084" m_b="0.000000" m_c="0.000000" m_d="0.670084" m_tx="-0.990050" m_ty="0.000000"/>
  </frame>
  <frame idx="75" w="162" h="162" x="-13.156579" y="-13.500000">
   <element name="aip_shadow_package" layername="paper" frame="3" z_index="4" m_a="0.670084" m_b="0.000000" m_c="0.000000" m_d="0.670084" m_tx="-0.990050" m_ty="0.000000"/>
  </frame>
  <frame idx="100" w="162" h="162" x="-13.156579" y="-13.500000">
   <element name="aip_shadow_package" layername="paper" frame="3" z_index="4" m_a="0.670084" m_b="0.000000" m_c="0.000000" m_d="0.670084" m_tx="-0.990050" m_ty="0.000000"/>
  </frame>
  <frame idx="125" w="162" h="162" x="-13.156579" y="-13.500000">
   <element name="aip_shadow_package" layername="paper" frame="3" z_index="4" m_a="0.670084" m_b="0.000000" m_c="0.000000" m_d="0.670084" m_tx="-0.990050" m_ty="0.000000"/>
  </frame>
  <frame idx="150" w="162" h="162" x="-13.156579" y="-13.500000">
   <element name="aip_shadow_package" layername="paper" frame="3" z_index="4" m_a="0.670084" m_b="0.000000" m_c="0.000000" m_d="0.670084" m_tx="-0.990050" m_ty="0.000000"/>
  </frame>
  <frame idx="175" w="162" h="162" x="-13.156579" y="-13.500000">
   <element name="aip_shadow_package" layername="paper" frame="3" z_index="4" m_a="0.670084" m_b="0.000000" m_c="0.000000" m_d="0.670084" m_tx="-0.990050" m_ty="0.000000"/>
  </frame>
  <frame idx="200" w="162" h="162" x="-13.156579" y="-13.500000">
   <element name="aip_shadow_package" layername="paper" frame="3" z_index="4" m_a="0.670084" m_b="0.000000" m_c="0.000000" m_d="0.670084" m_tx="-0.990050" m_ty="0.000000"/>
  </frame>
  <frame idx="225" w="162" h="162" x="-13.156579" y="-13.500000">
   <element name="aip_shadow_package" layername="paper" frame="3" z_index="4" m_a="0.670084" m_b="0.000000" m_c="0.000000" m_d="0.670084" m_tx="-0.990050" m_ty="0.000000"/>
  </frame>
  <frame idx="250" w="162" h="162" x="-13.156579" y="-13.500000">
   <element name="aip_shadow_package" layername="paper" frame="3" z_index="4" m_a="0.670084" m_b="0.000000" m_c="0.000000" m_d="0.670084" m_tx="-0.990050" m_ty="0.000000"/>
  </frame>
  <frame idx="275" w="162" h="162" x="-13.156579" y="-13.500000">
   <element name="aip_shadow_package" layername="paper" frame="3" z_index="4" m_a="0.670084" m_b="0.000000" m_c="0.000000" m_d="0.670084" m_tx="-0.990050" m_ty="0.000000"/>
  </frame>
  <frame idx="300" w="162" h="162" x="-13.156579" y="-13.500000">
   <element name="aip_shadow_package" layername="paper" frame="3" z_index="4" m_a="0.670084" m_b="0.000000" m_c="0.000000" m_d="0.670084" m_tx="-0.990050" m_ty="0.000000"/>
  </frame>
  <frame idx="325" w="162" h="162" x="-13.156579" y="-13.500000">
   <element name="aip_shadow_package" layername="paper" frame="3" z_index="4" m_a="0.670084" m_b="0.000000" m_c="0.000000" m_d="0.670084" m_tx="-0.990050" m_ty="0.000000"/>
  </frame>
  <frame idx="350" w="162" h="162" x="-13.156579" y="-13.500000">
   <element name="aip_shadow_package" layername="paper" frame="3" z_index="4" m_a="0.670084" m_b="0.000000" m_c="0.000000" m_d="0.670084" m_tx="-0.990050" m_ty="0.000000"/>
  </frame>
  <frame idx="375" w="162" h="162" x="-13.156579" y="-13.500000">
   <element name="aip_shadow_package" layername="paper" frame="3" z_index="4" m_a="0.670084" m_b="0.000000" m_c="0.000000" m_d="0.670084" m_tx="-0.990050" m_ty="0.000000"/>
  </frame>
  <frame idx="400" w="162" h="162" x="-13.156579" y="-13.500000">
   <element name="aip_shadow_package" layername="paper" frame="3" z_index="4" m_a="0.670084" m_b="0.000000" m_c="0.000000" m_d="0.670084" m_tx="-0.990050" m_ty="0.000000"/>
  </frame>
  <frame idx="425" w="162" h="162" x="-13.156579" y="-13.500000">
   <element name="aip_shadow_package" layername="paper" frame="3" z_index="4" m_a="0.670084" m_b="0.000000" m_c="0.000000" m_d="0.670084" m_tx="-0.990050" m_ty="0.000000"/>
  </frame>
  <frame idx="450" w="162" h="162" x="-13.156579" y="-13.500000">
   <element name="aip_shadow_package" layername="paper" frame="3" z_index="4" m_a="0.670084" m_b="0.000000" m_c="0.000000" m_d="0.670084" m_tx="-0.990050" m_ty="0.000000"/>
  </frame>
  <frame idx="475" w="162" h="162" x="-13.156579" y="-13.500000">
   <element name="aip_shadow_package" layername="paper" frame="3" z_index="4" m_a="0.670084" m_b="0.000000" m_c="0.000000" m_d="0.670084" m_tx="-0.990050" m_ty="0.000000"/>
  </frame>
  <frame idx="500" w="162" h="162" x="-13.156579" y="-13.500000">
   <element name="aip_shadow_package" layername="paper" frame="3" z_index="4" m_a="0.670084" m_b="0.000000" m_c="0.000000" m_d="0.670084" m_tx="-0.990050" m_ty="0.000000"/>
  </frame>
  <frame idx="525" w="162" h="162" x="-13.156579" y="-13.500000">
   <element name="aip_shadow_package" layername="paper" frame="3" z_index="4" m_a="0.670084" m_b="0.000000" m_c="0.000000" m_d="0.670084" m_tx="-0.990050" m_ty="0.000000"/>
  </frame>
  <frame idx="550" w="162" h="162" x="-13.156579" y="-13.500000">
   <element name="aip_shadow_package" layername="paper" frame="3" z_index="4" m_a="0.670084" m_b="0.000000" m_c="0.000000" m_d="0.670084" m_tx="-0.990050" m_ty="0.000000"/>
  </frame>
  <frame idx="575" w="162" h="162" x="-13.156579" y="-13.500000">
   <element name="aip_shadow_package" layername="paper" frame="3" z_index="4" m_a="0.670084" m_b="0.000000" m_c="0.000000" m_d="0.670084" m_tx="-0.990050" m_ty="0.000000"/>
  </frame>
  <frame idx="600" w="162" h="162" x="-13.156579" y="-13.500000">
   <element name="aip_shadow_package" layername="paper" frame="3" z_index="4" m_a="0.670084" m_b="0.000000" m_c="0.000000" m_d="0.670084" m_tx="-0.990050" m_ty="0.000000"/>
  </frame>
  <frame idx="625" w="162" h="162" x="-13.156579" y="-13.500000">
   <element name="aip_shadow_package" layername="paper" frame="3" z_index="4" m_a="0.670084" m_b="0.000000" m_c="0.000000" m_d="0.670084" m_tx="-0.990050" m_ty="0.000000"/>
  </frame>
  <frame idx="650" w="162" h="162" x="-13.156579" y="-13.500000">
   <element name="aip_shadow_package" layername="paper" frame="3" z_index="4" m_a="0.670084" m_b="0.000000" m_c="0.000000" m_d="0.670084" m_tx="-0.990050" m_ty="0.000000"/>
  </frame>
  <frame idx="675" w="162" h="162" x="-13.156579" y="-13.500000">
   <element name="aip_shadow_package" layername="paper" frame="3" z_index="4" m_a="0.670084" m_b="0.000000" m_c="0.000000" m_d="0.670084" m_tx="-0.990050" m_ty="0.000000"/>
  </frame>
  <frame idx="700" w="162" h="162" x="-13.156579" y="-13.500000">
   <element name="aip_shadow_package" layername="paper" frame="3" z_index="4" m_a="0.670084" m_b="0.000000" m_c="0.000000" m_d="0.670084" m_tx="-0.990050" m_ty="0.000000"/>
  </frame>
  <frame idx="725" w="162" h="162" x="-13.156579" y="-13.500000">
   <element name="aip_shadow_package" layername="paper" frame="3" z_index="4" m_a="0.670084" m_b="0.000000" m_c="0.000000" m_d="0.670084" m_tx="-0.990050" m_ty="0.000000"/>
  </frame>
  <frame idx="750" w="162" h="162" x="-13.156579" y="-13.500000">
   <element name="aip_shadow_package" layername="paper" frame="3" z_index="4" m_a="0.670084" m_b="0.000000" m_c="0.000000" m_d="0.670084" m_tx="-0.990050" m_ty="0.000000"/>
  </frame>
  <frame idx="775" w="162" h="162" x="-13.156579" y="-13.500000">
   <element name="aip_shadow_package" layername="paper" frame="3" z_index="4" m_a="0.670084" m_b="0.000000" m_c="0.000000" m_d="0.670084" m_tx="-0.990050" m_ty="0.000000"/>
  </frame>
  <frame idx="800" w="162" h="162" x="-13.156579" y="-13.500000">
   <element name="aip_shadow_package" layername="paper" frame="3" z_index="4" m_a="0.670084" m_b="0.000000" m_c="0.000000" m_d="0.670084" m_tx="-0.990050" m_ty="0.000000"/>
  </frame>
  <frame idx="825" w="162" h="162" x="-13.156579" y="-13.500000">
   <element name="aip_shadow_package" layername="paper" frame="3" z_index="4" m_a="0.670084" m_b="0.000000" m_c="0.000000" m_d="0.670084" m_tx="-0.990050" m_ty="0.000000"/>
  </frame>
  <frame idx="850" w="162" h="162" x="-13.156579" y="-13.500000">
   <element name="aip_shadow_package" layername="paper" frame="3" z_index="4" m_a="0.670084" m_b="0.000000" m_c="0.000000" m_d="0.670084" m_tx="-0.990050" m_ty="0.000000"/>
  </frame>
  <frame idx="875" w="162" h="162" x="-13.156579" y="-13.500000">
   <element name="aip_shadow_package" layername="paper" frame="3" z_index="4" m_a="0.670084" m_b="0.000000" m_c="0.000000" m_d="0.670084" m_tx="-0.990050" m_ty="0.000000"/>
  </frame>
  <frame idx="900" w="162" h="162" x="-13.156579" y="-13.500000">
   <element name="aip_shadow_package" layername="paper" frame="3" z_index="4" m_a="0.670084" m_b="0.000000" m_c="0.000000" m_d="0.670084" m_tx="-0.990050" m_ty="0.000000"/>
  </frame>
  <frame idx="925" w="162" h="162" x="-13.156579" y="-13.500000">
   <element name="aip_shadow_package" layername="paper" frame="3" z_index="4" m_a="0.670084" m_b="0.000000" m_c="0.000000" m_d="0.670084" m_tx="-0.990050" m_ty="0.000000"/>
  </frame>
  <frame idx="950" w="162" h="162" x="-13.156579" y="-13.500000">
   <element name="aip_shadow_package" layername="paper" frame="3" z_index="4" m_a="0.670084" m_b="0.000000" m_c="0.000000" m_d="0.670084" m_tx="-0.990050" m_ty="0.000000"/>
  </frame>
  <frame idx="975" w="162" h="162" x="-13.156579" y="-13.500000">
   <element name="aip_shadow_package" layername="paper" frame="3" z_index="4" m_a="0.670084" m_b="0.000000" m_c="0.000000" m_d="0.670084" m_tx="-0.990050" m_ty="0.000000"/>
  </frame>
 </anim>
 <anim name="default" root="aip_shadow_package" numframes="1000" framerate="40">
  <frame idx="0" w="241" h="242" x="-19.500031" y="-20.500000">
   <element name="aip_shadow_package" layername="packaged" frame="0" z_index="4" m_a="1.000000" m_b="0.000000" m_c="0.000000" m_d="1.000000" m_tx="0.004975" m_ty="0.000000"/>
  </frame>
  <frame idx="25" w="241" h="242" x="-19.500031" y="-20.500000">
   <element name="aip_shadow_package" layername="packaged" frame="0" z_index="4" m_a="1.000000" m_b="0.000000" m_c="0.000000" m_d="1.000000" m_tx="0.004975" m_ty="0.000000"/>
  </frame>
  <frame idx="50" w="241" h="242" x="-19.500031" y="-20.500000">
   <element name="aip_shadow_package" layername="packaged" frame="0" z_index="4" m_a="1.000000" m_b="0.000000" m_c="0.000000" m_d="1.000000" m_tx="0.004975" m_ty="0.000000"/>
  </frame>
  <frame idx="75" w="241" h="242" x="-19.500031" y="-20.500000">
   <element name="aip_shadow_package" layername="packaged" frame="0" z_index="4" m_a="1.000000" m_b="0.000000" m_c="0.000000" m_d="1.000000" m_tx="0.004975" m_ty="0.000000"/>
  </frame>
  <frame idx="100" w="241" h="242" x="-19.500031" y="-20.500000">
   <element name="aip_shadow_package" layername="packaged" frame="0" z_index="4" m_a="1.000000" m_b="0.000000" m_c="0.000000" m_d="1.000000" m_tx="0.004975" m_ty="0.000000"/>
  </frame>
  <frame idx="125" w="241" h="242" x="-19.500031" y="-20.500000">
   <element name="aip_shadow_package" layername="packaged" frame="0" z_index="4" m_a="1.000000" m_b="0.000000" m_c="0.000000" m_d="1.000000" m_tx="0.004975" m_ty="0.000000"/>
  </frame>
  <frame idx="150" w="241" h="242" x="-19.500031" y="-20.500000">
   <element name="aip_shadow_package" layername="packaged" frame="0" z_index="4" m_a="1.000000" m_b="0.000000" m_c="0.000000" m_d="1.000000" m_tx="0.004975" m_ty="0.000000"/>
  </frame>
  <frame idx="175" w="241" h="242" x="-19.500031" y="-20.500000">
   <element name="aip_shadow_package" layername="packaged" frame="0" z_index="4" m_a="1.000000" m_b="0.000000" m_c="0.000000" m_d="1.000000" m_tx="0.004975" m_ty="0.000000"/>
  </frame>
  <frame idx="200" w="241" h="242" x="-19.500031" y="-20.500000">
   <element name="aip_shadow_package" layername="packaged" frame="0" z_index="4" m_a="1.000000" m_b="0.000000" m_c="0.000000" m_d="1.000000" m_tx="0.004975" m_ty="0.000000"/>
  </frame>
  <frame idx="225" w="241" h="242" x="-19.500031" y="-20.500000">
   <element name="aip_shadow_package" layername="packaged" frame="0" z_index="4" m_a="1.000000" m_b="0.000000" m_c="0.000000" m_d="1.000000" m_tx="0.004975" m_ty="0.000000"/>
  </frame>
  <frame idx="250" w="241" h="242" x="-19.500031" y="-20.500000">
   <element name="aip_shadow_package" layername="packaged" frame="0" z_index="4" m_a="1.000000" m_b="0.000000" m_c="0.000000" m_d="1.000000" m_tx="0.004975" m_ty="0.000000"/>
  </frame>
  <frame idx="275" w="241" h="242" x="-19.500031" y="-20.500000">
   <element name="aip_shadow_package" layername="packaged" frame="0" z_index="4" m_a="1.000000" m_b="0.000000" m_c="0.000000" m_d="1.000000" m_tx="0.004975" m_ty="0.000000"/>
  </frame>
  <frame idx="300" w="241" h="242" x="-19.500031" y="-20.500000">
   <element name="aip_shadow_package" layername="packaged" frame="0" z_index="4" m_a="1.000000" m_b="0.000000" m_c="0.000000" m_d="1.000000" m_tx="0.004975" m_ty="0.000000"/>
  </frame>
  <frame idx="325" w="241" h="242" x="-19.500031" y="-20.500000">
   <element name="aip_shadow_package" layername="packaged" frame="0" z_index="4" m_a="1.000000" m_b="0.000000" m_c="0.000000" m_d="1.000000" m_tx="0.004975" m_ty="0.000000"/>
  </frame>
  <frame idx="350" w="241" h="242" x="-19.500031" y="-20.500000">
   <element name="aip_shadow_package" layername="packaged" frame="0" z_index="4" m_a="1.000000" m_b="0.000000" m_c="0.000000" m_d="1.000000" m_tx="0.004975" m_ty="0.000000"/>
  </frame>
  <frame idx="375" w="241" h="242" x="-19.500031" y="-20.500000">
   <element name="aip_shadow_package" layername="packaged" frame="0" z_index="4" m_a="1.000000" m_b="0.000000" m_c="0.000000" m_d="1.000000" m_tx="0.004975" m_ty="0.000000"/>
  </frame>
  <frame idx="400" w="241" h="242" x="-19.500031" y="-20.500000">
   <element name="aip_shadow_package" layername="packaged" frame="0" z_index="4" m_a="1.000000" m_b="0.000000" m_c="0.000000" m_d="1.000000" m_tx="0.004975" m_ty="0.000000"/>
  </frame>
  <frame idx="425" w="241" h="242" x="-19.500031" y="-20.500000">
   <element name="aip_shadow_package" layername="packaged" frame="0" z_index="4" m_a="1.000000" m_b="0.000000" m_c="0.000000" m_d="1.000000" m_tx="0.004975" m_ty="0.000000"/>
  </frame>
  <frame idx="450" w="241" h="242" x="-19.500031" y="-20.500000">
   <element name="aip_shadow_package" layername="packaged" frame="0" z_index="4" m_a="1.000000" m_b="0.000000" m_c="0.000000" m_d="1.000000" m_tx="0.004975" m_ty="0.000000"/>
  </frame>
  <frame idx="475" w="241" h="242" x="-19.500031" y="-20.500000">
   <element name="aip_shadow_package" layername="packaged" frame="0" z_index="4" m_a="1.000000" m_b="0.000000" m_c="0.000000" m_d="1.000000" m_tx="0.004975" m_ty="0.000000"/>
  </frame>
  <frame idx="500" w="241" h="242" x="-19.500031" y="-20.500000">
   <element name="aip_shadow_package" layername="packaged" frame="0" z_index="4" m_a="1.000000" m_b="0.000000" m_c="0.000000" m_d="1.000000" m_tx="0.004975" m_ty="0.000000"/>
  </frame>
  <frame idx="525" w="241" h="242" x="-19.500031" y="-20.500000">
   <element name="aip_shadow_package" layername="packaged" frame="0" z_index="4" m_a="1.000000" m_b="0.000000" m_c="0.000000" m_d="1.000000" m_tx="0.004975" m_ty="0.000000"/>
  </frame>
  <frame idx="550" w="241" h="242" x="-19.500031" y="-20.500000">
   <element name="aip_shadow_package" layername="packaged" frame="0" z_index="4" m_a="1.000000" m_b="0.000000" m_c="0.000000" m_d="1.000000" m_tx="0.004975" m_ty="0.000000"/>
  </frame>
  <frame idx="575" w="241" h="242" x="-19.500031" y="-20.500000">
   <element name="aip_shadow_package" layername="packaged" frame="0" z_index="4" m_a="1.000000" m_b="0.000000" m_c="0.000000" m_d="1.000000" m_tx="0.004975" m_ty="0.000000"/>
  </frame>
  <frame idx="600" w="241" h="242" x="-19.500031" y="-20.500000">
   <element name="aip_shadow_package" layername="packaged" frame="0" z_index="4" m_a="1.000000" m_b="0.000000" m_c="0.000000" m_d="1.000000" m_tx="0.004975" m_ty="0.000000"/>
  </frame>
  <frame idx="625" w="241" h="242" x="-19.500031" y="-20.500000">
   <element name="aip_shadow_package" layername="packaged" frame="0" z_index="4" m_a="1.000000" m_b="0.000000" m_c="0.000000" m_d="1.000000" m_tx="0.004975" m_ty="0.000000"/>
  </frame>
  <frame idx="650" w="241" h="242" x="-19.500031" y="-20.500000">
   <element name="aip_shadow_package" layername="packaged" frame="0" z_index="4" m_a="1.000000" m_b="0.000000" m_c="0.000000" m_d="1.000000" m_tx="0.004975" m_ty="0.000000"/>
  </frame>
  <frame idx="675" w="241" h="242" x="-19.500031" y="-20.500000">
   <element name="aip_shadow_package" layername="packaged" frame="0" z_index="4" m_a="1.000000" m_b="0.000000" m_c="0.000000" m_d="1.000000" m_tx="0.004975" m_ty="0.000000"/>
  </frame>
  <frame idx="700" w="241" h="242" x="-19.500031" y="-20.500000">
   <element name="aip_shadow_package" layername="packaged" frame="0" z_index="4" m_a="1.000000" m_b="0.000000" m_c="0.000000" m_d="1.000000" m_tx="0.004975" m_ty="0.000000"/>
  </frame>
  <frame idx="725" w="241" h="242" x="-19.500031" y="-20.500000">
   <element name="aip_shadow_package" layername="packaged" frame="0" z_index="4" m_a="1.000000" m_b="0.000000" m_c="0.000000" m_d="1.000000" m_tx="0.004975" m_ty="0.000000"/>
  </frame>
  <frame idx="750" w="241" h="242" x="-19.500031" y="-20.500000">
   <element name="aip_shadow_package" layername="packaged" frame="0" z_index="4" m_a="1.000000" m_b="0.000000" m_c="0.000000" m_d="1.000000" m_tx="0.004975" m_ty="0.000000"/>
  </frame>
  <frame idx="775" w="241" h="242" x="-19.500031" y="-20.500000">
   <element name="aip_shadow_package" layername="packaged" frame="0" z_index="4" m_a="1.000000" m_b="0.000000" m_c="0.000000" m_d="1.000000" m_tx="0.004975" m_ty="0.000000"/>
  </frame>
  <frame idx="800" w="241" h="242" x="-19.500031" y="-20.500000">
   <element name="aip_shadow_package" layername="packaged" frame="0" z_index="4" m_a="1.000000" m_b="0.000000" m_c="0.000000" m_d="1.000000" m_tx="0.004975" m_ty="0.000000"/>
  </frame>
  <frame idx="825" w="241" h="242" x="-19.500031" y="-20.500000">
   <element name="aip_shadow_package" layername="packaged" frame="0" z_index="4" m_a="1.000000" m_b="0.000000" m_c="0.000000" m_d="1.000000" m_tx="0.004975" m_ty="0.000000"/>
  </frame>
  <frame idx="850" w="241" h="242" x="-19.500031" y="-20.500000">
   <element name="aip_shadow_package" layername="packaged" frame="0" z_index="4" m_a="1.000000" m_b="0.000000" m_c="0.000000" m_d="1.000000" m_tx="0.004975" m_ty="0.000000"/>
  </frame>
  <frame idx="875" w="241" h="242" x="-19.500031" y="-20.500000">
   <element name="aip_shadow_package" layername="packaged" frame="0" z_index="4" m_a="1.000000" m_b="0.000000" m_c="0.000000" m_d="1.000000" m_tx="0.004975" m_ty="0.000000"/>
  </frame>
  <frame idx="900" w="241" h="242" x="-19.500031" y="-20.500000">
   <element name="aip_shadow_package" layername="packaged" frame="0" z_index="4" m_a="1.000000" m_b="0.000000" m_c="0.000000" m_d="1.000000" m_tx="0.004975" m_ty="0.000000"/>
  </frame>
  <frame idx="925" w="241" h="242" x="-19.500031" y="-20.500000">
   <element name="aip_shadow_package" layername="packaged" frame="0" z_index="4" m_a="1.000000" m_b="0.000000" m_c="0.000000" m_d="1.000000" m_tx="0.004975" m_ty="0.000000"/>
  </frame>
  <frame idx="950" w="241" h="242" x="-19.500031" y="-20.500000">
   <element name="aip_shadow_package" layername="packaged" frame="0" z_index="4" m_a="1.000000" m_b="0.000000" m_c="0.000000" m_d="1.000000" m_tx="0.004975" m_ty="0.000000"/>
  </frame>
  <frame idx="975" w="241" h="242" x="-19.500031" y="-20.500000">
   <element name="aip_shadow_package" layername="packaged" frame="0" z_index="4" m_a="1.000000" m_b="0.000000" m_c="0.000000" m_d="1.000000" m_tx="0.004975" m_ty="0.000000"/>
  </frame>
 </anim>
 <anim name="idle" root="aip_shadow_package" numframes="1500" framerate="40">
  <frame idx="0" w="220" h="148" x="-16.337097" y="-33.985435">
   <element name="aip_shadow_package" layername="packaged_down" frame="1" z_index="4" m_a="1.000000" m_b="0.000000" m_c="0.000000" m_d="1.000000" m_tx="68.000000" m_ty="9.000000"/>
   <element name="aip_shadow_package" layername="packaged_up" frame="2" z_index="3" m_a="1.000000" m_b="0.000000" m_c="0.000000" m_d="1.000000" m_tx="69.178574" m_ty="-19.517857"/>
  </frame>
  <frame idx="25" w="220" h="148" x="-16.329834" y="-34.218925">
   <element name="aip_shadow_package" layername="packaged_down" frame="1" z_index="4" m_a="0.999304" m_b="0.000000" m_c="0.000000" m_d="1.000000" m_tx="67.899055" m_ty="9.000000"/>
   <element name="aip_shadow_package" layername="packaged_up" frame="2" z_index="3" m_a="0.999994" m_b="0.003484" m_c="-0.003484" m_d="0.999994" m_tx="69.178574" m_ty="-19.517857"/>
  </frame>
  <frame idx="50" w="220" h="148" x="-16.321760" y="-34.452385">
   <element name="aip_shadow_package" layername="packaged_down" frame="1" z_index="4" m_a="0.998608" m_b="0.000000" m_c="0.000000" m_d="1.000000" m_tx="67.798119" m_ty="9.000000"/>
   <element name="aip_shadow_package" layername="packaged_up" frame="2" z_index="3" m_a="0.999976" m_b="0.006969" m_c="-0.006969" m_d="0.999976" m_tx="69.178574" m_ty="-19.517857"/>
  </frame>
  <frame idx="75" w="219" h="148" x="-16.312868" y="-34.685822">
   <element name="aip_shadow_package" layername="packaged_down" frame="1" z_index="4" m_a="0.997911" m_b="0.000000" m_c="0.000000" m_d="1.000000" m_tx="67.697174" m_ty="9.000000"/>
   <element name="aip_shadow_package" layername="packaged_up" frame="2" z_index="3" m_a="0.999945" m_b="0.010453" m_c="-0.010453" m_d="0.999945" m_tx="69.178574" m_ty="-19.517857"/>
  </frame>
  <frame idx="100" w="219" h="148" x="-16.303169" y="-34.919220">
   <element name="aip_shadow_package" layername="packaged_down" frame="1" z_index="4" m_a="0.997215" m_b="0.000000" m_c="0.000000" m_d="1.000000" m_tx="67.596230" m_ty="9.000000"/>
   <element name="aip_shadow_package" layername="packaged_up" frame="2" z_index="3" m_a="0.999903" m_b="0.013937" m_c="-0.013937" m_d="0.999903" m_tx="69.178574" m_ty="-19.517857"/>
  </frame>
  <frame idx="125" w="219" h="149" x="-16.292652" y="-35.152584">
   <element name="aip_shadow_package" layername="packaged_down" frame="1" z_index="4" m_a="0.996519" m_b="0.000000" m_c="0.000000" m_d="1.000000" m_tx="67.495293" m_ty="9.000000"/>
   <element name="aip_shadow_package" layername="packaged_up" frame="2" z_index="3" m_a="0.999848" m_b="0.017421" m_c="-0.017421" m_d="0.999848" m_tx="69.178574" m_ty="-19.517857"/>
  </frame>
  <frame idx="150" w="219" h="149" x="-16.281322" y="-35.385910">
   <element name="aip_shadow_package" layername="packaged_down" frame="1" z_index="4" m_a="0.995823" m_b="0.000000" m_c="0.000000" m_d="1.000000" m_tx="67.394348" m_ty="9.000000"/>
   <element name="aip_shadow_package" layername="packaged_up" frame="2" z_index="3" m_a="0.999781" m_b="0.020904" m_c="-0.020904" m_d="0.999781" m_tx="69.178574" m_ty="-19.517857"/>
  </frame>
  <frame idx="175" w="219" h="149" x="-16.269180" y="-35.619198">
   <element name="aip_shadow_package" layername="packaged_down" frame="1" z_index="4" m_a="0.995127" m_b="0.000000" m_c="0.000000" m_d="1.000000" m_tx="67.293404" m_ty="9.000000"/>
   <element name="aip_shadow_package" layername="packaged_up" frame="2" z_index="3" m_a="0.999703" m_b="0.024388" m_c="-0.024388" m_d="0.999703" m_tx="69.178574" m_ty="-19.517857"/>
  </frame>
  <frame idx="200" w="218" h="149" x="-16.256227" y="-35.852440">
   <element name="aip_shadow_package" layername="packaged_down" frame="1" z_index="4" m_a="0.994430" m_b="0.000000" m_c="0.000000" m_d="1.000000" m_tx="67.192467" m_ty="9.000000"/>
   <element name="aip_shadow_package" layername="packaged_up" frame="2" z_index="3" m_a="0.999612" m_b="0.027871" m_c="-0.027871" m_d="0.999612" m_tx="69.178574" m_ty="-19.517857"/>
  </frame>
  <frame idx="225" w="218" h="149" x="-16.242460" y="-36.085632">
   <element name="aip_shadow_package" layername="packaged_down" frame="1" z_index="4" m_a="0.993734" m_b="0.000000" m_c="0.000000" m_d="1.000000" m_tx="67.091522" m_ty="9.000000"/>
   <element name="aip_shadow_package" layername="packaged_up" frame="2" z_index="3" m_a="0.999508" m_b="0.031353" m_c="-0.031353" m_d="0.999508" m_tx="69.178574" m_ty="-19.517857"/>
  </frame>
  <frame idx="250" w="218" h="149" x="-16.227880" y="-36.318779">
   <element name="aip_shadow_package" layername="packaged_down" frame="1" z_index="4" m_a="0.993038" m_b="0.000000" m_c="0.000000" m_d="1.000000" m_tx="66.990578" m_ty="9.000000"/>
   <element name="aip_shadow_package" layername="packaged_up" frame="2" z_index="3" m_a="0.999393" m_b="0.034836" m_c="-0.034836" m_d="0.999393" m_tx="69.178574" m_ty="-19.517857"/>
  </frame>
  <frame idx="275" w="218" h="150" x="-16.212488" y="-36.551876">
   <element name="aip_shadow_package" layername="packaged_down" frame="1" z_index="4" m_a="0.992342" m_b="0.000000" m_c="0.000000" m_d="1.000000" m_tx="66.889633" m_ty="9.000000"/>
   <element name="aip_shadow_package" layername="packaged_up" frame="2" z_index="3" m_a="0.999266" m_b="0.038318" m_c="-0.038318" m_d="0.999266" m_tx="69.178574" m_ty="-19.517857"/>
  </frame>
  <frame idx="300" w="218" h="150" x="-16.196283" y="-36.784912">
   <element name="aip_shadow_package" layername="packaged_down" frame="1" z_index="4" m_a="0.991646" m_b="0.000000" m_c="0.000000" m_d="1.000000" m_tx="66.788696" m_ty="9.000000"/>
   <element name="aip_shadow_package" layername="packaged_up" frame="2" z_index="3" m_a="0.999126" m_b="0.041799" m_c="-0.041799" m_d="0.999126" m_tx="69.178574" m_ty="-19.517857"/>
  </frame>
  <frame idx="325" w="217" h="150" x="-16.179268" y="-37.017899">
   <element name="aip_shadow_package" layername="packaged_down" frame="1" z_index="4" m_a="0.990949" m_b="0.000000" m_c="0.000000" m_d="1.000000" m_tx="66.687752" m_ty="9.000000"/>
   <element name="aip_shadow_package" layername="packaged_up" frame="2" z_index="3" m_a="0.998974" m_b="0.045280" m_c="-0.045280" m_d="0.998974" m_tx="69.178574" m_ty="-19.517857"/>
  </frame>
  <frame idx="350" w="217" h="150" x="-16.161440" y="-37.250816">
   <element name="aip_shadow_package" layername="packaged_down" frame="1" z_index="4" m_a="0.990253" m_b="0.000000" m_c="0.000000" m_d="1.000000" m_tx="66.586807" m_ty="9.000000"/>
   <element name="aip_shadow_package" layername="packaged_up" frame="2" z_index="3" m_a="0.998810" m_b="0.048761" m_c="-0.048761" m_d="0.998810" m_tx="69.178574" m_ty="-19.517857"/>
  </frame>
  <frame idx="375" w="217" h="150" x="-16.142801" y="-37.483673">
   <element name="aip_shadow_package" layername="packaged_down" frame="1" z_index="4" m_a="0.989557" m_b="0.000000" m_c="0.000000" m_d="1.000000" m_tx="66.485870" m_ty="9.000000"/>
   <element name="aip_shadow_package" layername="packaged_up" frame="2" z_index="3" m_a="0.998635" m_b="0.052240" m_c="-0.052240" m_d="0.998635" m_tx="69.178574" m_ty="-19.517857"/>
  </frame>
  <frame idx="400" w="217" h="150" x="-16.123354" y="-37.716465">
   <element name="aip_shadow_package" layername="packaged_down" frame="1" z_index="4" m_a="0.988861" m_b="0.000000" m_c="0.000000" m_d="1.000000" m_tx="66.384926" m_ty="9.000000"/>
   <element name="aip_shadow_package" layername="packaged_up" frame="2" z_index="3" m_a="0.998446" m_b="0.055720" m_c="-0.055720" m_d="0.998446" m_tx="69.178574" m_ty="-19.517857"/>
  </frame>
  <frame idx="425" w="217" h="152" x="-16.103092" y="-38.449188">
   <element name="aip_shadow_package" layername="packaged_down" frame="1" z_index="4" m_a="0.988165" m_b="0.000000" m_c="0.000000" m_d="1.000000" m_tx="66.283981" m_ty="9.000000"/>
   <element name="aip_shadow_package" layername="packaged_up" frame="2" z_index="3" m_a="0.998246" m_b="0.059198" m_c="-0.059198" m_d="0.998246" m_tx="69.178574" m_ty="-19.517857"/>
  </frame>
  <frame idx="450" w="215" h="152" x="-15.582021" y="-38.681835">
   <element name="aip_shadow_package" layername="packaged_down" frame="1" z_index="4" m_a="0.987468" m_b="0.000000" m_c="0.000000" m_d="1.000000" m_tx="66.183044" m_ty="9.000000"/>
   <element name="aip_shadow_package" layername="packaged_up" frame="2" z_index="3" m_a="0.998034" m_b="0.062676" m_c="-0.062676" m_d="0.998034" m_tx="69.178574" m_ty="-19.517857"/>
  </frame>
  <frame idx="475" w="215" h="152" x="-15.560136" y="-38.914410">
   <element name="aip_shadow_package" layername="packaged_down" frame="1" z_index="4" m_a="0.986772" m_b="0.000000" m_c="0.000000" m_d="1.000000" m_tx="66.082100" m_ty="9.000000"/>
   <element name="aip_shadow_package" layername="packaged_up" frame="2" z_index="3" m_a="0.997809" m_b="0.066153" m_c="-0.066153" m_d="0.997809" m_tx="69.178574" m_ty="-19.517857"/>
  </frame>
  <frame idx="500" w="215" h="152" x="-15.537447" y="-39.146904">
   <element name="aip_shadow_package" layername="packaged_down" frame="1" z_index="4" m_a="0.986076" m_b="0.000000" m_c="0.000000" m_d="1.000000" m_tx="65.981155" m_ty="9.000000"/>
   <element name="aip_shadow_package" layername="packaged_up" frame="2" z_index="3" m_a="0.997573" m_b="0.069629" m_c="-0.069629" m_d="0.997573" m_tx="69.178574" m_ty="-19.517857"/>
  </frame>
  <frame idx="525" w="215" h="152" x="-15.513944" y="-39.379326">
   <element name="aip_shadow_package" layername="packaged_down" frame="1" z_index="4" m_a="0.985380" m_b="0.000000" m_c="0.000000" m_d="1.000000" m_tx="65.880219" m_ty="9.000000"/>
   <element name="aip_shadow_package" layername="packaged_up" frame="2" z_index="3" m_a="0.997324" m_b="0.073105" m_c="-0.073105" m_d="0.997324" m_tx="69.178574" m_ty="-19.517857"/>
  </frame>
  <frame idx="550" w="215" h="153" x="-15.489632" y="-39.611656">
   <element name="aip_shadow_package" layername="packaged_down" frame="1" z_index="4" m_a="0.984684" m_b="0.000000" m_c="0.000000" m_d="1.000000" m_tx="65.779274" m_ty="9.000000"/>
   <element name="aip_shadow_package" layername="packaged_up" frame="2" z_index="3" m_a="0.997064" m_b="0.076579" m_c="-0.076579" m_d="0.997064" m_tx="69.178574" m_ty="-19.517857"/>
  </frame>
  <frame idx="575" w="214" h="153" x="-15.464510" y="-39.843903">
   <element name="aip_shadow_package" layername="packaged_down" frame="1" z_index="4" m_a="0.983987" m_b="0.000000" m_c="0.000000" m_d="1.000000" m_tx="65.678329" m_ty="9.000000"/>
   <element name="aip_shadow_package" layername="packaged_up" frame="2" z_index="3" m_a="0.996791" m_b="0.080053" m_c="-0.080053" m_d="0.996791" m_tx="69.178574" m_ty="-19.517857"/>
  </frame>
  <frame idx="600" w="214" h="154" x="-15.438581" y="-40.076061">
   <element name="aip_shadow_package" layername="packaged_down" frame="1" z_index="4" m_a="0.983291" m_b="0.000000" m_c="0.000000" m_d="1.000000" m_tx="65.577393" m_ty="9.000000"/>
   <element name="aip_shadow_package" layername="packaged_up" frame="2" z_index="3" m_a="0.996506" m_b="0.083525" m_c="-0.083525" m_d="0.996506" m_tx="69.178574" m_ty="-19.517857"/>
  </frame>
  <frame idx="625" w="214" h="155" x="-15.411841" y="-40.308128">
   <element name="aip_shadow_package" layername="packaged_down" frame="1" z_index="4" m_a="0.982595" m_b="0.000000" m_c="0.000000" m_d="1.000000" m_tx="65.476448" m_ty="9.000000"/>
   <element name="aip_shadow_package" layername="packaged_up" frame="2" z_index="3" m_a="0.996209" m_b="0.086997" m_c="-0.086997" m_d="0.996209" m_tx="69.178574" m_ty="-19.517857"/>
  </frame>
  <frame idx="650" w="214" h="156" x="-15.384294" y="-40.540100">
   <element name="aip_shadow_package" layername="packaged_down" frame="1" z_index="4" m_a="0.981899" m_b="0.000000" m_c="0.000000" m_d="1.000000" m_tx="65.375504" m_ty="9.000000"/>
   <element name="aip_shadow_package" layername="packaged_up" frame="2" z_index="3" m_a="0.995899" m_b="0.090467" m_c="-0.090467" m_d="0.995899" m_tx="69.178574" m_ty="-19.517857"/>
  </frame>
  <frame idx="675" w="214" h="158" x="-15.355937" y="-41.271973">
   <element name="aip_shadow_package" layername="packaged_down" frame="1" z_index="4" m_a="0.981203" m_b="0.000000" m_c="0.000000" m_d="1.000000" m_tx="65.274559" m_ty="9.000000"/>
   <element name="aip_shadow_package" layername="packaged_up" frame="2" z_index="3" m_a="0.995578" m_b="0.093937" m_c="-0.093937" m_d="0.995578" m_tx="69.178574" m_ty="-19.517857"/>
  </frame>
  <frame idx="700" w="213" h="158" x="-15.326772" y="-41.503746">
   <element name="aip_shadow_package" layername="packaged_down" frame="1" z_index="4" m_a="0.980506" m_b="0.000000" m_c="0.000000" m_d="1.000000" m_tx="65.173622" m_ty="9.000000"/>
   <element name="aip_shadow_package" layername="packaged_up" frame="2" z_index="3" m_a="0.995245" m_b="0.097405" m_c="-0.097405" m_d="0.995245" m_tx="69.178574" m_ty="-19.517857"/>
  </frame>
  <frame idx="725" w="213" h="159" x="-15.296803" y="-41.735420">
   <element name="aip_shadow_package" layername="packaged_down" frame="1" z_index="4" m_a="0.979810" m_b="0.000000" m_c="0.000000" m_d="1.000000" m_tx="65.072678" m_ty="9.000000"/>
   <element name="aip_shadow_package" layername="packaged_up" frame="2" z_index="3" m_a="0.994899" m_b="0.100872" m_c="-0.100872" m_d="0.994899" m_tx="69.178574" m_ty="-19.517857"/>
  </frame>
  <frame idx="750" w="213" h="159" x="-15.283247" y="-41.838169">
   <element name="aip_shadow_package" layername="packaged_down" frame="1" z_index="4" m_a="0.979501" m_b="0.000000" m_c="0.000000" m_d="1.000000" m_tx="65.027885" m_ty="9.000000"/>
   <element name="aip_shadow_package" layername="packaged_up" frame="2" z_index="3" m_a="0.994742" m_b="0.102410" m_c="-0.102410" m_d="0.994742" m_tx="69.178574" m_ty="-19.517857"/>
  </frame>
  <frame idx="775" w="213" h="159" x="-15.313177" y="-41.609619">
   <element name="aip_shadow_package" layername="packaged_down" frame="1" z_index="4" m_a="0.980188" m_b="0.000000" m_c="0.000000" m_d="1.000000" m_tx="65.127487" m_ty="9.000000"/>
   <element name="aip_shadow_package" layername="packaged_up" frame="2" z_index="3" m_a="0.995088" m_b="0.098990" m_c="-0.098990" m_d="0.995088" m_tx="69.178574" m_ty="-19.517857"/>
  </frame>
  <frame idx="800" w="213" h="158" x="-15.342322" y="-41.380974">
   <element name="aip_shadow_package" layername="packaged_down" frame="1" z_index="4" m_a="0.980875" m_b="0.000000" m_c="0.000000" m_d="1.000000" m_tx="65.227089" m_ty="9.000000"/>
   <element name="aip_shadow_package" layername="packaged_up" frame="2" z_index="3" m_a="0.995423" m_b="0.095568" m_c="-0.095568" m_d="0.995423" m_tx="69.178574" m_ty="-19.517857"/>
  </frame>
  <frame idx="825" w="214" h="156" x="-15.370683" y="-40.652225">
   <element name="aip_shadow_package" layername="packaged_down" frame="1" z_index="4" m_a="0.981562" m_b="0.000000" m_c="0.000000" m_d="1.000000" m_tx="65.326691" m_ty="9.000000"/>
   <element name="aip_shadow_package" layername="packaged_up" frame="2" z_index="3" m_a="0.995746" m_b="0.092145" m_c="-0.092145" m_d="0.995746" m_tx="69.178574" m_ty="-19.517857"/>
  </frame>
  <frame idx="850" w="214" h="155" x="-15.398254" y="-40.423382">
   <element name="aip_shadow_package" layername="packaged_down" frame="1" z_index="4" m_a="0.982249" m_b="0.000000" m_c="0.000000" m_d="1.000000" m_tx="65.426292" m_ty="9.000000"/>
   <element name="aip_shadow_package" layername="packaged_up" frame="2" z_index="3" m_a="0.996056" m_b="0.088721" m_c="-0.088721" m_d="0.996056" m_tx="69.178574" m_ty="-19.517857"/>
  </frame>
  <frame idx="875" w="214" h="155" x="-15.425042" y="-40.194443">
   <element name="aip_shadow_package" layername="packaged_down" frame="1" z_index="4" m_a="0.982936" m_b="0.000000" m_c="0.000000" m_d="1.000000" m_tx="65.525894" m_ty="9.000000"/>
   <element name="aip_shadow_package" layername="packaged_up" frame="2" z_index="3" m_a="0.996356" m_b="0.085296" m_c="-0.085296" m_d="0.996356" m_tx="69.178574" m_ty="-19.517857"/>
  </frame>
  <frame idx="900" w="214" h="154" x="-15.451040" y="-39.965416">
   <element name="aip_shadow_package" layername="packaged_down" frame="1" z_index="4" m_a="0.983623" m_b="0.000000" m_c="0.000000" m_d="1.000000" m_tx="65.625496" m_ty="9.000000"/>
   <element name="aip_shadow_package" layername="packaged_up" frame="2" z_index="3" m_a="0.996643" m_b="0.081870" m_c="-0.081870" m_d="0.996643" m_tx="69.178574" m_ty="-19.517857"/>
  </frame>
  <frame idx="925" w="215" h="153" x="-15.476254" y="-39.736267">
   <element name="aip_shadow_package" layername="packaged_down" frame="1" z_index="4" m_a="0.984310" m_b="0.000000" m_c="0.000000" m_d="1.000000" m_tx="65.725098" m_ty="9.000000"/>
   <element name="aip_shadow_package" layername="packaged_up" frame="2" z_index="3" m_a="0.996919" m_b="0.078443" m_c="-0.078443" m_d="0.996919" m_tx="69.178574" m_ty="-19.517857"/>
  </frame>
  <frame idx="950" w="215" h="152" x="-15.500673" y="-39.507099">
   <element name="aip_shadow_package" layername="packaged_down" frame="1" z_index="4" m_a="0.984997" m_b="0.000000" m_c="0.000000" m_d="1.000000" m_tx="65.824699" m_ty="9.000000"/>
   <element name="aip_shadow_package" layername="packaged_up" frame="2" z_index="3" m_a="0.997182" m_b="0.075015" m_c="-0.075015" m_d="0.997182" m_tx="69.178574" m_ty="-19.517857"/>
  </frame>
  <frame idx="975" w="215" h="152" x="-15.524308" y="-39.277817">
   <element name="aip_shadow_package" layername="packaged_down" frame="1" z_index="4" m_a="0.985684" m_b="0.000000" m_c="0.000000" m_d="1.000000" m_tx="65.924301" m_ty="9.000000"/>
   <element name="aip_shadow_package" layername="packaged_up" frame="2" z_index="3" m_a="0.997434" m_b="0.071587" m_c="-0.071587" m_d="0.997434" m_tx="69.178574" m_ty="-19.517857"/>
  </frame>
  <frame idx="1000" w="215" h="152" x="-15.547153" y="-39.048454">
   <element name="aip_shadow_package" layername="packaged_down" frame="1" z_index="4" m_a="0.986371" m_b="0.000000" m_c="0.000000" m_d="1.000000" m_tx="66.023903" m_ty="9.000000"/>
   <element name="aip_shadow_package" layername="packaged_up" frame="2" z_index="3" m_a="0.997675" m_b="0.068157" m_c="-0.068157" m_d="0.997675" m_tx="69.178574" m_ty="-19.517857"/>
  </frame>
  <frame idx="1025" w="215" h="152" x="-15.569215" y="-38.818977">
   <element name="aip_shadow_package" layername="packaged_down" frame="1" z_index="4" m_a="0.987058" m_b="0.000000" m_c="0.000000" m_d="1.000000" m_tx="66.123505" m_ty="9.000000"/>
   <element name="aip_shadow_package" layername="packaged_up" frame="2" z_index="3" m_a="0.997903" m_b="0.064726" m_c="-0.064726" m_d="0.997903" m_tx="69.178574" m_ty="-19.517857"/>
  </frame>
  <frame idx="1050" w="217" h="152" x="-16.090481" y="-38.589493">
   <element name="aip_shadow_package" layername="packaged_down" frame="1" z_index="4" m_a="0.987745" m_b="0.000000" m_c="0.000000" m_d="1.000000" m_tx="66.223106" m_ty="9.000000"/>
   <element name="aip_shadow_package" layername="packaged_up" frame="2" z_index="3" m_a="0.998120" m_b="0.061296" m_c="-0.061296" m_d="0.998120" m_tx="69.178574" m_ty="-19.517857"/>
  </frame>
  <frame idx="1075" w="217" h="152" x="-16.110962" y="-38.359909">
   <element name="aip_shadow_package" layername="packaged_down" frame="1" z_index="4" m_a="0.988432" m_b="0.000000" m_c="0.000000" m_d="1.000000" m_tx="66.322708" m_ty="9.000000"/>
   <element name="aip_shadow_package" layername="packaged_up" frame="2" z_index="3" m_a="0.998325" m_b="0.057864" m_c="-0.057864" m_d="0.998325" m_tx="69.178574" m_ty="-19.517857"/>
  </frame>
  <frame idx="1100" w="217" h="150" x="-16.130650" y="-37.630253">
   <element name="aip_shadow_package" layername="packaged_down" frame="1" z_index="4" m_a="0.989119" m_b="0.000000" m_c="0.000000" m_d="1.000000" m_tx="66.422310" m_ty="9.000000"/>
   <element name="aip_shadow_package" layername="packaged_up" frame="2" z_index="3" m_a="0.998518" m_b="0.054431" m_c="-0.054431" m_d="0.998518" m_tx="69.178574" m_ty="-19.517857"/>
  </frame>
  <frame idx="1125" w="217" h="150" x="-16.149553" y="-37.400497">
   <element name="aip_shadow_package" layername="packaged_down" frame="1" z_index="4" m_a="0.989806" m_b="0.000000" m_c="0.000000" m_d="1.000000" m_tx="66.521912" m_ty="9.000000"/>
   <element name="aip_shadow_package" layername="packaged_up" frame="2" z_index="3" m_a="0.998699" m_b="0.050997" m_c="-0.050997" m_d="0.998699" m_tx="69.178574" m_ty="-19.517857"/>
  </frame>
  <frame idx="1150" w="217" h="150" x="-16.167660" y="-37.170746">
   <element name="aip_shadow_package" layername="packaged_down" frame="1" z_index="4" m_a="0.990493" m_b="0.000000" m_c="0.000000" m_d="1.000000" m_tx="66.621513" m_ty="9.000000"/>
   <element name="aip_shadow_package" layername="packaged_up" frame="2" z_index="3" m_a="0.998868" m_b="0.047564" m_c="-0.047564" m_d="0.998868" m_tx="69.178574" m_ty="-19.517857"/>
  </frame>
  <frame idx="1175" w="218" h="150" x="-16.184984" y="-36.940895">
   <element name="aip_shadow_package" layername="packaged_down" frame="1" z_index="4" m_a="0.991180" m_b="0.000000" m_c="0.000000" m_d="1.000000" m_tx="66.721115" m_ty="9.000000"/>
   <element name="aip_shadow_package" layername="packaged_up" frame="2" z_index="3" m_a="0.999026" m_b="0.044130" m_c="-0.044130" m_d="0.999026" m_tx="69.178574" m_ty="-19.517857"/>
  </frame>
  <frame idx="1200" w="218" h="150" x="-16.201517" y="-36.710960">
   <element name="aip_shadow_package" layername="packaged_down" frame="1" z_index="4" m_a="0.991866" m_b="0.000000" m_c="0.000000" m_d="1.000000" m_tx="66.820717" m_ty="9.000000"/>
   <element name="aip_shadow_package" layername="packaged_up" frame="2" z_index="3" m_a="0.999172" m_b="0.040694" m_c="-0.040694" m_d="0.999172" m_tx="69.178574" m_ty="-19.517857"/>
  </frame>
  <frame idx="1225" w="218" h="150" x="-16.217257" y="-36.480999">
   <element name="aip_shadow_package" layername="packaged_down" frame="1" z_index="4" m_a="0.992553" m_b="0.000000" m_c="0.000000" m_d="1.000000" m_tx="66.920319" m_ty="9.000000"/>
   <element name="aip_shadow_package" layername="packaged_up" frame="2" z_index="3" m_a="0.999306" m_b="0.037259" m_c="-0.037259" m_d="0.999306" m_tx="69.178574" m_ty="-19.517857"/>
  </frame>
  <frame idx="1250" w="218" h="149" x="-16.232201" y="-36.251015">
   <element name="aip_shadow_package" layername="packaged_down" frame="1" z_index="4" m_a="0.993240" m_b="0.000000" m_c="0.000000" m_d="1.000000" m_tx="67.019920" m_ty="9.000000"/>
   <element name="aip_shadow_package" layername="packaged_up" frame="2" z_index="3" m_a="0.999428" m_b="0.033824" m_c="-0.033824" m_d="0.999428" m_tx="69.178574" m_ty="-19.517857"/>
  </frame>
  <frame idx="1275" w="218" h="149" x="-16.246359" y="-36.020954">
   <element name="aip_shadow_package" layername="packaged_down" frame="1" z_index="4" m_a="0.993927" m_b="0.000000" m_c="0.000000" m_d="1.000000" m_tx="67.119522" m_ty="9.000000"/>
   <element name="aip_shadow_package" layername="packaged_up" frame="2" z_index="3" m_a="0.999538" m_b="0.030387" m_c="-0.030387" m_d="0.999538" m_tx="69.178574" m_ty="-19.517857"/>
  </frame>
  <frame idx="1300" w="219" h="149" x="-16.259727" y="-35.790810">
   <element name="aip_shadow_package" layername="packaged_down" frame="1" z_index="4" m_a="0.994614" m_b="0.000000" m_c="0.000000" m_d="1.000000" m_tx="67.219124" m_ty="9.000000"/>
   <element name="aip_shadow_package" layername="packaged_up" frame="2" z_index="3" m_a="0.999637" m_b="0.026950" m_c="-0.026950" m_d="0.999637" m_tx="69.178574" m_ty="-19.517857"/>
  </frame>
  <frame idx="1325" w="219" h="149" x="-16.272303" y="-35.560654">
   <element name="aip_shadow_package" layername="packaged_down" frame="1" z_index="4" m_a="0.995301" m_b="0.000000" m_c="0.000000" m_d="1.000000" m_tx="67.318726" m_ty="9.000000"/>
   <element name="aip_shadow_package" layername="packaged_up" frame="2" z_index="3" m_a="0.999723" m_b="0.023513" m_c="-0.023513" m_d="0.999723" m_tx="69.178574" m_ty="-19.517857"/>
  </frame>
  <frame idx="1350" w="219" h="149" x="-16.284086" y="-35.330490">
   <element name="aip_shadow_package" layername="packaged_down" frame="1" z_index="4" m_a="0.995988" m_b="0.000000" m_c="0.000000" m_d="1.000000" m_tx="67.418327" m_ty="9.000000"/>
   <element name="aip_shadow_package" layername="packaged_up" frame="2" z_index="3" m_a="0.999798" m_b="0.020077" m_c="-0.020077" m_d="0.999798" m_tx="69.178574" m_ty="-19.517857"/>
  </frame>
  <frame idx="1375" w="219" h="148" x="-16.295078" y="-35.100254">
   <element name="aip_shadow_package" layername="packaged_down" frame="1" z_index="4" m_a="0.996675" m_b="0.000000" m_c="0.000000" m_d="1.000000" m_tx="67.517929" m_ty="9.000000"/>
   <element name="aip_shadow_package" layername="packaged_up" frame="2" z_index="3" m_a="0.999862" m_b="0.016639" m_c="-0.016639" m_d="0.999862" m_tx="69.178574" m_ty="-19.517857"/>
  </frame>
  <frame idx="1400" w="219" h="148" x="-16.305283" y="-34.869949">
   <element name="aip_shadow_package" layername="packaged_down" frame="1" z_index="4" m_a="0.997362" m_b="0.000000" m_c="0.000000" m_d="1.000000" m_tx="67.617531" m_ty="9.000000"/>
   <element name="aip_shadow_package" layername="packaged_up" frame="2" z_index="3" m_a="0.999913" m_b="0.013201" m_c="-0.013201" m_d="0.999913" m_tx="69.178574" m_ty="-19.517857"/>
  </frame>
  <frame idx="1425" w="219" h="148" x="-16.314692" y="-34.639641">
   <element name="aip_shadow_package" layername="packaged_down" frame="1" z_index="4" m_a="0.998049" m_b="0.000000" m_c="0.000000" m_d="1.000000" m_tx="67.717133" m_ty="9.000000"/>
   <element name="aip_shadow_package" layername="packaged_up" frame="2" z_index="3" m_a="0.999952" m_b="0.009763" m_c="-0.009763" m_d="0.999952" m_tx="69.178574" m_ty="-19.517857"/>
  </frame>
  <frame idx="1450" w="220" h="148" x="-16.323309" y="-34.409336">
   <element name="aip_shadow_package" layername="packaged_down" frame="1" z_index="4" m_a="0.998736" m_b="0.000000" m_c="0.000000" m_d="1.000000" m_tx="67.816734" m_ty="9.000000"/>
   <element name="aip_shadow_package" layername="packaged_up" frame="2" z_index="3" m_a="0.999980" m_b="0.006326" m_c="-0.006326" m_d="0.999980" m_tx="69.178574" m_ty="-19.517857"/>
  </frame>
  <frame idx="1475" w="220" h="148" x="-16.331137" y="-34.178940">
   <element name="aip_shadow_package" layername="packaged_down" frame="1" z_index="4" m_a="0.999423" m_b="0.000000" m_c="0.000000" m_d="1.000000" m_tx="67.916336" m_ty="9.000000"/>
   <element name="aip_shadow_package" layername="packaged_up" frame="2" z_index="3" m_a="0.999996" m_b="0.002888" m_c="-0.002888" m_d="0.999996" m_tx="69.178574" m_ty="-19.517857"/>
  </frame>
 </anim>
</Anims>
