<Anims>
 <anim name="idle" root="chesspiece" numframes="1000" framerate="40">
  <frame idx="0" w="384" h="1138" x="128.980530" y="-357.330017">
   <element name="swap_body" layername="idle" frame="0" z_index="2" m_a="1.000000" m_b="0.000000" m_c="0.000000" m_d="1.000000" m_tx="160.980530" m_ty="-42.250000"/>
  </frame>
  <frame idx="25" w="384" h="1138" x="128.980530" y="-357.330017">
   <element name="swap_body" layername="idle" frame="0" z_index="2" m_a="1.000000" m_b="0.000000" m_c="0.000000" m_d="1.000000" m_tx="160.980530" m_ty="-42.250000"/>
  </frame>
  <frame idx="50" w="384" h="1138" x="128.980530" y="-357.330017">
   <element name="swap_body" layername="idle" frame="0" z_index="2" m_a="1.000000" m_b="0.000000" m_c="0.000000" m_d="1.000000" m_tx="160.980530" m_ty="-42.250000"/>
  </frame>
  <frame idx="75" w="384" h="1138" x="128.980530" y="-357.330017">
   <element name="swap_body" layername="idle" frame="0" z_index="2" m_a="1.000000" m_b="0.000000" m_c="0.000000" m_d="1.000000" m_tx="160.980530" m_ty="-42.250000"/>
  </frame>
  <frame idx="100" w="384" h="1138" x="128.980530" y="-357.330017">
   <element name="swap_body" layername="idle" frame="0" z_index="2" m_a="1.000000" m_b="0.000000" m_c="0.000000" m_d="1.000000" m_tx="160.980530" m_ty="-42.250000"/>
  </frame>
  <frame idx="125" w="384" h="1138" x="128.980530" y="-357.330017">
   <element name="swap_body" layername="idle" frame="0" z_index="2" m_a="1.000000" m_b="0.000000" m_c="0.000000" m_d="1.000000" m_tx="160.980530" m_ty="-42.250000"/>
  </frame>
  <frame idx="150" w="384" h="1138" x="128.980530" y="-357.330017">
   <element name="swap_body" layername="idle" frame="0" z_index="2" m_a="1.000000" m_b="0.000000" m_c="0.000000" m_d="1.000000" m_tx="160.980530" m_ty="-42.250000"/>
  </frame>
  <frame idx="175" w="384" h="1138" x="128.980530" y="-357.330017">
   <element name="swap_body" layername="idle" frame="0" z_index="2" m_a="1.000000" m_b="0.000000" m_c="0.000000" m_d="1.000000" m_tx="160.980530" m_ty="-42.250000"/>
  </frame>
  <frame idx="200" w="384" h="1138" x="128.980530" y="-357.330017">
   <element name="swap_body" layername="idle" frame="0" z_index="2" m_a="1.000000" m_b="0.000000" m_c="0.000000" m_d="1.000000" m_tx="160.980530" m_ty="-42.250000"/>
  </frame>
  <frame idx="225" w="384" h="1138" x="128.980530" y="-357.330017">
   <element name="swap_body" layername="idle" frame="0" z_index="2" m_a="1.000000" m_b="0.000000" m_c="0.000000" m_d="1.000000" m_tx="160.980530" m_ty="-42.250000"/>
  </frame>
  <frame idx="250" w="384" h="1138" x="128.980530" y="-357.330017">
   <element name="swap_body" layername="idle" frame="0" z_index="2" m_a="1.000000" m_b="0.000000" m_c="0.000000" m_d="1.000000" m_tx="160.980530" m_ty="-42.250000"/>
  </frame>
  <frame idx="275" w="384" h="1138" x="128.980530" y="-357.330017">
   <element name="swap_body" layername="idle" frame="0" z_index="2" m_a="1.000000" m_b="0.000000" m_c="0.000000" m_d="1.000000" m_tx="160.980530" m_ty="-42.250000"/>
  </frame>
  <frame idx="300" w="384" h="1138" x="128.980530" y="-357.330017">
   <element name="swap_body" layername="idle" frame="0" z_index="2" m_a="1.000000" m_b="0.000000" m_c="0.000000" m_d="1.000000" m_tx="160.980530" m_ty="-42.250000"/>
  </frame>
  <frame idx="325" w="384" h="1138" x="128.980530" y="-357.330017">
   <element name="swap_body" layername="idle" frame="0" z_index="2" m_a="1.000000" m_b="0.000000" m_c="0.000000" m_d="1.000000" m_tx="160.980530" m_ty="-42.250000"/>
  </frame>
  <frame idx="350" w="384" h="1138" x="128.980530" y="-357.330017">
   <element name="swap_body" layername="idle" frame="0" z_index="2" m_a="1.000000" m_b="0.000000" m_c="0.000000" m_d="1.000000" m_tx="160.980530" m_ty="-42.250000"/>
  </frame>
  <frame idx="375" w="384" h="1138" x="128.980530" y="-357.330017">
   <element name="swap_body" layername="idle" frame="0" z_index="2" m_a="1.000000" m_b="0.000000" m_c="0.000000" m_d="1.000000" m_tx="160.980530" m_ty="-42.250000"/>
  </frame>
  <frame idx="400" w="384" h="1138" x="128.980530" y="-357.330017">
   <element name="swap_body" layername="idle" frame="0" z_index="2" m_a="1.000000" m_b="0.000000" m_c="0.000000" m_d="1.000000" m_tx="160.980530" m_ty="-42.250000"/>
  </frame>
  <frame idx="425" w="384" h="1138" x="128.980530" y="-357.330017">
   <element name="swap_body" layername="idle" frame="0" z_index="2" m_a="1.000000" m_b="0.000000" m_c="0.000000" m_d="1.000000" m_tx="160.980530" m_ty="-42.250000"/>
  </frame>
  <frame idx="450" w="384" h="1138" x="128.980530" y="-357.330017">
   <element name="swap_body" layername="idle" frame="0" z_index="2" m_a="1.000000" m_b="0.000000" m_c="0.000000" m_d="1.000000" m_tx="160.980530" m_ty="-42.250000"/>
  </frame>
  <frame idx="475" w="384" h="1138" x="128.980530" y="-357.330017">
   <element name="swap_body" layername="idle" frame="0" z_index="2" m_a="1.000000" m_b="0.000000" m_c="0.000000" m_d="1.000000" m_tx="160.980530" m_ty="-42.250000"/>
  </frame>
  <frame idx="500" w="384" h="1138" x="128.980530" y="-357.330017">
   <element name="swap_body" layername="idle" frame="0" z_index="2" m_a="1.000000" m_b="0.000000" m_c="0.000000" m_d="1.000000" m_tx="160.980530" m_ty="-42.250000"/>
  </frame>
  <frame idx="525" w="384" h="1138" x="128.980530" y="-357.330017">
   <element name="swap_body" layername="idle" frame="0" z_index="2" m_a="1.000000" m_b="0.000000" m_c="0.000000" m_d="1.000000" m_tx="160.980530" m_ty="-42.250000"/>
  </frame>
  <frame idx="550" w="384" h="1138" x="128.980530" y="-357.330017">
   <element name="swap_body" layername="idle" frame="0" z_index="2" m_a="1.000000" m_b="0.000000" m_c="0.000000" m_d="1.000000" m_tx="160.980530" m_ty="-42.250000"/>
  </frame>
  <frame idx="575" w="384" h="1138" x="128.980530" y="-357.330017">
   <element name="swap_body" layername="idle" frame="0" z_index="2" m_a="1.000000" m_b="0.000000" m_c="0.000000" m_d="1.000000" m_tx="160.980530" m_ty="-42.250000"/>
  </frame>
  <frame idx="600" w="384" h="1138" x="128.980530" y="-357.330017">
   <element name="swap_body" layername="idle" frame="0" z_index="2" m_a="1.000000" m_b="0.000000" m_c="0.000000" m_d="1.000000" m_tx="160.980530" m_ty="-42.250000"/>
  </frame>
  <frame idx="625" w="384" h="1138" x="128.980530" y="-357.330017">
   <element name="swap_body" layername="idle" frame="0" z_index="2" m_a="1.000000" m_b="0.000000" m_c="0.000000" m_d="1.000000" m_tx="160.980530" m_ty="-42.250000"/>
  </frame>
  <frame idx="650" w="384" h="1138" x="128.980530" y="-357.330017">
   <element name="swap_body" layername="idle" frame="0" z_index="2" m_a="1.000000" m_b="0.000000" m_c="0.000000" m_d="1.000000" m_tx="160.980530" m_ty="-42.250000"/>
  </frame>
  <frame idx="675" w="384" h="1138" x="128.980530" y="-357.330017">
   <element name="swap_body" layername="idle" frame="0" z_index="2" m_a="1.000000" m_b="0.000000" m_c="0.000000" m_d="1.000000" m_tx="160.980530" m_ty="-42.250000"/>
  </frame>
  <frame idx="700" w="384" h="1138" x="128.980530" y="-357.330017">
   <element name="swap_body" layername="idle" frame="0" z_index="2" m_a="1.000000" m_b="0.000000" m_c="0.000000" m_d="1.000000" m_tx="160.980530" m_ty="-42.250000"/>
  </frame>
  <frame idx="725" w="384" h="1138" x="128.980530" y="-357.330017">
   <element name="swap_body" layername="idle" frame="0" z_index="2" m_a="1.000000" m_b="0.000000" m_c="0.000000" m_d="1.000000" m_tx="160.980530" m_ty="-42.250000"/>
  </frame>
  <frame idx="750" w="384" h="1138" x="128.980530" y="-357.330017">
   <element name="swap_body" layername="idle" frame="0" z_index="2" m_a="1.000000" m_b="0.000000" m_c="0.000000" m_d="1.000000" m_tx="160.980530" m_ty="-42.250000"/>
  </frame>
  <frame idx="775" w="384" h="1138" x="128.980530" y="-357.330017">
   <element name="swap_body" layername="idle" frame="0" z_index="2" m_a="1.000000" m_b="0.000000" m_c="0.000000" m_d="1.000000" m_tx="160.980530" m_ty="-42.250000"/>
  </frame>
  <frame idx="800" w="384" h="1138" x="128.980530" y="-357.330017">
   <element name="swap_body" layername="idle" frame="0" z_index="2" m_a="1.000000" m_b="0.000000" m_c="0.000000" m_d="1.000000" m_tx="160.980530" m_ty="-42.250000"/>
  </frame>
  <frame idx="825" w="384" h="1138" x="128.980530" y="-357.330017">
   <element name="swap_body" layername="idle" frame="0" z_index="2" m_a="1.000000" m_b="0.000000" m_c="0.000000" m_d="1.000000" m_tx="160.980530" m_ty="-42.250000"/>
  </frame>
  <frame idx="850" w="384" h="1138" x="128.980530" y="-357.330017">
   <element name="swap_body" layername="idle" frame="0" z_index="2" m_a="1.000000" m_b="0.000000" m_c="0.000000" m_d="1.000000" m_tx="160.980530" m_ty="-42.250000"/>
  </frame>
  <frame idx="875" w="384" h="1138" x="128.980530" y="-357.330017">
   <element name="swap_body" layername="idle" frame="0" z_index="2" m_a="1.000000" m_b="0.000000" m_c="0.000000" m_d="1.000000" m_tx="160.980530" m_ty="-42.250000"/>
  </frame>
  <frame idx="900" w="384" h="1138" x="128.980530" y="-357.330017">
   <element name="swap_body" layername="idle" frame="0" z_index="2" m_a="1.000000" m_b="0.000000" m_c="0.000000" m_d="1.000000" m_tx="160.980530" m_ty="-42.250000"/>
  </frame>
  <frame idx="925" w="384" h="1138" x="128.980530" y="-357.330017">
   <element name="swap_body" layername="idle" frame="0" z_index="2" m_a="1.000000" m_b="0.000000" m_c="0.000000" m_d="1.000000" m_tx="160.980530" m_ty="-42.250000"/>
  </frame>
  <frame idx="950" w="384" h="1138" x="128.980530" y="-357.330017">
   <element name="swap_body" layername="idle" frame="0" z_index="2" m_a="1.000000" m_b="0.000000" m_c="0.000000" m_d="1.000000" m_tx="160.980530" m_ty="-42.250000"/>
  </frame>
  <frame idx="975" w="384" h="1138" x="128.980530" y="-357.330017">
   <element name="swap_body" layername="idle" frame="0" z_index="2" m_a="1.000000" m_b="0.000000" m_c="0.000000" m_d="1.000000" m_tx="160.980530" m_ty="-42.250000"/>
  </frame>
 </anim>
 <anim name="jiggle" root="chesspiece" numframes="900" framerate="40">
  <frame idx="0" w="384" h="1138" x="128.980530" y="-357.330017">
   <element name="swap_body" layername="idle" frame="0" z_index="2" m_a="1.000000" m_b="0.000000" m_c="0.000000" m_d="1.000000" m_tx="160.980530" m_ty="-42.250000"/>
  </frame>
  <frame idx="25" w="401" h="1125" x="120.822891" y="-360.281342">
   <element name="swap_body" layername="idle" frame="0" z_index="2" m_a="0.999682" m_b="-0.025217" m_c="0.025217" m_d="0.999682" m_tx="159.872574" m_ty="-46.271336"/>
  </frame>
  <frame idx="50" w="417" h="1110" x="112.567719" y="-362.563568">
   <element name="swap_body" layername="idle" frame="0" z_index="2" m_a="0.998728" m_b="-0.050417" m_c="0.050417" m_d="0.998728" m_tx="158.663559" m_ty="-50.263454"/>
  </frame>
  <frame idx="75" w="431" h="1096" x="104.719330" y="-365.174225">
   <element name="swap_body" layername="idle" frame="0" z_index="2" m_a="0.997139" m_b="-0.075586" m_c="0.075586" m_d="0.997139" m_tx="157.354263" m_ty="-54.223816"/>
  </frame>
  <frame idx="100" w="445" h="1083" x="97.355057" y="-367.093658">
   <element name="swap_body" layername="idle" frame="0" z_index="2" m_a="0.995299" m_b="-0.096845" m_c="0.096845" m_d="0.995299" m_tx="156.168701" m_ty="-57.548145"/>
  </frame>
  <frame idx="125" w="430" h="1097" x="105.251160" y="-364.901703">
   <element name="swap_body" layername="idle" frame="0" z_index="2" m_a="0.997285" m_b="-0.073645" m_c="0.073645" m_d="0.997285" m_tx="157.458878" m_ty="-53.919308"/>
  </frame>
  <frame idx="150" w="417" h="1110" x="112.571213" y="-362.561676">
   <element name="swap_body" layername="idle" frame="0" z_index="2" m_a="0.998729" m_b="-0.050404" m_c="0.050404" m_d="0.998729" m_tx="158.664200" m_ty="-50.261414"/>
  </frame>
  <frame idx="175" w="403" h="1124" x="119.811768" y="-360.575378">
   <element name="swap_body" layername="idle" frame="0" z_index="2" m_a="0.999632" m_b="-0.027137" m_c="0.027137" m_d="0.999632" m_tx="159.784027" m_ty="-46.576447"/>
  </frame>
  <frame idx="200" w="388" h="1136" x="127.469467" y="-357.944763">
   <element name="swap_body" layername="idle" frame="0" z_index="2" m_a="0.999993" m_b="-0.003854" m_c="0.003854" m_d="0.999993" m_tx="160.817764" m_ty="-42.866405"/>
  </frame>
  <frame idx="225" w="372" h="1148" x="135.040970" y="-355.171753">
   <element name="swap_body" layername="idle" frame="0" z_index="2" m_a="0.999811" m_b="0.019430" m_c="-0.019430" m_d="0.999811" m_tx="161.764832" m_ty="-39.133301"/>
  </frame>
  <frame idx="250" w="358" h="1158" x="142.022949" y="-351.758392">
   <element name="swap_body" layername="idle" frame="0" z_index="2" m_a="0.999088" m_b="0.042704" m_c="-0.042704" m_d="0.999088" m_tx="162.624710" m_ty="-35.379158"/>
  </frame>
  <frame idx="275" w="342" h="1169" x="149.412231" y="-348.706818">
   <element name="swap_body" layername="idle" frame="0" z_index="2" m_a="0.997823" m_b="0.065954" m_c="-0.065954" m_d="0.997823" m_tx="163.396973" m_ty="-31.606012"/>
  </frame>
  <frame idx="300" w="333" h="1175" x="153.805298" y="-346.415497">
   <element name="swap_body" layername="idle" frame="0" z_index="2" m_a="0.996672" m_b="0.081516" m_c="-0.081516" m_d="0.996672" m_tx="163.865219" m_ty="-29.067907"/>
  </frame>
  <frame idx="325" w="338" h="1172" x="151.135391" y="-347.982635">
   <element name="swap_body" layername="idle" frame="0" z_index="2" m_a="0.997345" m_b="0.072823" m_c="-0.072823" m_d="0.997345" m_tx="163.608459" m_ty="-30.486982"/>
  </frame>
  <frame idx="350" w="344" h="1168" x="148.452026" y="-349.030731">
   <element name="swap_body" layername="idle" frame="0" z_index="2" m_a="0.997942" m_b="0.064125" m_c="-0.064125" m_d="0.997942" m_tx="163.339355" m_ty="-31.903688"/>
  </frame>
  <frame idx="375" w="350" h="1164" x="145.755249" y="-350.059723">
   <element name="swap_body" layername="idle" frame="0" z_index="2" m_a="0.998463" m_b="0.055422" m_c="-0.055422" m_d="0.998463" m_tx="163.057907" m_ty="-33.317993"/>
  </frame>
  <frame idx="400" w="356" h="1160" x="143.045135" y="-351.569611">
   <element name="swap_body" layername="idle" frame="0" z_index="2" m_a="0.998908" m_b="0.046715" m_c="-0.046715" m_d="0.998908" m_tx="162.764145" m_ty="-34.729870"/>
  </frame>
  <frame idx="425" w="360" h="1156" x="140.822037" y="-352.560059">
   <element name="swap_body" layername="idle" frame="0" z_index="2" m_a="0.999278" m_b="0.038004" m_c="-0.038004" m_d="0.999278" m_tx="162.458084" m_ty="-36.139053"/>
  </frame>
  <frame idx="450" w="366" h="1152" x="138.086029" y="-353.531097">
   <element name="swap_body" layername="idle" frame="0" z_index="2" m_a="0.999571" m_b="0.029291" m_c="-0.029291" m_d="0.999571" m_tx="162.139755" m_ty="-37.545517"/>
  </frame>
  <frame idx="475" w="372" h="1148" x="135.337158" y="-354.982635">
   <element name="swap_body" layername="idle" frame="0" z_index="2" m_a="0.999788" m_b="0.020574" m_c="-0.020574" m_d="0.999788" m_tx="161.809143" m_ty="-38.949226"/>
  </frame>
  <frame idx="500" w="377" h="1144" x="132.575836" y="-355.914459">
   <element name="swap_body" layername="idle" frame="0" z_index="2" m_a="0.999930" m_b="0.011857" m_c="-0.011857" m_d="0.999930" m_tx="161.466339" m_ty="-40.349922"/>
  </frame>
  <frame idx="525" w="383" h="1139" x="129.802124" y="-356.826477">
   <element name="swap_body" layername="idle" frame="0" z_index="2" m_a="0.999995" m_b="0.003139" m_c="-0.003139" m_d="0.999995" m_tx="161.111328" m_ty="-41.747578"/>
  </frame>
  <frame idx="550" w="384" h="1138" x="128.980530" y="-357.330017">
   <element name="swap_body" layername="idle" frame="0" z_index="2" m_a="1.000000" m_b="0.000000" m_c="0.000000" m_d="1.000000" m_tx="160.980530" m_ty="-42.250000"/>
  </frame>
  <frame idx="575" w="384" h="1138" x="128.980530" y="-357.330017">
   <element name="swap_body" layername="idle" frame="0" z_index="2" m_a="1.000000" m_b="0.000000" m_c="0.000000" m_d="1.000000" m_tx="160.980530" m_ty="-42.250000"/>
  </frame>
  <frame idx="600" w="384" h="1138" x="128.980530" y="-357.330017">
   <element name="swap_body" layername="idle" frame="0" z_index="2" m_a="1.000000" m_b="0.000000" m_c="0.000000" m_d="1.000000" m_tx="160.980530" m_ty="-42.250000"/>
  </frame>
  <frame idx="625" w="384" h="1138" x="128.980530" y="-357.330017">
   <element name="swap_body" layername="idle" frame="0" z_index="2" m_a="1.000000" m_b="0.000000" m_c="0.000000" m_d="1.000000" m_tx="160.980530" m_ty="-42.250000"/>
  </frame>
  <frame idx="650" w="384" h="1138" x="128.980530" y="-357.330017">
   <element name="swap_body" layername="idle" frame="0" z_index="2" m_a="1.000000" m_b="0.000000" m_c="0.000000" m_d="1.000000" m_tx="160.980530" m_ty="-42.250000"/>
  </frame>
  <frame idx="675" w="384" h="1138" x="128.980530" y="-357.330017">
   <element name="swap_body" layername="idle" frame="0" z_index="2" m_a="1.000000" m_b="0.000000" m_c="0.000000" m_d="1.000000" m_tx="160.980530" m_ty="-42.250000"/>
  </frame>
  <frame idx="700" w="384" h="1138" x="128.980530" y="-357.330017">
   <element name="swap_body" layername="idle" frame="0" z_index="2" m_a="1.000000" m_b="0.000000" m_c="0.000000" m_d="1.000000" m_tx="160.980530" m_ty="-42.250000"/>
  </frame>
  <frame idx="725" w="384" h="1138" x="128.980530" y="-357.330017">
   <element name="swap_body" layername="idle" frame="0" z_index="2" m_a="1.000000" m_b="0.000000" m_c="0.000000" m_d="1.000000" m_tx="160.980530" m_ty="-42.250000"/>
  </frame>
  <frame idx="750" w="384" h="1138" x="128.980530" y="-357.330017">
   <element name="swap_body" layername="idle" frame="0" z_index="2" m_a="1.000000" m_b="0.000000" m_c="0.000000" m_d="1.000000" m_tx="160.980530" m_ty="-42.250000"/>
  </frame>
  <frame idx="775" w="384" h="1138" x="128.980530" y="-357.330017">
   <element name="swap_body" layername="idle" frame="0" z_index="2" m_a="1.000000" m_b="0.000000" m_c="0.000000" m_d="1.000000" m_tx="160.980530" m_ty="-42.250000"/>
  </frame>
  <frame idx="800" w="384" h="1138" x="128.980530" y="-357.330017">
   <element name="swap_body" layername="idle" frame="0" z_index="2" m_a="1.000000" m_b="0.000000" m_c="0.000000" m_d="1.000000" m_tx="160.980530" m_ty="-42.250000"/>
  </frame>
  <frame idx="825" w="384" h="1138" x="128.980530" y="-357.330017">
   <element name="swap_body" layername="idle" frame="0" z_index="2" m_a="1.000000" m_b="0.000000" m_c="0.000000" m_d="1.000000" m_tx="160.980530" m_ty="-42.250000"/>
  </frame>
  <frame idx="850" w="384" h="1138" x="128.980530" y="-357.330017">
   <element name="swap_body" layername="idle" frame="0" z_index="2" m_a="1.000000" m_b="0.000000" m_c="0.000000" m_d="1.000000" m_tx="160.980530" m_ty="-42.250000"/>
  </frame>
  <frame idx="875" w="384" h="1138" x="128.980530" y="-357.330017">
   <element name="swap_body" layername="idle" frame="0" z_index="2" m_a="1.000000" m_b="0.000000" m_c="0.000000" m_d="1.000000" m_tx="160.980530" m_ty="-42.250000"/>
  </frame>
 </anim>
</Anims>
