<Anims>
 <anim name="idle" root="chesspiece" numframes="1000" framerate="40">
  <frame idx="0" w="303" h="1112" x="101.480530" y="-359.418152">
   <element name="swap_body" layername="idle" frame="0" z_index="2" m_a="1.000000" m_b="0.000000" m_c="0.000000" m_d="1.000000" m_tx="133.280029" m_ty="-42.978142"/>
  </frame>
  <frame idx="25" w="303" h="1112" x="101.480530" y="-359.418152">
   <element name="swap_body" layername="idle" frame="0" z_index="2" m_a="1.000000" m_b="0.000000" m_c="0.000000" m_d="1.000000" m_tx="133.280029" m_ty="-42.978142"/>
  </frame>
  <frame idx="50" w="303" h="1112" x="101.480530" y="-359.418152">
   <element name="swap_body" layername="idle" frame="0" z_index="2" m_a="1.000000" m_b="0.000000" m_c="0.000000" m_d="1.000000" m_tx="133.280029" m_ty="-42.978142"/>
  </frame>
  <frame idx="75" w="303" h="1112" x="101.480530" y="-359.418152">
   <element name="swap_body" layername="idle" frame="0" z_index="2" m_a="1.000000" m_b="0.000000" m_c="0.000000" m_d="1.000000" m_tx="133.280029" m_ty="-42.978142"/>
  </frame>
  <frame idx="100" w="303" h="1112" x="101.480530" y="-359.418152">
   <element name="swap_body" layername="idle" frame="0" z_index="2" m_a="1.000000" m_b="0.000000" m_c="0.000000" m_d="1.000000" m_tx="133.280029" m_ty="-42.978142"/>
  </frame>
  <frame idx="125" w="303" h="1112" x="101.480530" y="-359.418152">
   <element name="swap_body" layername="idle" frame="0" z_index="2" m_a="1.000000" m_b="0.000000" m_c="0.000000" m_d="1.000000" m_tx="133.280029" m_ty="-42.978142"/>
  </frame>
  <frame idx="150" w="303" h="1112" x="101.480530" y="-359.418152">
   <element name="swap_body" layername="idle" frame="0" z_index="2" m_a="1.000000" m_b="0.000000" m_c="0.000000" m_d="1.000000" m_tx="133.280029" m_ty="-42.978142"/>
  </frame>
  <frame idx="175" w="303" h="1112" x="101.480530" y="-359.418152">
   <element name="swap_body" layername="idle" frame="0" z_index="2" m_a="1.000000" m_b="0.000000" m_c="0.000000" m_d="1.000000" m_tx="133.280029" m_ty="-42.978142"/>
  </frame>
  <frame idx="200" w="303" h="1112" x="101.480530" y="-359.418152">
   <element name="swap_body" layername="idle" frame="0" z_index="2" m_a="1.000000" m_b="0.000000" m_c="0.000000" m_d="1.000000" m_tx="133.280029" m_ty="-42.978142"/>
  </frame>
  <frame idx="225" w="303" h="1112" x="101.480530" y="-359.418152">
   <element name="swap_body" layername="idle" frame="0" z_index="2" m_a="1.000000" m_b="0.000000" m_c="0.000000" m_d="1.000000" m_tx="133.280029" m_ty="-42.978142"/>
  </frame>
  <frame idx="250" w="303" h="1112" x="101.480530" y="-359.418152">
   <element name="swap_body" layername="idle" frame="0" z_index="2" m_a="1.000000" m_b="0.000000" m_c="0.000000" m_d="1.000000" m_tx="133.280029" m_ty="-42.978142"/>
  </frame>
  <frame idx="275" w="303" h="1112" x="101.480530" y="-359.418152">
   <element name="swap_body" layername="idle" frame="0" z_index="2" m_a="1.000000" m_b="0.000000" m_c="0.000000" m_d="1.000000" m_tx="133.280029" m_ty="-42.978142"/>
  </frame>
  <frame idx="300" w="303" h="1112" x="101.480530" y="-359.418152">
   <element name="swap_body" layername="idle" frame="0" z_index="2" m_a="1.000000" m_b="0.000000" m_c="0.000000" m_d="1.000000" m_tx="133.280029" m_ty="-42.978142"/>
  </frame>
  <frame idx="325" w="303" h="1112" x="101.480530" y="-359.418152">
   <element name="swap_body" layername="idle" frame="0" z_index="2" m_a="1.000000" m_b="0.000000" m_c="0.000000" m_d="1.000000" m_tx="133.280029" m_ty="-42.978142"/>
  </frame>
  <frame idx="350" w="303" h="1112" x="101.480530" y="-359.418152">
   <element name="swap_body" layername="idle" frame="0" z_index="2" m_a="1.000000" m_b="0.000000" m_c="0.000000" m_d="1.000000" m_tx="133.280029" m_ty="-42.978142"/>
  </frame>
  <frame idx="375" w="303" h="1112" x="101.480530" y="-359.418152">
   <element name="swap_body" layername="idle" frame="0" z_index="2" m_a="1.000000" m_b="0.000000" m_c="0.000000" m_d="1.000000" m_tx="133.280029" m_ty="-42.978142"/>
  </frame>
  <frame idx="400" w="303" h="1112" x="101.480530" y="-359.418152">
   <element name="swap_body" layername="idle" frame="0" z_index="2" m_a="1.000000" m_b="0.000000" m_c="0.000000" m_d="1.000000" m_tx="133.280029" m_ty="-42.978142"/>
  </frame>
  <frame idx="425" w="303" h="1112" x="101.480530" y="-359.418152">
   <element name="swap_body" layername="idle" frame="0" z_index="2" m_a="1.000000" m_b="0.000000" m_c="0.000000" m_d="1.000000" m_tx="133.280029" m_ty="-42.978142"/>
  </frame>
  <frame idx="450" w="303" h="1112" x="101.480530" y="-359.418152">
   <element name="swap_body" layername="idle" frame="0" z_index="2" m_a="1.000000" m_b="0.000000" m_c="0.000000" m_d="1.000000" m_tx="133.280029" m_ty="-42.978142"/>
  </frame>
  <frame idx="475" w="303" h="1112" x="101.480530" y="-359.418152">
   <element name="swap_body" layername="idle" frame="0" z_index="2" m_a="1.000000" m_b="0.000000" m_c="0.000000" m_d="1.000000" m_tx="133.280029" m_ty="-42.978142"/>
  </frame>
  <frame idx="500" w="303" h="1112" x="101.480530" y="-359.418152">
   <element name="swap_body" layername="idle" frame="0" z_index="2" m_a="1.000000" m_b="0.000000" m_c="0.000000" m_d="1.000000" m_tx="133.280029" m_ty="-42.978142"/>
  </frame>
  <frame idx="525" w="303" h="1112" x="101.480530" y="-359.418152">
   <element name="swap_body" layername="idle" frame="0" z_index="2" m_a="1.000000" m_b="0.000000" m_c="0.000000" m_d="1.000000" m_tx="133.280029" m_ty="-42.978142"/>
  </frame>
  <frame idx="550" w="303" h="1112" x="101.480530" y="-359.418152">
   <element name="swap_body" layername="idle" frame="0" z_index="2" m_a="1.000000" m_b="0.000000" m_c="0.000000" m_d="1.000000" m_tx="133.280029" m_ty="-42.978142"/>
  </frame>
  <frame idx="575" w="303" h="1112" x="101.480530" y="-359.418152">
   <element name="swap_body" layername="idle" frame="0" z_index="2" m_a="1.000000" m_b="0.000000" m_c="0.000000" m_d="1.000000" m_tx="133.280029" m_ty="-42.978142"/>
  </frame>
  <frame idx="600" w="303" h="1112" x="101.480530" y="-359.418152">
   <element name="swap_body" layername="idle" frame="0" z_index="2" m_a="1.000000" m_b="0.000000" m_c="0.000000" m_d="1.000000" m_tx="133.280029" m_ty="-42.978142"/>
  </frame>
  <frame idx="625" w="303" h="1112" x="101.480530" y="-359.418152">
   <element name="swap_body" layername="idle" frame="0" z_index="2" m_a="1.000000" m_b="0.000000" m_c="0.000000" m_d="1.000000" m_tx="133.280029" m_ty="-42.978142"/>
  </frame>
  <frame idx="650" w="303" h="1112" x="101.480530" y="-359.418152">
   <element name="swap_body" layername="idle" frame="0" z_index="2" m_a="1.000000" m_b="0.000000" m_c="0.000000" m_d="1.000000" m_tx="133.280029" m_ty="-42.978142"/>
  </frame>
  <frame idx="675" w="303" h="1112" x="101.480530" y="-359.418152">
   <element name="swap_body" layername="idle" frame="0" z_index="2" m_a="1.000000" m_b="0.000000" m_c="0.000000" m_d="1.000000" m_tx="133.280029" m_ty="-42.978142"/>
  </frame>
  <frame idx="700" w="303" h="1112" x="101.480530" y="-359.418152">
   <element name="swap_body" layername="idle" frame="0" z_index="2" m_a="1.000000" m_b="0.000000" m_c="0.000000" m_d="1.000000" m_tx="133.280029" m_ty="-42.978142"/>
  </frame>
  <frame idx="725" w="303" h="1112" x="101.480530" y="-359.418152">
   <element name="swap_body" layername="idle" frame="0" z_index="2" m_a="1.000000" m_b="0.000000" m_c="0.000000" m_d="1.000000" m_tx="133.280029" m_ty="-42.978142"/>
  </frame>
  <frame idx="750" w="303" h="1112" x="101.480530" y="-359.418152">
   <element name="swap_body" layername="idle" frame="0" z_index="2" m_a="1.000000" m_b="0.000000" m_c="0.000000" m_d="1.000000" m_tx="133.280029" m_ty="-42.978142"/>
  </frame>
  <frame idx="775" w="303" h="1112" x="101.480530" y="-359.418152">
   <element name="swap_body" layername="idle" frame="0" z_index="2" m_a="1.000000" m_b="0.000000" m_c="0.000000" m_d="1.000000" m_tx="133.280029" m_ty="-42.978142"/>
  </frame>
  <frame idx="800" w="303" h="1112" x="101.480530" y="-359.418152">
   <element name="swap_body" layername="idle" frame="0" z_index="2" m_a="1.000000" m_b="0.000000" m_c="0.000000" m_d="1.000000" m_tx="133.280029" m_ty="-42.978142"/>
  </frame>
  <frame idx="825" w="303" h="1112" x="101.480530" y="-359.418152">
   <element name="swap_body" layername="idle" frame="0" z_index="2" m_a="1.000000" m_b="0.000000" m_c="0.000000" m_d="1.000000" m_tx="133.280029" m_ty="-42.978142"/>
  </frame>
  <frame idx="850" w="303" h="1112" x="101.480530" y="-359.418152">
   <element name="swap_body" layername="idle" frame="0" z_index="2" m_a="1.000000" m_b="0.000000" m_c="0.000000" m_d="1.000000" m_tx="133.280029" m_ty="-42.978142"/>
  </frame>
  <frame idx="875" w="303" h="1112" x="101.480530" y="-359.418152">
   <element name="swap_body" layername="idle" frame="0" z_index="2" m_a="1.000000" m_b="0.000000" m_c="0.000000" m_d="1.000000" m_tx="133.280029" m_ty="-42.978142"/>
  </frame>
  <frame idx="900" w="303" h="1112" x="101.480530" y="-359.418152">
   <element name="swap_body" layername="idle" frame="0" z_index="2" m_a="1.000000" m_b="0.000000" m_c="0.000000" m_d="1.000000" m_tx="133.280029" m_ty="-42.978142"/>
  </frame>
  <frame idx="925" w="303" h="1112" x="101.480530" y="-359.418152">
   <element name="swap_body" layername="idle" frame="0" z_index="2" m_a="1.000000" m_b="0.000000" m_c="0.000000" m_d="1.000000" m_tx="133.280029" m_ty="-42.978142"/>
  </frame>
  <frame idx="950" w="303" h="1112" x="101.480530" y="-359.418152">
   <element name="swap_body" layername="idle" frame="0" z_index="2" m_a="1.000000" m_b="0.000000" m_c="0.000000" m_d="1.000000" m_tx="133.280029" m_ty="-42.978142"/>
  </frame>
  <frame idx="975" w="303" h="1112" x="101.480530" y="-359.418152">
   <element name="swap_body" layername="idle" frame="0" z_index="2" m_a="1.000000" m_b="0.000000" m_c="0.000000" m_d="1.000000" m_tx="133.280029" m_ty="-42.978142"/>
  </frame>
 </anim>
 <anim name="jiggle" root="chesspiece" numframes="900" framerate="40">
  <frame idx="0" w="303" h="1112" x="101.480530" y="-359.418152">
   <element name="swap_body" layername="idle" frame="0" z_index="2" m_a="1.000000" m_b="0.000000" m_c="0.000000" m_d="1.000000" m_tx="133.280029" m_ty="-42.978142"/>
  </frame>
  <frame idx="25" w="320" h="1100" x="93.232826" y="-361.510864">
   <element name="swap_body" layername="idle" frame="0" z_index="2" m_a="0.999682" m_b="-0.025217" m_c="0.025217" m_d="0.999682" m_tx="132.164734" m_ty="-46.300762"/>
  </frame>
  <frame idx="50" w="335" h="1086" x="85.409286" y="-362.932434">
   <element name="swap_body" layername="idle" frame="0" z_index="2" m_a="0.998728" m_b="-0.050417" m_c="0.050417" m_d="0.998728" m_tx="130.966019" m_ty="-49.594200"/>
  </frame>
  <frame idx="75" w="351" h="1073" x="77.014244" y="-364.681000">
   <element name="swap_body" layername="idle" frame="0" z_index="2" m_a="0.997139" m_b="-0.075586" m_c="0.075586" m_d="0.997139" m_tx="129.684631" m_ty="-52.856361"/>
  </frame>
  <frame idx="100" w="364" h="1061" x="70.127510" y="-365.870270">
   <element name="swap_body" layername="idle" frame="0" z_index="2" m_a="0.995299" m_b="-0.096845" m_c="0.096845" m_d="0.995299" m_tx="128.536438" m_ty="-55.590626"/>
  </frame>
  <frame idx="125" w="350" h="1074" x="77.548920" y="-364.475067">
   <element name="swap_body" layername="idle" frame="0" z_index="2" m_a="0.997285" m_b="-0.073645" m_c="0.073645" m_d="0.997285" m_tx="129.786469" m_ty="-52.605721"/>
  </frame>
  <frame idx="150" w="335" h="1086" x="85.412811" y="-362.930969">
   <element name="swap_body" layername="idle" frame="0" z_index="2" m_a="0.998729" m_b="-0.050404" m_c="0.050404" m_d="0.998729" m_tx="130.966660" m_ty="-49.592518"/>
  </frame>
  <frame idx="175" w="321" h="1098" x="92.715744" y="-361.239410">
   <element name="swap_body" layername="idle" frame="0" z_index="2" m_a="0.999632" m_b="-0.027137" m_c="0.027137" m_d="0.999632" m_tx="132.076370" m_ty="-46.552650"/>
  </frame>
  <frame idx="200" w="306" h="1109" x="100.454308" y="-359.401825">
   <element name="swap_body" layername="idle" frame="0" z_index="2" m_a="0.999993" m_b="-0.003854" m_c="0.003854" m_d="0.999993" m_tx="133.115005" m_ty="-43.487774"/>
  </frame>
  <frame idx="225" w="291" h="1120" x="107.625107" y="-357.419769">
   <element name="swap_body" layername="idle" frame="0" z_index="2" m_a="0.999811" m_b="0.019430" m_c="-0.019430" m_d="0.999811" m_tx="134.082001" m_ty="-40.399544"/>
  </frame>
  <frame idx="250" w="276" h="1131" x="115.224777" y="-355.294830">
   <element name="swap_body" layername="idle" frame="0" z_index="2" m_a="0.999088" m_b="0.042704" m_c="-0.042704" m_d="0.999088" m_tx="134.976807" m_ty="-37.289635"/>
  </frame>
  <frame idx="275" w="261" h="1140" x="122.250076" y="-352.528717">
   <element name="swap_body" layername="idle" frame="0" z_index="2" m_a="0.997823" m_b="0.065954" m_c="-0.065954" m_d="0.997823" m_tx="135.798996" m_ty="-34.159733"/>
  </frame>
  <frame idx="300" w="250" h="1146" x="127.244492" y="-350.761871">
   <element name="swap_body" layername="idle" frame="0" z_index="2" m_a="0.996672" m_b="0.081516" m_c="-0.081516" m_d="0.996672" m_tx="136.309067" m_ty="-32.051960"/>
  </frame>
  <frame idx="325" w="256" h="1143" x="124.516953" y="-352.036163">
   <element name="swap_body" layername="idle" frame="0" z_index="2" m_a="0.997345" m_b="0.072823" m_c="-0.072823" m_d="0.997345" m_tx="136.028107" m_ty="-33.230667"/>
  </frame>
  <frame idx="350" w="262" h="1139" x="121.778503" y="-352.790894">
   <element name="swap_body" layername="idle" frame="0" z_index="2" m_a="0.997942" m_b="0.064125" m_c="-0.064125" m_d="0.997942" m_tx="135.736908" m_ty="-34.406815"/>
  </frame>
  <frame idx="375" w="268" h="1136" x="119.029205" y="-354.026093">
   <element name="swap_body" layername="idle" frame="0" z_index="2" m_a="0.998463" m_b="0.055422" m_c="-0.055422" m_d="0.998463" m_tx="135.435455" m_ty="-35.580379"/>
  </frame>
  <frame idx="400" w="273" h="1132" x="116.269104" y="-354.741699">
   <element name="swap_body" layername="idle" frame="0" z_index="2" m_a="0.998908" m_b="0.046715" m_c="-0.046715" m_d="0.998908" m_tx="135.123779" m_ty="-36.751339"/>
  </frame>
  <frame idx="425" w="279" h="1128" x="113.498611" y="-355.437469">
   <element name="swap_body" layername="idle" frame="0" z_index="2" m_a="0.999278" m_b="0.038004" m_c="-0.038004" m_d="0.999278" m_tx="134.801910" m_ty="-37.919468"/>
  </frame>
  <frame idx="450" w="285" h="1125" x="110.717773" y="-356.613403">
   <element name="swap_body" layername="idle" frame="0" z_index="2" m_a="0.999571" m_b="0.029291" m_c="-0.029291" m_d="0.999571" m_tx="134.469879" m_ty="-39.084751"/>
  </frame>
  <frame idx="475" w="291" h="1121" x="107.926636" y="-357.269470">
   <element name="swap_body" layername="idle" frame="0" z_index="2" m_a="0.999788" m_b="0.020574" m_c="-0.020574" m_d="0.999788" m_tx="134.127670" m_ty="-40.247154"/>
  </frame>
  <frame idx="500" w="296" h="1116" x="105.125656" y="-357.905457">
   <element name="swap_body" layername="idle" frame="0" z_index="2" m_a="0.999930" m_b="0.011857" m_c="-0.011857" m_d="0.999930" m_tx="133.775375" m_ty="-41.406467"/>
  </frame>
  <frame idx="525" w="302" h="1113" x="102.314835" y="-359.021332">
   <element name="swap_body" layername="idle" frame="0" z_index="2" m_a="0.999995" m_b="0.003139" m_c="-0.003139" m_d="0.999995" m_tx="133.412964" m_ty="-42.562664"/>
  </frame>
  <frame idx="550" w="303" h="1112" x="101.480530" y="-359.418152">
   <element name="swap_body" layername="idle" frame="0" z_index="2" m_a="1.000000" m_b="0.000000" m_c="0.000000" m_d="1.000000" m_tx="133.280029" m_ty="-42.978142"/>
  </frame>
  <frame idx="575" w="303" h="1112" x="101.480530" y="-359.418152">
   <element name="swap_body" layername="idle" frame="0" z_index="2" m_a="1.000000" m_b="0.000000" m_c="0.000000" m_d="1.000000" m_tx="133.280029" m_ty="-42.978142"/>
  </frame>
  <frame idx="600" w="303" h="1112" x="101.480530" y="-359.418152">
   <element name="swap_body" layername="idle" frame="0" z_index="2" m_a="1.000000" m_b="0.000000" m_c="0.000000" m_d="1.000000" m_tx="133.280029" m_ty="-42.978142"/>
  </frame>
  <frame idx="625" w="303" h="1112" x="101.480530" y="-359.418152">
   <element name="swap_body" layername="idle" frame="0" z_index="2" m_a="1.000000" m_b="0.000000" m_c="0.000000" m_d="1.000000" m_tx="133.280029" m_ty="-42.978142"/>
  </frame>
  <frame idx="650" w="303" h="1112" x="101.480530" y="-359.418152">
   <element name="swap_body" layername="idle" frame="0" z_index="2" m_a="1.000000" m_b="0.000000" m_c="0.000000" m_d="1.000000" m_tx="133.280029" m_ty="-42.978142"/>
  </frame>
  <frame idx="675" w="303" h="1112" x="101.480530" y="-359.418152">
   <element name="swap_body" layername="idle" frame="0" z_index="2" m_a="1.000000" m_b="0.000000" m_c="0.000000" m_d="1.000000" m_tx="133.280029" m_ty="-42.978142"/>
  </frame>
  <frame idx="700" w="303" h="1112" x="101.480530" y="-359.418152">
   <element name="swap_body" layername="idle" frame="0" z_index="2" m_a="1.000000" m_b="0.000000" m_c="0.000000" m_d="1.000000" m_tx="133.280029" m_ty="-42.978142"/>
  </frame>
  <frame idx="725" w="303" h="1112" x="101.480530" y="-359.418152">
   <element name="swap_body" layername="idle" frame="0" z_index="2" m_a="1.000000" m_b="0.000000" m_c="0.000000" m_d="1.000000" m_tx="133.280029" m_ty="-42.978142"/>
  </frame>
  <frame idx="750" w="303" h="1112" x="101.480530" y="-359.418152">
   <element name="swap_body" layername="idle" frame="0" z_index="2" m_a="1.000000" m_b="0.000000" m_c="0.000000" m_d="1.000000" m_tx="133.280029" m_ty="-42.978142"/>
  </frame>
  <frame idx="775" w="303" h="1112" x="101.480530" y="-359.418152">
   <element name="swap_body" layername="idle" frame="0" z_index="2" m_a="1.000000" m_b="0.000000" m_c="0.000000" m_d="1.000000" m_tx="133.280029" m_ty="-42.978142"/>
  </frame>
  <frame idx="800" w="303" h="1112" x="101.480530" y="-359.418152">
   <element name="swap_body" layername="idle" frame="0" z_index="2" m_a="1.000000" m_b="0.000000" m_c="0.000000" m_d="1.000000" m_tx="133.280029" m_ty="-42.978142"/>
  </frame>
  <frame idx="825" w="303" h="1112" x="101.480530" y="-359.418152">
   <element name="swap_body" layername="idle" frame="0" z_index="2" m_a="1.000000" m_b="0.000000" m_c="0.000000" m_d="1.000000" m_tx="133.280029" m_ty="-42.978142"/>
  </frame>
  <frame idx="850" w="303" h="1112" x="101.480530" y="-359.418152">
   <element name="swap_body" layername="idle" frame="0" z_index="2" m_a="1.000000" m_b="0.000000" m_c="0.000000" m_d="1.000000" m_tx="133.280029" m_ty="-42.978142"/>
  </frame>
  <frame idx="875" w="303" h="1112" x="101.480530" y="-359.418152">
   <element name="swap_body" layername="idle" frame="0" z_index="2" m_a="1.000000" m_b="0.000000" m_c="0.000000" m_d="1.000000" m_tx="133.280029" m_ty="-42.978142"/>
  </frame>
 </anim>
</Anims>
