<Anims>
 <anim name="BUILD" root="veggie_skewers" numframes="1000" framerate="40">
  <frame idx="0" w="249" h="293" x="-13.811760" y="-54.441639">
   <element name="veggie_skewers" layername="output" frame="0" z_index="1" m_a="1.462137" m_b="0.000000" m_c="0.000000" m_d="1.462137" m_tx="5.010563" m_ty="-19.052816"/>
  </frame>
  <frame idx="25" w="249" h="293" x="-13.811760" y="-54.441639">
   <element name="veggie_skewers" layername="output" frame="0" z_index="1" m_a="1.462137" m_b="0.000000" m_c="0.000000" m_d="1.462137" m_tx="5.010563" m_ty="-19.052816"/>
  </frame>
  <frame idx="50" w="249" h="293" x="-13.811760" y="-54.441639">
   <element name="veggie_skewers" layername="output" frame="0" z_index="1" m_a="1.462137" m_b="0.000000" m_c="0.000000" m_d="1.462137" m_tx="5.010563" m_ty="-19.052816"/>
  </frame>
  <frame idx="75" w="249" h="293" x="-13.811760" y="-54.441639">
   <element name="veggie_skewers" layername="output" frame="0" z_index="1" m_a="1.462137" m_b="0.000000" m_c="0.000000" m_d="1.462137" m_tx="5.010563" m_ty="-19.052816"/>
  </frame>
  <frame idx="100" w="249" h="293" x="-13.811760" y="-54.441639">
   <element name="veggie_skewers" layername="output" frame="0" z_index="1" m_a="1.462137" m_b="0.000000" m_c="0.000000" m_d="1.462137" m_tx="5.010563" m_ty="-19.052816"/>
  </frame>
  <frame idx="125" w="249" h="293" x="-13.811760" y="-54.441639">
   <element name="veggie_skewers" layername="output" frame="0" z_index="1" m_a="1.462137" m_b="0.000000" m_c="0.000000" m_d="1.462137" m_tx="5.010563" m_ty="-19.052816"/>
  </frame>
  <frame idx="150" w="249" h="293" x="-13.811760" y="-54.441639">
   <element name="veggie_skewers" layername="output" frame="0" z_index="1" m_a="1.462137" m_b="0.000000" m_c="0.000000" m_d="1.462137" m_tx="5.010563" m_ty="-19.052816"/>
  </frame>
  <frame idx="175" w="249" h="293" x="-13.811760" y="-54.441639">
   <element name="veggie_skewers" layername="output" frame="0" z_index="1" m_a="1.462137" m_b="0.000000" m_c="0.000000" m_d="1.462137" m_tx="5.010563" m_ty="-19.052816"/>
  </frame>
  <frame idx="200" w="249" h="293" x="-13.811760" y="-54.441639">
   <element name="veggie_skewers" layername="output" frame="0" z_index="1" m_a="1.462137" m_b="0.000000" m_c="0.000000" m_d="1.462137" m_tx="5.010563" m_ty="-19.052816"/>
  </frame>
  <frame idx="225" w="249" h="293" x="-13.811760" y="-54.441639">
   <element name="veggie_skewers" layername="output" frame="0" z_index="1" m_a="1.462137" m_b="0.000000" m_c="0.000000" m_d="1.462137" m_tx="5.010563" m_ty="-19.052816"/>
  </frame>
  <frame idx="250" w="249" h="293" x="-13.811760" y="-54.441639">
   <element name="veggie_skewers" layername="output" frame="0" z_index="1" m_a="1.462137" m_b="0.000000" m_c="0.000000" m_d="1.462137" m_tx="5.010563" m_ty="-19.052816"/>
  </frame>
  <frame idx="275" w="249" h="293" x="-13.811760" y="-54.441639">
   <element name="veggie_skewers" layername="output" frame="0" z_index="1" m_a="1.462137" m_b="0.000000" m_c="0.000000" m_d="1.462137" m_tx="5.010563" m_ty="-19.052816"/>
  </frame>
  <frame idx="300" w="249" h="293" x="-13.811760" y="-54.441639">
   <element name="veggie_skewers" layername="output" frame="0" z_index="1" m_a="1.462137" m_b="0.000000" m_c="0.000000" m_d="1.462137" m_tx="5.010563" m_ty="-19.052816"/>
  </frame>
  <frame idx="325" w="249" h="293" x="-13.811760" y="-54.441639">
   <element name="veggie_skewers" layername="output" frame="0" z_index="1" m_a="1.462137" m_b="0.000000" m_c="0.000000" m_d="1.462137" m_tx="5.010563" m_ty="-19.052816"/>
  </frame>
  <frame idx="350" w="249" h="293" x="-13.811760" y="-54.441639">
   <element name="veggie_skewers" layername="output" frame="0" z_index="1" m_a="1.462137" m_b="0.000000" m_c="0.000000" m_d="1.462137" m_tx="5.010563" m_ty="-19.052816"/>
  </frame>
  <frame idx="375" w="249" h="293" x="-13.811760" y="-54.441639">
   <element name="veggie_skewers" layername="output" frame="0" z_index="1" m_a="1.462137" m_b="0.000000" m_c="0.000000" m_d="1.462137" m_tx="5.010563" m_ty="-19.052816"/>
  </frame>
  <frame idx="400" w="249" h="293" x="-13.811760" y="-54.441639">
   <element name="veggie_skewers" layername="output" frame="0" z_index="1" m_a="1.462137" m_b="0.000000" m_c="0.000000" m_d="1.462137" m_tx="5.010563" m_ty="-19.052816"/>
  </frame>
  <frame idx="425" w="249" h="293" x="-13.811760" y="-54.441639">
   <element name="veggie_skewers" layername="output" frame="0" z_index="1" m_a="1.462137" m_b="0.000000" m_c="0.000000" m_d="1.462137" m_tx="5.010563" m_ty="-19.052816"/>
  </frame>
  <frame idx="450" w="249" h="293" x="-13.811760" y="-54.441639">
   <element name="veggie_skewers" layername="output" frame="0" z_index="1" m_a="1.462137" m_b="0.000000" m_c="0.000000" m_d="1.462137" m_tx="5.010563" m_ty="-19.052816"/>
  </frame>
  <frame idx="475" w="249" h="293" x="-13.811760" y="-54.441639">
   <element name="veggie_skewers" layername="output" frame="0" z_index="1" m_a="1.462137" m_b="0.000000" m_c="0.000000" m_d="1.462137" m_tx="5.010563" m_ty="-19.052816"/>
  </frame>
  <frame idx="500" w="249" h="293" x="-13.811760" y="-54.441639">
   <element name="veggie_skewers" layername="output" frame="0" z_index="1" m_a="1.462137" m_b="0.000000" m_c="0.000000" m_d="1.462137" m_tx="5.010563" m_ty="-19.052816"/>
  </frame>
  <frame idx="525" w="249" h="293" x="-13.811760" y="-54.441639">
   <element name="veggie_skewers" layername="output" frame="0" z_index="1" m_a="1.462137" m_b="0.000000" m_c="0.000000" m_d="1.462137" m_tx="5.010563" m_ty="-19.052816"/>
  </frame>
  <frame idx="550" w="249" h="293" x="-13.811760" y="-54.441639">
   <element name="veggie_skewers" layername="output" frame="0" z_index="1" m_a="1.462137" m_b="0.000000" m_c="0.000000" m_d="1.462137" m_tx="5.010563" m_ty="-19.052816"/>
  </frame>
  <frame idx="575" w="249" h="293" x="-13.811760" y="-54.441639">
   <element name="veggie_skewers" layername="output" frame="0" z_index="1" m_a="1.462137" m_b="0.000000" m_c="0.000000" m_d="1.462137" m_tx="5.010563" m_ty="-19.052816"/>
  </frame>
  <frame idx="600" w="249" h="293" x="-13.811760" y="-54.441639">
   <element name="veggie_skewers" layername="output" frame="0" z_index="1" m_a="1.462137" m_b="0.000000" m_c="0.000000" m_d="1.462137" m_tx="5.010563" m_ty="-19.052816"/>
  </frame>
  <frame idx="625" w="249" h="293" x="-13.811760" y="-54.441639">
   <element name="veggie_skewers" layername="output" frame="0" z_index="1" m_a="1.462137" m_b="0.000000" m_c="0.000000" m_d="1.462137" m_tx="5.010563" m_ty="-19.052816"/>
  </frame>
  <frame idx="650" w="249" h="293" x="-13.811760" y="-54.441639">
   <element name="veggie_skewers" layername="output" frame="0" z_index="1" m_a="1.462137" m_b="0.000000" m_c="0.000000" m_d="1.462137" m_tx="5.010563" m_ty="-19.052816"/>
  </frame>
  <frame idx="675" w="249" h="293" x="-13.811760" y="-54.441639">
   <element name="veggie_skewers" layername="output" frame="0" z_index="1" m_a="1.462137" m_b="0.000000" m_c="0.000000" m_d="1.462137" m_tx="5.010563" m_ty="-19.052816"/>
  </frame>
  <frame idx="700" w="249" h="293" x="-13.811760" y="-54.441639">
   <element name="veggie_skewers" layername="output" frame="0" z_index="1" m_a="1.462137" m_b="0.000000" m_c="0.000000" m_d="1.462137" m_tx="5.010563" m_ty="-19.052816"/>
  </frame>
  <frame idx="725" w="249" h="293" x="-13.811760" y="-54.441639">
   <element name="veggie_skewers" layername="output" frame="0" z_index="1" m_a="1.462137" m_b="0.000000" m_c="0.000000" m_d="1.462137" m_tx="5.010563" m_ty="-19.052816"/>
  </frame>
  <frame idx="750" w="249" h="293" x="-13.811760" y="-54.441639">
   <element name="veggie_skewers" layername="output" frame="0" z_index="1" m_a="1.462137" m_b="0.000000" m_c="0.000000" m_d="1.462137" m_tx="5.010563" m_ty="-19.052816"/>
  </frame>
  <frame idx="775" w="249" h="293" x="-13.811760" y="-54.441639">
   <element name="veggie_skewers" layername="output" frame="0" z_index="1" m_a="1.462137" m_b="0.000000" m_c="0.000000" m_d="1.462137" m_tx="5.010563" m_ty="-19.052816"/>
  </frame>
  <frame idx="800" w="249" h="293" x="-13.811760" y="-54.441639">
   <element name="veggie_skewers" layername="output" frame="0" z_index="1" m_a="1.462137" m_b="0.000000" m_c="0.000000" m_d="1.462137" m_tx="5.010563" m_ty="-19.052816"/>
  </frame>
  <frame idx="825" w="249" h="293" x="-13.811760" y="-54.441639">
   <element name="veggie_skewers" layername="output" frame="0" z_index="1" m_a="1.462137" m_b="0.000000" m_c="0.000000" m_d="1.462137" m_tx="5.010563" m_ty="-19.052816"/>
  </frame>
  <frame idx="850" w="249" h="293" x="-13.811760" y="-54.441639">
   <element name="veggie_skewers" layername="output" frame="0" z_index="1" m_a="1.462137" m_b="0.000000" m_c="0.000000" m_d="1.462137" m_tx="5.010563" m_ty="-19.052816"/>
  </frame>
  <frame idx="875" w="249" h="293" x="-13.811760" y="-54.441639">
   <element name="veggie_skewers" layername="output" frame="0" z_index="1" m_a="1.462137" m_b="0.000000" m_c="0.000000" m_d="1.462137" m_tx="5.010563" m_ty="-19.052816"/>
  </frame>
  <frame idx="900" w="249" h="293" x="-13.811760" y="-54.441639">
   <element name="veggie_skewers" layername="output" frame="0" z_index="1" m_a="1.462137" m_b="0.000000" m_c="0.000000" m_d="1.462137" m_tx="5.010563" m_ty="-19.052816"/>
  </frame>
  <frame idx="925" w="249" h="293" x="-13.811760" y="-54.441639">
   <element name="veggie_skewers" layername="output" frame="0" z_index="1" m_a="1.462137" m_b="0.000000" m_c="0.000000" m_d="1.462137" m_tx="5.010563" m_ty="-19.052816"/>
  </frame>
  <frame idx="950" w="249" h="293" x="-13.811760" y="-54.441639">
   <element name="veggie_skewers" layername="output" frame="0" z_index="1" m_a="1.462137" m_b="0.000000" m_c="0.000000" m_d="1.462137" m_tx="5.010563" m_ty="-19.052816"/>
  </frame>
  <frame idx="975" w="249" h="293" x="-13.811760" y="-54.441639">
   <element name="veggie_skewers" layername="output" frame="0" z_index="1" m_a="1.462137" m_b="0.000000" m_c="0.000000" m_d="1.462137" m_tx="5.010563" m_ty="-19.052816"/>
  </frame>
 </anim>
</Anims>
