<Anims>
 <anim name="idle" root="aip_fish_sword" numframes="1000" framerate="40">
  <frame idx="0" w="128" h="369" x="2.072957" y="-98.174553">
   <element name="aip_fish_sword" layername="output" frame="0" z_index="1" m_a="0.752808" m_b="0.000000" m_c="0.000000" m_d="0.752808" m_tx="1.113475" m_ty="20.611296"/>
  </frame>
  <frame idx="25" w="128" h="369" x="2.072957" y="-98.174553">
   <element name="aip_fish_sword" layername="output" frame="0" z_index="1" m_a="0.752808" m_b="0.000000" m_c="0.000000" m_d="0.752808" m_tx="1.113475" m_ty="20.611296"/>
  </frame>
  <frame idx="50" w="128" h="369" x="2.072957" y="-98.174553">
   <element name="aip_fish_sword" layername="output" frame="0" z_index="1" m_a="0.752808" m_b="0.000000" m_c="0.000000" m_d="0.752808" m_tx="1.113475" m_ty="20.611296"/>
  </frame>
  <frame idx="75" w="128" h="369" x="2.072957" y="-98.174553">
   <element name="aip_fish_sword" layername="output" frame="0" z_index="1" m_a="0.752808" m_b="0.000000" m_c="0.000000" m_d="0.752808" m_tx="1.113475" m_ty="20.611296"/>
  </frame>
  <frame idx="100" w="128" h="369" x="2.072957" y="-98.174553">
   <element name="aip_fish_sword" layername="output" frame="0" z_index="1" m_a="0.752808" m_b="0.000000" m_c="0.000000" m_d="0.752808" m_tx="1.113475" m_ty="20.611296"/>
  </frame>
  <frame idx="125" w="128" h="369" x="2.072957" y="-98.174553">
   <element name="aip_fish_sword" layername="output" frame="0" z_index="1" m_a="0.752808" m_b="0.000000" m_c="0.000000" m_d="0.752808" m_tx="1.113475" m_ty="20.611296"/>
  </frame>
  <frame idx="150" w="128" h="369" x="2.072957" y="-98.174553">
   <element name="aip_fish_sword" layername="output" frame="0" z_index="1" m_a="0.752808" m_b="0.000000" m_c="0.000000" m_d="0.752808" m_tx="1.113475" m_ty="20.611296"/>
  </frame>
  <frame idx="175" w="128" h="369" x="2.072957" y="-98.174553">
   <element name="aip_fish_sword" layername="output" frame="0" z_index="1" m_a="0.752808" m_b="0.000000" m_c="0.000000" m_d="0.752808" m_tx="1.113475" m_ty="20.611296"/>
  </frame>
  <frame idx="200" w="128" h="369" x="2.072957" y="-98.174553">
   <element name="aip_fish_sword" layername="output" frame="0" z_index="1" m_a="0.752808" m_b="0.000000" m_c="0.000000" m_d="0.752808" m_tx="1.113475" m_ty="20.611296"/>
  </frame>
  <frame idx="225" w="128" h="369" x="2.072957" y="-98.174553">
   <element name="aip_fish_sword" layername="output" frame="0" z_index="1" m_a="0.752808" m_b="0.000000" m_c="0.000000" m_d="0.752808" m_tx="1.113475" m_ty="20.611296"/>
  </frame>
  <frame idx="250" w="128" h="369" x="2.072957" y="-98.174553">
   <element name="aip_fish_sword" layername="output" frame="0" z_index="1" m_a="0.752808" m_b="0.000000" m_c="0.000000" m_d="0.752808" m_tx="1.113475" m_ty="20.611296"/>
  </frame>
  <frame idx="275" w="128" h="369" x="2.072957" y="-98.174553">
   <element name="aip_fish_sword" layername="output" frame="0" z_index="1" m_a="0.752808" m_b="0.000000" m_c="0.000000" m_d="0.752808" m_tx="1.113475" m_ty="20.611296"/>
  </frame>
  <frame idx="300" w="128" h="369" x="2.072957" y="-98.174553">
   <element name="aip_fish_sword" layername="output" frame="0" z_index="1" m_a="0.752808" m_b="0.000000" m_c="0.000000" m_d="0.752808" m_tx="1.113475" m_ty="20.611296"/>
  </frame>
  <frame idx="325" w="128" h="369" x="2.072957" y="-98.174553">
   <element name="aip_fish_sword" layername="output" frame="0" z_index="1" m_a="0.752808" m_b="0.000000" m_c="0.000000" m_d="0.752808" m_tx="1.113475" m_ty="20.611296"/>
  </frame>
  <frame idx="350" w="128" h="369" x="2.072957" y="-98.174553">
   <element name="aip_fish_sword" layername="output" frame="0" z_index="1" m_a="0.752808" m_b="0.000000" m_c="0.000000" m_d="0.752808" m_tx="1.113475" m_ty="20.611296"/>
  </frame>
  <frame idx="375" w="128" h="369" x="2.072957" y="-98.174553">
   <element name="aip_fish_sword" layername="output" frame="0" z_index="1" m_a="0.752808" m_b="0.000000" m_c="0.000000" m_d="0.752808" m_tx="1.113475" m_ty="20.611296"/>
  </frame>
  <frame idx="400" w="128" h="369" x="2.072957" y="-98.174553">
   <element name="aip_fish_sword" layername="output" frame="0" z_index="1" m_a="0.752808" m_b="0.000000" m_c="0.000000" m_d="0.752808" m_tx="1.113475" m_ty="20.611296"/>
  </frame>
  <frame idx="425" w="128" h="369" x="2.072957" y="-98.174553">
   <element name="aip_fish_sword" layername="output" frame="0" z_index="1" m_a="0.752808" m_b="0.000000" m_c="0.000000" m_d="0.752808" m_tx="1.113475" m_ty="20.611296"/>
  </frame>
  <frame idx="450" w="128" h="369" x="2.072957" y="-98.174553">
   <element name="aip_fish_sword" layername="output" frame="0" z_index="1" m_a="0.752808" m_b="0.000000" m_c="0.000000" m_d="0.752808" m_tx="1.113475" m_ty="20.611296"/>
  </frame>
  <frame idx="475" w="128" h="369" x="2.072957" y="-98.174553">
   <element name="aip_fish_sword" layername="output" frame="0" z_index="1" m_a="0.752808" m_b="0.000000" m_c="0.000000" m_d="0.752808" m_tx="1.113475" m_ty="20.611296"/>
  </frame>
  <frame idx="500" w="128" h="369" x="2.072957" y="-98.174553">
   <element name="aip_fish_sword" layername="output" frame="0" z_index="1" m_a="0.752808" m_b="0.000000" m_c="0.000000" m_d="0.752808" m_tx="1.113475" m_ty="20.611296"/>
  </frame>
  <frame idx="525" w="128" h="369" x="2.072957" y="-98.174553">
   <element name="aip_fish_sword" layername="output" frame="0" z_index="1" m_a="0.752808" m_b="0.000000" m_c="0.000000" m_d="0.752808" m_tx="1.113475" m_ty="20.611296"/>
  </frame>
  <frame idx="550" w="128" h="369" x="2.072957" y="-98.174553">
   <element name="aip_fish_sword" layername="output" frame="0" z_index="1" m_a="0.752808" m_b="0.000000" m_c="0.000000" m_d="0.752808" m_tx="1.113475" m_ty="20.611296"/>
  </frame>
  <frame idx="575" w="128" h="369" x="2.072957" y="-98.174553">
   <element name="aip_fish_sword" layername="output" frame="0" z_index="1" m_a="0.752808" m_b="0.000000" m_c="0.000000" m_d="0.752808" m_tx="1.113475" m_ty="20.611296"/>
  </frame>
  <frame idx="600" w="128" h="369" x="2.072957" y="-98.174553">
   <element name="aip_fish_sword" layername="output" frame="0" z_index="1" m_a="0.752808" m_b="0.000000" m_c="0.000000" m_d="0.752808" m_tx="1.113475" m_ty="20.611296"/>
  </frame>
  <frame idx="625" w="128" h="369" x="2.072957" y="-98.174553">
   <element name="aip_fish_sword" layername="output" frame="0" z_index="1" m_a="0.752808" m_b="0.000000" m_c="0.000000" m_d="0.752808" m_tx="1.113475" m_ty="20.611296"/>
  </frame>
  <frame idx="650" w="128" h="369" x="2.072957" y="-98.174553">
   <element name="aip_fish_sword" layername="output" frame="0" z_index="1" m_a="0.752808" m_b="0.000000" m_c="0.000000" m_d="0.752808" m_tx="1.113475" m_ty="20.611296"/>
  </frame>
  <frame idx="675" w="128" h="369" x="2.072957" y="-98.174553">
   <element name="aip_fish_sword" layername="output" frame="0" z_index="1" m_a="0.752808" m_b="0.000000" m_c="0.000000" m_d="0.752808" m_tx="1.113475" m_ty="20.611296"/>
  </frame>
  <frame idx="700" w="128" h="369" x="2.072957" y="-98.174553">
   <element name="aip_fish_sword" layername="output" frame="0" z_index="1" m_a="0.752808" m_b="0.000000" m_c="0.000000" m_d="0.752808" m_tx="1.113475" m_ty="20.611296"/>
  </frame>
  <frame idx="725" w="128" h="369" x="2.072957" y="-98.174553">
   <element name="aip_fish_sword" layername="output" frame="0" z_index="1" m_a="0.752808" m_b="0.000000" m_c="0.000000" m_d="0.752808" m_tx="1.113475" m_ty="20.611296"/>
  </frame>
  <frame idx="750" w="128" h="369" x="2.072957" y="-98.174553">
   <element name="aip_fish_sword" layername="output" frame="0" z_index="1" m_a="0.752808" m_b="0.000000" m_c="0.000000" m_d="0.752808" m_tx="1.113475" m_ty="20.611296"/>
  </frame>
  <frame idx="775" w="128" h="369" x="2.072957" y="-98.174553">
   <element name="aip_fish_sword" layername="output" frame="0" z_index="1" m_a="0.752808" m_b="0.000000" m_c="0.000000" m_d="0.752808" m_tx="1.113475" m_ty="20.611296"/>
  </frame>
  <frame idx="800" w="128" h="369" x="2.072957" y="-98.174553">
   <element name="aip_fish_sword" layername="output" frame="0" z_index="1" m_a="0.752808" m_b="0.000000" m_c="0.000000" m_d="0.752808" m_tx="1.113475" m_ty="20.611296"/>
  </frame>
  <frame idx="825" w="128" h="369" x="2.072957" y="-98.174553">
   <element name="aip_fish_sword" layername="output" frame="0" z_index="1" m_a="0.752808" m_b="0.000000" m_c="0.000000" m_d="0.752808" m_tx="1.113475" m_ty="20.611296"/>
  </frame>
  <frame idx="850" w="128" h="369" x="2.072957" y="-98.174553">
   <element name="aip_fish_sword" layername="output" frame="0" z_index="1" m_a="0.752808" m_b="0.000000" m_c="0.000000" m_d="0.752808" m_tx="1.113475" m_ty="20.611296"/>
  </frame>
  <frame idx="875" w="128" h="369" x="2.072957" y="-98.174553">
   <element name="aip_fish_sword" layername="output" frame="0" z_index="1" m_a="0.752808" m_b="0.000000" m_c="0.000000" m_d="0.752808" m_tx="1.113475" m_ty="20.611296"/>
  </frame>
  <frame idx="900" w="128" h="369" x="2.072957" y="-98.174553">
   <element name="aip_fish_sword" layername="output" frame="0" z_index="1" m_a="0.752808" m_b="0.000000" m_c="0.000000" m_d="0.752808" m_tx="1.113475" m_ty="20.611296"/>
  </frame>
  <frame idx="925" w="128" h="369" x="2.072957" y="-98.174553">
   <element name="aip_fish_sword" layername="output" frame="0" z_index="1" m_a="0.752808" m_b="0.000000" m_c="0.000000" m_d="0.752808" m_tx="1.113475" m_ty="20.611296"/>
  </frame>
  <frame idx="950" w="128" h="369" x="2.072957" y="-98.174553">
   <element name="aip_fish_sword" layername="output" frame="0" z_index="1" m_a="0.752808" m_b="0.000000" m_c="0.000000" m_d="0.752808" m_tx="1.113475" m_ty="20.611296"/>
  </frame>
  <frame idx="975" w="128" h="369" x="2.072957" y="-98.174553">
   <element name="aip_fish_sword" layername="output" frame="0" z_index="1" m_a="0.752808" m_b="0.000000" m_c="0.000000" m_d="0.752808" m_tx="1.113475" m_ty="20.611296"/>
  </frame>
 </anim>
</Anims>
