<Anims>
 <anim name="BUILD" root="aip_food_cherry_meat" numframes="1000" framerate="40">
  <frame idx="0" w="245" h="260" x="-23.137476" y="-36.625313">
   <element name="aip_food_cherry_meat" layername="output" frame="0" z_index="1" m_a="1.320806" m_b="0.000000" m_c="0.000000" m_d="1.320806" m_tx="-0.017016" m_ty="-22.945971"/>
  </frame>
  <frame idx="25" w="245" h="260" x="-23.137476" y="-36.625313">
   <element name="aip_food_cherry_meat" layername="output" frame="0" z_index="1" m_a="1.320806" m_b="0.000000" m_c="0.000000" m_d="1.320806" m_tx="-0.017016" m_ty="-22.945971"/>
  </frame>
  <frame idx="50" w="245" h="260" x="-23.137476" y="-36.625313">
   <element name="aip_food_cherry_meat" layername="output" frame="0" z_index="1" m_a="1.320806" m_b="0.000000" m_c="0.000000" m_d="1.320806" m_tx="-0.017016" m_ty="-22.945971"/>
  </frame>
  <frame idx="75" w="245" h="260" x="-23.137476" y="-36.625313">
   <element name="aip_food_cherry_meat" layername="output" frame="0" z_index="1" m_a="1.320806" m_b="0.000000" m_c="0.000000" m_d="1.320806" m_tx="-0.017016" m_ty="-22.945971"/>
  </frame>
  <frame idx="100" w="245" h="260" x="-23.137476" y="-36.625313">
   <element name="aip_food_cherry_meat" layername="output" frame="0" z_index="1" m_a="1.320806" m_b="0.000000" m_c="0.000000" m_d="1.320806" m_tx="-0.017016" m_ty="-22.945971"/>
  </frame>
  <frame idx="125" w="245" h="260" x="-23.137476" y="-36.625313">
   <element name="aip_food_cherry_meat" layername="output" frame="0" z_index="1" m_a="1.320806" m_b="0.000000" m_c="0.000000" m_d="1.320806" m_tx="-0.017016" m_ty="-22.945971"/>
  </frame>
  <frame idx="150" w="245" h="260" x="-23.137476" y="-36.625313">
   <element name="aip_food_cherry_meat" layername="output" frame="0" z_index="1" m_a="1.320806" m_b="0.000000" m_c="0.000000" m_d="1.320806" m_tx="-0.017016" m_ty="-22.945971"/>
  </frame>
  <frame idx="175" w="245" h="260" x="-23.137476" y="-36.625313">
   <element name="aip_food_cherry_meat" layername="output" frame="0" z_index="1" m_a="1.320806" m_b="0.000000" m_c="0.000000" m_d="1.320806" m_tx="-0.017016" m_ty="-22.945971"/>
  </frame>
  <frame idx="200" w="245" h="260" x="-23.137476" y="-36.625313">
   <element name="aip_food_cherry_meat" layername="output" frame="0" z_index="1" m_a="1.320806" m_b="0.000000" m_c="0.000000" m_d="1.320806" m_tx="-0.017016" m_ty="-22.945971"/>
  </frame>
  <frame idx="225" w="245" h="260" x="-23.137476" y="-36.625313">
   <element name="aip_food_cherry_meat" layername="output" frame="0" z_index="1" m_a="1.320806" m_b="0.000000" m_c="0.000000" m_d="1.320806" m_tx="-0.017016" m_ty="-22.945971"/>
  </frame>
  <frame idx="250" w="245" h="260" x="-23.137476" y="-36.625313">
   <element name="aip_food_cherry_meat" layername="output" frame="0" z_index="1" m_a="1.320806" m_b="0.000000" m_c="0.000000" m_d="1.320806" m_tx="-0.017016" m_ty="-22.945971"/>
  </frame>
  <frame idx="275" w="245" h="260" x="-23.137476" y="-36.625313">
   <element name="aip_food_cherry_meat" layername="output" frame="0" z_index="1" m_a="1.320806" m_b="0.000000" m_c="0.000000" m_d="1.320806" m_tx="-0.017016" m_ty="-22.945971"/>
  </frame>
  <frame idx="300" w="245" h="260" x="-23.137476" y="-36.625313">
   <element name="aip_food_cherry_meat" layername="output" frame="0" z_index="1" m_a="1.320806" m_b="0.000000" m_c="0.000000" m_d="1.320806" m_tx="-0.017016" m_ty="-22.945971"/>
  </frame>
  <frame idx="325" w="245" h="260" x="-23.137476" y="-36.625313">
   <element name="aip_food_cherry_meat" layername="output" frame="0" z_index="1" m_a="1.320806" m_b="0.000000" m_c="0.000000" m_d="1.320806" m_tx="-0.017016" m_ty="-22.945971"/>
  </frame>
  <frame idx="350" w="245" h="260" x="-23.137476" y="-36.625313">
   <element name="aip_food_cherry_meat" layername="output" frame="0" z_index="1" m_a="1.320806" m_b="0.000000" m_c="0.000000" m_d="1.320806" m_tx="-0.017016" m_ty="-22.945971"/>
  </frame>
  <frame idx="375" w="245" h="260" x="-23.137476" y="-36.625313">
   <element name="aip_food_cherry_meat" layername="output" frame="0" z_index="1" m_a="1.320806" m_b="0.000000" m_c="0.000000" m_d="1.320806" m_tx="-0.017016" m_ty="-22.945971"/>
  </frame>
  <frame idx="400" w="245" h="260" x="-23.137476" y="-36.625313">
   <element name="aip_food_cherry_meat" layername="output" frame="0" z_index="1" m_a="1.320806" m_b="0.000000" m_c="0.000000" m_d="1.320806" m_tx="-0.017016" m_ty="-22.945971"/>
  </frame>
  <frame idx="425" w="245" h="260" x="-23.137476" y="-36.625313">
   <element name="aip_food_cherry_meat" layername="output" frame="0" z_index="1" m_a="1.320806" m_b="0.000000" m_c="0.000000" m_d="1.320806" m_tx="-0.017016" m_ty="-22.945971"/>
  </frame>
  <frame idx="450" w="245" h="260" x="-23.137476" y="-36.625313">
   <element name="aip_food_cherry_meat" layername="output" frame="0" z_index="1" m_a="1.320806" m_b="0.000000" m_c="0.000000" m_d="1.320806" m_tx="-0.017016" m_ty="-22.945971"/>
  </frame>
  <frame idx="475" w="245" h="260" x="-23.137476" y="-36.625313">
   <element name="aip_food_cherry_meat" layername="output" frame="0" z_index="1" m_a="1.320806" m_b="0.000000" m_c="0.000000" m_d="1.320806" m_tx="-0.017016" m_ty="-22.945971"/>
  </frame>
  <frame idx="500" w="245" h="260" x="-23.137476" y="-36.625313">
   <element name="aip_food_cherry_meat" layername="output" frame="0" z_index="1" m_a="1.320806" m_b="0.000000" m_c="0.000000" m_d="1.320806" m_tx="-0.017016" m_ty="-22.945971"/>
  </frame>
  <frame idx="525" w="245" h="260" x="-23.137476" y="-36.625313">
   <element name="aip_food_cherry_meat" layername="output" frame="0" z_index="1" m_a="1.320806" m_b="0.000000" m_c="0.000000" m_d="1.320806" m_tx="-0.017016" m_ty="-22.945971"/>
  </frame>
  <frame idx="550" w="245" h="260" x="-23.137476" y="-36.625313">
   <element name="aip_food_cherry_meat" layername="output" frame="0" z_index="1" m_a="1.320806" m_b="0.000000" m_c="0.000000" m_d="1.320806" m_tx="-0.017016" m_ty="-22.945971"/>
  </frame>
  <frame idx="575" w="245" h="260" x="-23.137476" y="-36.625313">
   <element name="aip_food_cherry_meat" layername="output" frame="0" z_index="1" m_a="1.320806" m_b="0.000000" m_c="0.000000" m_d="1.320806" m_tx="-0.017016" m_ty="-22.945971"/>
  </frame>
  <frame idx="600" w="245" h="260" x="-23.137476" y="-36.625313">
   <element name="aip_food_cherry_meat" layername="output" frame="0" z_index="1" m_a="1.320806" m_b="0.000000" m_c="0.000000" m_d="1.320806" m_tx="-0.017016" m_ty="-22.945971"/>
  </frame>
  <frame idx="625" w="245" h="260" x="-23.137476" y="-36.625313">
   <element name="aip_food_cherry_meat" layername="output" frame="0" z_index="1" m_a="1.320806" m_b="0.000000" m_c="0.000000" m_d="1.320806" m_tx="-0.017016" m_ty="-22.945971"/>
  </frame>
  <frame idx="650" w="245" h="260" x="-23.137476" y="-36.625313">
   <element name="aip_food_cherry_meat" layername="output" frame="0" z_index="1" m_a="1.320806" m_b="0.000000" m_c="0.000000" m_d="1.320806" m_tx="-0.017016" m_ty="-22.945971"/>
  </frame>
  <frame idx="675" w="245" h="260" x="-23.137476" y="-36.625313">
   <element name="aip_food_cherry_meat" layername="output" frame="0" z_index="1" m_a="1.320806" m_b="0.000000" m_c="0.000000" m_d="1.320806" m_tx="-0.017016" m_ty="-22.945971"/>
  </frame>
  <frame idx="700" w="245" h="260" x="-23.137476" y="-36.625313">
   <element name="aip_food_cherry_meat" layername="output" frame="0" z_index="1" m_a="1.320806" m_b="0.000000" m_c="0.000000" m_d="1.320806" m_tx="-0.017016" m_ty="-22.945971"/>
  </frame>
  <frame idx="725" w="245" h="260" x="-23.137476" y="-36.625313">
   <element name="aip_food_cherry_meat" layername="output" frame="0" z_index="1" m_a="1.320806" m_b="0.000000" m_c="0.000000" m_d="1.320806" m_tx="-0.017016" m_ty="-22.945971"/>
  </frame>
  <frame idx="750" w="245" h="260" x="-23.137476" y="-36.625313">
   <element name="aip_food_cherry_meat" layername="output" frame="0" z_index="1" m_a="1.320806" m_b="0.000000" m_c="0.000000" m_d="1.320806" m_tx="-0.017016" m_ty="-22.945971"/>
  </frame>
  <frame idx="775" w="245" h="260" x="-23.137476" y="-36.625313">
   <element name="aip_food_cherry_meat" layername="output" frame="0" z_index="1" m_a="1.320806" m_b="0.000000" m_c="0.000000" m_d="1.320806" m_tx="-0.017016" m_ty="-22.945971"/>
  </frame>
  <frame idx="800" w="245" h="260" x="-23.137476" y="-36.625313">
   <element name="aip_food_cherry_meat" layername="output" frame="0" z_index="1" m_a="1.320806" m_b="0.000000" m_c="0.000000" m_d="1.320806" m_tx="-0.017016" m_ty="-22.945971"/>
  </frame>
  <frame idx="825" w="245" h="260" x="-23.137476" y="-36.625313">
   <element name="aip_food_cherry_meat" layername="output" frame="0" z_index="1" m_a="1.320806" m_b="0.000000" m_c="0.000000" m_d="1.320806" m_tx="-0.017016" m_ty="-22.945971"/>
  </frame>
  <frame idx="850" w="245" h="260" x="-23.137476" y="-36.625313">
   <element name="aip_food_cherry_meat" layername="output" frame="0" z_index="1" m_a="1.320806" m_b="0.000000" m_c="0.000000" m_d="1.320806" m_tx="-0.017016" m_ty="-22.945971"/>
  </frame>
  <frame idx="875" w="245" h="260" x="-23.137476" y="-36.625313">
   <element name="aip_food_cherry_meat" layername="output" frame="0" z_index="1" m_a="1.320806" m_b="0.000000" m_c="0.000000" m_d="1.320806" m_tx="-0.017016" m_ty="-22.945971"/>
  </frame>
  <frame idx="900" w="245" h="260" x="-23.137476" y="-36.625313">
   <element name="aip_food_cherry_meat" layername="output" frame="0" z_index="1" m_a="1.320806" m_b="0.000000" m_c="0.000000" m_d="1.320806" m_tx="-0.017016" m_ty="-22.945971"/>
  </frame>
  <frame idx="925" w="245" h="260" x="-23.137476" y="-36.625313">
   <element name="aip_food_cherry_meat" layername="output" frame="0" z_index="1" m_a="1.320806" m_b="0.000000" m_c="0.000000" m_d="1.320806" m_tx="-0.017016" m_ty="-22.945971"/>
  </frame>
  <frame idx="950" w="245" h="260" x="-23.137476" y="-36.625313">
   <element name="aip_food_cherry_meat" layername="output" frame="0" z_index="1" m_a="1.320806" m_b="0.000000" m_c="0.000000" m_d="1.320806" m_tx="-0.017016" m_ty="-22.945971"/>
  </frame>
  <frame idx="975" w="245" h="260" x="-23.137476" y="-36.625313">
   <element name="aip_food_cherry_meat" layername="output" frame="0" z_index="1" m_a="1.320806" m_b="0.000000" m_c="0.000000" m_d="1.320806" m_tx="-0.017016" m_ty="-22.945971"/>
  </frame>
 </anim>
</Anims>
