<Anims>
 <anim name="BUILD" root="stinky_mandarin_fish" numframes="1000" framerate="40">
  <frame idx="0" w="298" h="333" x="-31.423569" y="-63.216354">
   <element name="stinky_mandarin_fish" layername="output" frame="0" z_index="1" m_a="1.288122" m_b="0.000000" m_c="0.000000" m_d="1.288122" m_tx="6.930448" m_ty="3.796806"/>
  </frame>
  <frame idx="25" w="298" h="333" x="-31.423569" y="-63.216354">
   <element name="stinky_mandarin_fish" layername="output" frame="0" z_index="1" m_a="1.288122" m_b="0.000000" m_c="0.000000" m_d="1.288122" m_tx="6.930448" m_ty="3.796806"/>
  </frame>
  <frame idx="50" w="298" h="333" x="-31.423569" y="-63.216354">
   <element name="stinky_mandarin_fish" layername="output" frame="0" z_index="1" m_a="1.288122" m_b="0.000000" m_c="0.000000" m_d="1.288122" m_tx="6.930448" m_ty="3.796806"/>
  </frame>
  <frame idx="75" w="298" h="333" x="-31.423569" y="-63.216354">
   <element name="stinky_mandarin_fish" layername="output" frame="0" z_index="1" m_a="1.288122" m_b="0.000000" m_c="0.000000" m_d="1.288122" m_tx="6.930448" m_ty="3.796806"/>
  </frame>
  <frame idx="100" w="298" h="333" x="-31.423569" y="-63.216354">
   <element name="stinky_mandarin_fish" layername="output" frame="0" z_index="1" m_a="1.288122" m_b="0.000000" m_c="0.000000" m_d="1.288122" m_tx="6.930448" m_ty="3.796806"/>
  </frame>
  <frame idx="125" w="298" h="333" x="-31.423569" y="-63.216354">
   <element name="stinky_mandarin_fish" layername="output" frame="0" z_index="1" m_a="1.288122" m_b="0.000000" m_c="0.000000" m_d="1.288122" m_tx="6.930448" m_ty="3.796806"/>
  </frame>
  <frame idx="150" w="298" h="333" x="-31.423569" y="-63.216354">
   <element name="stinky_mandarin_fish" layername="output" frame="0" z_index="1" m_a="1.288122" m_b="0.000000" m_c="0.000000" m_d="1.288122" m_tx="6.930448" m_ty="3.796806"/>
  </frame>
  <frame idx="175" w="298" h="333" x="-31.423569" y="-63.216354">
   <element name="stinky_mandarin_fish" layername="output" frame="0" z_index="1" m_a="1.288122" m_b="0.000000" m_c="0.000000" m_d="1.288122" m_tx="6.930448" m_ty="3.796806"/>
  </frame>
  <frame idx="200" w="298" h="333" x="-31.423569" y="-63.216354">
   <element name="stinky_mandarin_fish" layername="output" frame="0" z_index="1" m_a="1.288122" m_b="0.000000" m_c="0.000000" m_d="1.288122" m_tx="6.930448" m_ty="3.796806"/>
  </frame>
  <frame idx="225" w="298" h="333" x="-31.423569" y="-63.216354">
   <element name="stinky_mandarin_fish" layername="output" frame="0" z_index="1" m_a="1.288122" m_b="0.000000" m_c="0.000000" m_d="1.288122" m_tx="6.930448" m_ty="3.796806"/>
  </frame>
  <frame idx="250" w="298" h="333" x="-31.423569" y="-63.216354">
   <element name="stinky_mandarin_fish" layername="output" frame="0" z_index="1" m_a="1.288122" m_b="0.000000" m_c="0.000000" m_d="1.288122" m_tx="6.930448" m_ty="3.796806"/>
  </frame>
  <frame idx="275" w="298" h="333" x="-31.423569" y="-63.216354">
   <element name="stinky_mandarin_fish" layername="output" frame="0" z_index="1" m_a="1.288122" m_b="0.000000" m_c="0.000000" m_d="1.288122" m_tx="6.930448" m_ty="3.796806"/>
  </frame>
  <frame idx="300" w="298" h="333" x="-31.423569" y="-63.216354">
   <element name="stinky_mandarin_fish" layername="output" frame="0" z_index="1" m_a="1.288122" m_b="0.000000" m_c="0.000000" m_d="1.288122" m_tx="6.930448" m_ty="3.796806"/>
  </frame>
  <frame idx="325" w="298" h="333" x="-31.423569" y="-63.216354">
   <element name="stinky_mandarin_fish" layername="output" frame="0" z_index="1" m_a="1.288122" m_b="0.000000" m_c="0.000000" m_d="1.288122" m_tx="6.930448" m_ty="3.796806"/>
  </frame>
  <frame idx="350" w="298" h="333" x="-31.423569" y="-63.216354">
   <element name="stinky_mandarin_fish" layername="output" frame="0" z_index="1" m_a="1.288122" m_b="0.000000" m_c="0.000000" m_d="1.288122" m_tx="6.930448" m_ty="3.796806"/>
  </frame>
  <frame idx="375" w="298" h="333" x="-31.423569" y="-63.216354">
   <element name="stinky_mandarin_fish" layername="output" frame="0" z_index="1" m_a="1.288122" m_b="0.000000" m_c="0.000000" m_d="1.288122" m_tx="6.930448" m_ty="3.796806"/>
  </frame>
  <frame idx="400" w="298" h="333" x="-31.423569" y="-63.216354">
   <element name="stinky_mandarin_fish" layername="output" frame="0" z_index="1" m_a="1.288122" m_b="0.000000" m_c="0.000000" m_d="1.288122" m_tx="6.930448" m_ty="3.796806"/>
  </frame>
  <frame idx="425" w="298" h="333" x="-31.423569" y="-63.216354">
   <element name="stinky_mandarin_fish" layername="output" frame="0" z_index="1" m_a="1.288122" m_b="0.000000" m_c="0.000000" m_d="1.288122" m_tx="6.930448" m_ty="3.796806"/>
  </frame>
  <frame idx="450" w="298" h="333" x="-31.423569" y="-63.216354">
   <element name="stinky_mandarin_fish" layername="output" frame="0" z_index="1" m_a="1.288122" m_b="0.000000" m_c="0.000000" m_d="1.288122" m_tx="6.930448" m_ty="3.796806"/>
  </frame>
  <frame idx="475" w="298" h="333" x="-31.423569" y="-63.216354">
   <element name="stinky_mandarin_fish" layername="output" frame="0" z_index="1" m_a="1.288122" m_b="0.000000" m_c="0.000000" m_d="1.288122" m_tx="6.930448" m_ty="3.796806"/>
  </frame>
  <frame idx="500" w="298" h="333" x="-31.423569" y="-63.216354">
   <element name="stinky_mandarin_fish" layername="output" frame="0" z_index="1" m_a="1.288122" m_b="0.000000" m_c="0.000000" m_d="1.288122" m_tx="6.930448" m_ty="3.796806"/>
  </frame>
  <frame idx="525" w="298" h="333" x="-31.423569" y="-63.216354">
   <element name="stinky_mandarin_fish" layername="output" frame="0" z_index="1" m_a="1.288122" m_b="0.000000" m_c="0.000000" m_d="1.288122" m_tx="6.930448" m_ty="3.796806"/>
  </frame>
  <frame idx="550" w="298" h="333" x="-31.423569" y="-63.216354">
   <element name="stinky_mandarin_fish" layername="output" frame="0" z_index="1" m_a="1.288122" m_b="0.000000" m_c="0.000000" m_d="1.288122" m_tx="6.930448" m_ty="3.796806"/>
  </frame>
  <frame idx="575" w="298" h="333" x="-31.423569" y="-63.216354">
   <element name="stinky_mandarin_fish" layername="output" frame="0" z_index="1" m_a="1.288122" m_b="0.000000" m_c="0.000000" m_d="1.288122" m_tx="6.930448" m_ty="3.796806"/>
  </frame>
  <frame idx="600" w="298" h="333" x="-31.423569" y="-63.216354">
   <element name="stinky_mandarin_fish" layername="output" frame="0" z_index="1" m_a="1.288122" m_b="0.000000" m_c="0.000000" m_d="1.288122" m_tx="6.930448" m_ty="3.796806"/>
  </frame>
  <frame idx="625" w="298" h="333" x="-31.423569" y="-63.216354">
   <element name="stinky_mandarin_fish" layername="output" frame="0" z_index="1" m_a="1.288122" m_b="0.000000" m_c="0.000000" m_d="1.288122" m_tx="6.930448" m_ty="3.796806"/>
  </frame>
  <frame idx="650" w="298" h="333" x="-31.423569" y="-63.216354">
   <element name="stinky_mandarin_fish" layername="output" frame="0" z_index="1" m_a="1.288122" m_b="0.000000" m_c="0.000000" m_d="1.288122" m_tx="6.930448" m_ty="3.796806"/>
  </frame>
  <frame idx="675" w="298" h="333" x="-31.423569" y="-63.216354">
   <element name="stinky_mandarin_fish" layername="output" frame="0" z_index="1" m_a="1.288122" m_b="0.000000" m_c="0.000000" m_d="1.288122" m_tx="6.930448" m_ty="3.796806"/>
  </frame>
  <frame idx="700" w="298" h="333" x="-31.423569" y="-63.216354">
   <element name="stinky_mandarin_fish" layername="output" frame="0" z_index="1" m_a="1.288122" m_b="0.000000" m_c="0.000000" m_d="1.288122" m_tx="6.930448" m_ty="3.796806"/>
  </frame>
  <frame idx="725" w="298" h="333" x="-31.423569" y="-63.216354">
   <element name="stinky_mandarin_fish" layername="output" frame="0" z_index="1" m_a="1.288122" m_b="0.000000" m_c="0.000000" m_d="1.288122" m_tx="6.930448" m_ty="3.796806"/>
  </frame>
  <frame idx="750" w="298" h="333" x="-31.423569" y="-63.216354">
   <element name="stinky_mandarin_fish" layername="output" frame="0" z_index="1" m_a="1.288122" m_b="0.000000" m_c="0.000000" m_d="1.288122" m_tx="6.930448" m_ty="3.796806"/>
  </frame>
  <frame idx="775" w="298" h="333" x="-31.423569" y="-63.216354">
   <element name="stinky_mandarin_fish" layername="output" frame="0" z_index="1" m_a="1.288122" m_b="0.000000" m_c="0.000000" m_d="1.288122" m_tx="6.930448" m_ty="3.796806"/>
  </frame>
  <frame idx="800" w="298" h="333" x="-31.423569" y="-63.216354">
   <element name="stinky_mandarin_fish" layername="output" frame="0" z_index="1" m_a="1.288122" m_b="0.000000" m_c="0.000000" m_d="1.288122" m_tx="6.930448" m_ty="3.796806"/>
  </frame>
  <frame idx="825" w="298" h="333" x="-31.423569" y="-63.216354">
   <element name="stinky_mandarin_fish" layername="output" frame="0" z_index="1" m_a="1.288122" m_b="0.000000" m_c="0.000000" m_d="1.288122" m_tx="6.930448" m_ty="3.796806"/>
  </frame>
  <frame idx="850" w="298" h="333" x="-31.423569" y="-63.216354">
   <element name="stinky_mandarin_fish" layername="output" frame="0" z_index="1" m_a="1.288122" m_b="0.000000" m_c="0.000000" m_d="1.288122" m_tx="6.930448" m_ty="3.796806"/>
  </frame>
  <frame idx="875" w="298" h="333" x="-31.423569" y="-63.216354">
   <element name="stinky_mandarin_fish" layername="output" frame="0" z_index="1" m_a="1.288122" m_b="0.000000" m_c="0.000000" m_d="1.288122" m_tx="6.930448" m_ty="3.796806"/>
  </frame>
  <frame idx="900" w="298" h="333" x="-31.423569" y="-63.216354">
   <element name="stinky_mandarin_fish" layername="output" frame="0" z_index="1" m_a="1.288122" m_b="0.000000" m_c="0.000000" m_d="1.288122" m_tx="6.930448" m_ty="3.796806"/>
  </frame>
  <frame idx="925" w="298" h="333" x="-31.423569" y="-63.216354">
   <element name="stinky_mandarin_fish" layername="output" frame="0" z_index="1" m_a="1.288122" m_b="0.000000" m_c="0.000000" m_d="1.288122" m_tx="6.930448" m_ty="3.796806"/>
  </frame>
  <frame idx="950" w="298" h="333" x="-31.423569" y="-63.216354">
   <element name="stinky_mandarin_fish" layername="output" frame="0" z_index="1" m_a="1.288122" m_b="0.000000" m_c="0.000000" m_d="1.288122" m_tx="6.930448" m_ty="3.796806"/>
  </frame>
  <frame idx="975" w="298" h="333" x="-31.423569" y="-63.216354">
   <element name="stinky_mandarin_fish" layername="output" frame="0" z_index="1" m_a="1.288122" m_b="0.000000" m_c="0.000000" m_d="1.288122" m_tx="6.930448" m_ty="3.796806"/>
  </frame>
 </anim>
</Anims>
