<Anims>
 <anim name="idle" root="incinerator" numframes="1000" framerate="40">
  <frame idx="0" w="370" h="524" x="-26.000151" y="-245.500061">
   <element name="incinerator" layername="body" frame="0" z_index="5" m_a="1.000000" m_b="0.000000" m_c="0.000000" m_d="1.000000" m_tx="3.006472" m_ty="-71.002174"/>
   <element name="incinerator" layername="pipe" frame="1" z_index="6" m_a="1.000000" m_b="0.000000" m_c="0.000000" m_d="1.000000" m_tx="58.033707" m_ty="-202.988968"/>
  </frame>
  <frame idx="25" w="370" h="524" x="-26.000151" y="-245.500061">
   <element name="incinerator" layername="body" frame="0" z_index="5" m_a="1.000000" m_b="0.000000" m_c="0.000000" m_d="1.000000" m_tx="3.006472" m_ty="-71.002174"/>
   <element name="incinerator" layername="pipe" frame="1" z_index="6" m_a="1.000000" m_b="0.000000" m_c="0.000000" m_d="1.000000" m_tx="58.033707" m_ty="-202.988968"/>
  </frame>
  <frame idx="50" w="370" h="524" x="-26.000151" y="-245.500061">
   <element name="incinerator" layername="body" frame="0" z_index="5" m_a="1.000000" m_b="0.000000" m_c="0.000000" m_d="1.000000" m_tx="3.006472" m_ty="-71.002174"/>
   <element name="incinerator" layername="pipe" frame="1" z_index="6" m_a="1.000000" m_b="0.000000" m_c="0.000000" m_d="1.000000" m_tx="58.033707" m_ty="-202.988968"/>
  </frame>
  <frame idx="75" w="370" h="524" x="-26.000151" y="-245.500061">
   <element name="incinerator" layername="body" frame="0" z_index="5" m_a="1.000000" m_b="0.000000" m_c="0.000000" m_d="1.000000" m_tx="3.006472" m_ty="-71.002174"/>
   <element name="incinerator" layername="pipe" frame="1" z_index="6" m_a="1.000000" m_b="0.000000" m_c="0.000000" m_d="1.000000" m_tx="58.033707" m_ty="-202.988968"/>
  </frame>
  <frame idx="100" w="370" h="524" x="-26.000151" y="-245.500061">
   <element name="incinerator" layername="body" frame="0" z_index="5" m_a="1.000000" m_b="0.000000" m_c="0.000000" m_d="1.000000" m_tx="3.006472" m_ty="-71.002174"/>
   <element name="incinerator" layername="pipe" frame="1" z_index="6" m_a="1.000000" m_b="0.000000" m_c="0.000000" m_d="1.000000" m_tx="58.033707" m_ty="-202.988968"/>
  </frame>
  <frame idx="125" w="370" h="524" x="-26.000151" y="-245.500061">
   <element name="incinerator" layername="body" frame="0" z_index="5" m_a="1.000000" m_b="0.000000" m_c="0.000000" m_d="1.000000" m_tx="3.006472" m_ty="-71.002174"/>
   <element name="incinerator" layername="pipe" frame="1" z_index="6" m_a="1.000000" m_b="0.000000" m_c="0.000000" m_d="1.000000" m_tx="58.033707" m_ty="-202.988968"/>
  </frame>
  <frame idx="150" w="370" h="524" x="-26.000151" y="-245.500061">
   <element name="incinerator" layername="body" frame="0" z_index="5" m_a="1.000000" m_b="0.000000" m_c="0.000000" m_d="1.000000" m_tx="3.006472" m_ty="-71.002174"/>
   <element name="incinerator" layername="pipe" frame="1" z_index="6" m_a="1.000000" m_b="0.000000" m_c="0.000000" m_d="1.000000" m_tx="58.033707" m_ty="-202.988968"/>
  </frame>
  <frame idx="175" w="370" h="524" x="-26.000151" y="-245.500061">
   <element name="incinerator" layername="body" frame="0" z_index="5" m_a="1.000000" m_b="0.000000" m_c="0.000000" m_d="1.000000" m_tx="3.006472" m_ty="-71.002174"/>
   <element name="incinerator" layername="pipe" frame="1" z_index="6" m_a="1.000000" m_b="0.000000" m_c="0.000000" m_d="1.000000" m_tx="58.033707" m_ty="-202.988968"/>
  </frame>
  <frame idx="200" w="370" h="524" x="-26.000151" y="-245.500061">
   <element name="incinerator" layername="body" frame="0" z_index="5" m_a="1.000000" m_b="0.000000" m_c="0.000000" m_d="1.000000" m_tx="3.006472" m_ty="-71.002174"/>
   <element name="incinerator" layername="pipe" frame="1" z_index="6" m_a="1.000000" m_b="0.000000" m_c="0.000000" m_d="1.000000" m_tx="58.033707" m_ty="-202.988968"/>
  </frame>
  <frame idx="225" w="370" h="524" x="-26.000151" y="-245.500061">
   <element name="incinerator" layername="body" frame="0" z_index="5" m_a="1.000000" m_b="0.000000" m_c="0.000000" m_d="1.000000" m_tx="3.006472" m_ty="-71.002174"/>
   <element name="incinerator" layername="pipe" frame="1" z_index="6" m_a="1.000000" m_b="0.000000" m_c="0.000000" m_d="1.000000" m_tx="58.033707" m_ty="-202.988968"/>
  </frame>
  <frame idx="250" w="370" h="524" x="-26.000151" y="-245.500061">
   <element name="incinerator" layername="body" frame="0" z_index="5" m_a="1.000000" m_b="0.000000" m_c="0.000000" m_d="1.000000" m_tx="3.006472" m_ty="-71.002174"/>
   <element name="incinerator" layername="pipe" frame="1" z_index="6" m_a="1.000000" m_b="0.000000" m_c="0.000000" m_d="1.000000" m_tx="58.033707" m_ty="-202.988968"/>
  </frame>
  <frame idx="275" w="370" h="524" x="-26.000151" y="-245.500061">
   <element name="incinerator" layername="body" frame="0" z_index="5" m_a="1.000000" m_b="0.000000" m_c="0.000000" m_d="1.000000" m_tx="3.006472" m_ty="-71.002174"/>
   <element name="incinerator" layername="pipe" frame="1" z_index="6" m_a="1.000000" m_b="0.000000" m_c="0.000000" m_d="1.000000" m_tx="58.033707" m_ty="-202.988968"/>
  </frame>
  <frame idx="300" w="370" h="524" x="-26.000151" y="-245.500061">
   <element name="incinerator" layername="body" frame="0" z_index="5" m_a="1.000000" m_b="0.000000" m_c="0.000000" m_d="1.000000" m_tx="3.006472" m_ty="-71.002174"/>
   <element name="incinerator" layername="pipe" frame="1" z_index="6" m_a="1.000000" m_b="0.000000" m_c="0.000000" m_d="1.000000" m_tx="58.033707" m_ty="-202.988968"/>
  </frame>
  <frame idx="325" w="370" h="524" x="-26.000151" y="-245.500061">
   <element name="incinerator" layername="body" frame="0" z_index="5" m_a="1.000000" m_b="0.000000" m_c="0.000000" m_d="1.000000" m_tx="3.006472" m_ty="-71.002174"/>
   <element name="incinerator" layername="pipe" frame="1" z_index="6" m_a="1.000000" m_b="0.000000" m_c="0.000000" m_d="1.000000" m_tx="58.033707" m_ty="-202.988968"/>
  </frame>
  <frame idx="350" w="370" h="524" x="-26.000151" y="-245.500061">
   <element name="incinerator" layername="body" frame="0" z_index="5" m_a="1.000000" m_b="0.000000" m_c="0.000000" m_d="1.000000" m_tx="3.006472" m_ty="-71.002174"/>
   <element name="incinerator" layername="pipe" frame="1" z_index="6" m_a="1.000000" m_b="0.000000" m_c="0.000000" m_d="1.000000" m_tx="58.033707" m_ty="-202.988968"/>
  </frame>
  <frame idx="375" w="370" h="524" x="-26.000151" y="-245.500061">
   <element name="incinerator" layername="body" frame="0" z_index="5" m_a="1.000000" m_b="0.000000" m_c="0.000000" m_d="1.000000" m_tx="3.006472" m_ty="-71.002174"/>
   <element name="incinerator" layername="pipe" frame="1" z_index="6" m_a="1.000000" m_b="0.000000" m_c="0.000000" m_d="1.000000" m_tx="58.033707" m_ty="-202.988968"/>
  </frame>
  <frame idx="400" w="370" h="524" x="-26.000151" y="-245.500061">
   <element name="incinerator" layername="body" frame="0" z_index="5" m_a="1.000000" m_b="0.000000" m_c="0.000000" m_d="1.000000" m_tx="3.006472" m_ty="-71.002174"/>
   <element name="incinerator" layername="pipe" frame="1" z_index="6" m_a="1.000000" m_b="0.000000" m_c="0.000000" m_d="1.000000" m_tx="58.033707" m_ty="-202.988968"/>
  </frame>
  <frame idx="425" w="370" h="524" x="-26.000151" y="-245.500061">
   <element name="incinerator" layername="body" frame="0" z_index="5" m_a="1.000000" m_b="0.000000" m_c="0.000000" m_d="1.000000" m_tx="3.006472" m_ty="-71.002174"/>
   <element name="incinerator" layername="pipe" frame="1" z_index="6" m_a="1.000000" m_b="0.000000" m_c="0.000000" m_d="1.000000" m_tx="58.033707" m_ty="-202.988968"/>
  </frame>
  <frame idx="450" w="370" h="524" x="-26.000151" y="-245.500061">
   <element name="incinerator" layername="body" frame="0" z_index="5" m_a="1.000000" m_b="0.000000" m_c="0.000000" m_d="1.000000" m_tx="3.006472" m_ty="-71.002174"/>
   <element name="incinerator" layername="pipe" frame="1" z_index="6" m_a="1.000000" m_b="0.000000" m_c="0.000000" m_d="1.000000" m_tx="58.033707" m_ty="-202.988968"/>
  </frame>
  <frame idx="475" w="370" h="524" x="-26.000151" y="-245.500061">
   <element name="incinerator" layername="body" frame="0" z_index="5" m_a="1.000000" m_b="0.000000" m_c="0.000000" m_d="1.000000" m_tx="3.006472" m_ty="-71.002174"/>
   <element name="incinerator" layername="pipe" frame="1" z_index="6" m_a="1.000000" m_b="0.000000" m_c="0.000000" m_d="1.000000" m_tx="58.033707" m_ty="-202.988968"/>
  </frame>
  <frame idx="500" w="370" h="524" x="-26.000151" y="-245.500061">
   <element name="incinerator" layername="body" frame="0" z_index="5" m_a="1.000000" m_b="0.000000" m_c="0.000000" m_d="1.000000" m_tx="3.006472" m_ty="-71.002174"/>
   <element name="incinerator" layername="pipe" frame="1" z_index="6" m_a="1.000000" m_b="0.000000" m_c="0.000000" m_d="1.000000" m_tx="58.033707" m_ty="-202.988968"/>
  </frame>
  <frame idx="525" w="370" h="524" x="-26.000151" y="-245.500061">
   <element name="incinerator" layername="body" frame="0" z_index="5" m_a="1.000000" m_b="0.000000" m_c="0.000000" m_d="1.000000" m_tx="3.006472" m_ty="-71.002174"/>
   <element name="incinerator" layername="pipe" frame="1" z_index="6" m_a="1.000000" m_b="0.000000" m_c="0.000000" m_d="1.000000" m_tx="58.033707" m_ty="-202.988968"/>
  </frame>
  <frame idx="550" w="370" h="524" x="-26.000151" y="-245.500061">
   <element name="incinerator" layername="body" frame="0" z_index="5" m_a="1.000000" m_b="0.000000" m_c="0.000000" m_d="1.000000" m_tx="3.006472" m_ty="-71.002174"/>
   <element name="incinerator" layername="pipe" frame="1" z_index="6" m_a="1.000000" m_b="0.000000" m_c="0.000000" m_d="1.000000" m_tx="58.033707" m_ty="-202.988968"/>
  </frame>
  <frame idx="575" w="370" h="524" x="-26.000151" y="-245.500061">
   <element name="incinerator" layername="body" frame="0" z_index="5" m_a="1.000000" m_b="0.000000" m_c="0.000000" m_d="1.000000" m_tx="3.006472" m_ty="-71.002174"/>
   <element name="incinerator" layername="pipe" frame="1" z_index="6" m_a="1.000000" m_b="0.000000" m_c="0.000000" m_d="1.000000" m_tx="58.033707" m_ty="-202.988968"/>
  </frame>
  <frame idx="600" w="370" h="524" x="-26.000151" y="-245.500061">
   <element name="incinerator" layername="body" frame="0" z_index="5" m_a="1.000000" m_b="0.000000" m_c="0.000000" m_d="1.000000" m_tx="3.006472" m_ty="-71.002174"/>
   <element name="incinerator" layername="pipe" frame="1" z_index="6" m_a="1.000000" m_b="0.000000" m_c="0.000000" m_d="1.000000" m_tx="58.033707" m_ty="-202.988968"/>
  </frame>
  <frame idx="625" w="370" h="524" x="-26.000151" y="-245.500061">
   <element name="incinerator" layername="body" frame="0" z_index="5" m_a="1.000000" m_b="0.000000" m_c="0.000000" m_d="1.000000" m_tx="3.006472" m_ty="-71.002174"/>
   <element name="incinerator" layername="pipe" frame="1" z_index="6" m_a="1.000000" m_b="0.000000" m_c="0.000000" m_d="1.000000" m_tx="58.033707" m_ty="-202.988968"/>
  </frame>
  <frame idx="650" w="370" h="524" x="-26.000151" y="-245.500061">
   <element name="incinerator" layername="body" frame="0" z_index="5" m_a="1.000000" m_b="0.000000" m_c="0.000000" m_d="1.000000" m_tx="3.006472" m_ty="-71.002174"/>
   <element name="incinerator" layername="pipe" frame="1" z_index="6" m_a="1.000000" m_b="0.000000" m_c="0.000000" m_d="1.000000" m_tx="58.033707" m_ty="-202.988968"/>
  </frame>
  <frame idx="675" w="370" h="524" x="-26.000151" y="-245.500061">
   <element name="incinerator" layername="body" frame="0" z_index="5" m_a="1.000000" m_b="0.000000" m_c="0.000000" m_d="1.000000" m_tx="3.006472" m_ty="-71.002174"/>
   <element name="incinerator" layername="pipe" frame="1" z_index="6" m_a="1.000000" m_b="0.000000" m_c="0.000000" m_d="1.000000" m_tx="58.033707" m_ty="-202.988968"/>
  </frame>
  <frame idx="700" w="370" h="524" x="-26.000151" y="-245.500061">
   <element name="incinerator" layername="body" frame="0" z_index="5" m_a="1.000000" m_b="0.000000" m_c="0.000000" m_d="1.000000" m_tx="3.006472" m_ty="-71.002174"/>
   <element name="incinerator" layername="pipe" frame="1" z_index="6" m_a="1.000000" m_b="0.000000" m_c="0.000000" m_d="1.000000" m_tx="58.033707" m_ty="-202.988968"/>
  </frame>
  <frame idx="725" w="370" h="524" x="-26.000151" y="-245.500061">
   <element name="incinerator" layername="body" frame="0" z_index="5" m_a="1.000000" m_b="0.000000" m_c="0.000000" m_d="1.000000" m_tx="3.006472" m_ty="-71.002174"/>
   <element name="incinerator" layername="pipe" frame="1" z_index="6" m_a="1.000000" m_b="0.000000" m_c="0.000000" m_d="1.000000" m_tx="58.033707" m_ty="-202.988968"/>
  </frame>
  <frame idx="750" w="370" h="524" x="-26.000151" y="-245.500061">
   <element name="incinerator" layername="body" frame="0" z_index="5" m_a="1.000000" m_b="0.000000" m_c="0.000000" m_d="1.000000" m_tx="3.006472" m_ty="-71.002174"/>
   <element name="incinerator" layername="pipe" frame="1" z_index="6" m_a="1.000000" m_b="0.000000" m_c="0.000000" m_d="1.000000" m_tx="58.033707" m_ty="-202.988968"/>
  </frame>
  <frame idx="775" w="370" h="524" x="-26.000151" y="-245.500061">
   <element name="incinerator" layername="body" frame="0" z_index="5" m_a="1.000000" m_b="0.000000" m_c="0.000000" m_d="1.000000" m_tx="3.006472" m_ty="-71.002174"/>
   <element name="incinerator" layername="pipe" frame="1" z_index="6" m_a="1.000000" m_b="0.000000" m_c="0.000000" m_d="1.000000" m_tx="58.033707" m_ty="-202.988968"/>
  </frame>
  <frame idx="800" w="370" h="524" x="-26.000151" y="-245.500061">
   <element name="incinerator" layername="body" frame="0" z_index="5" m_a="1.000000" m_b="0.000000" m_c="0.000000" m_d="1.000000" m_tx="3.006472" m_ty="-71.002174"/>
   <element name="incinerator" layername="pipe" frame="1" z_index="6" m_a="1.000000" m_b="0.000000" m_c="0.000000" m_d="1.000000" m_tx="58.033707" m_ty="-202.988968"/>
  </frame>
  <frame idx="825" w="370" h="524" x="-26.000151" y="-245.500061">
   <element name="incinerator" layername="body" frame="0" z_index="5" m_a="1.000000" m_b="0.000000" m_c="0.000000" m_d="1.000000" m_tx="3.006472" m_ty="-71.002174"/>
   <element name="incinerator" layername="pipe" frame="1" z_index="6" m_a="1.000000" m_b="0.000000" m_c="0.000000" m_d="1.000000" m_tx="58.033707" m_ty="-202.988968"/>
  </frame>
  <frame idx="850" w="370" h="524" x="-26.000151" y="-245.500061">
   <element name="incinerator" layername="body" frame="0" z_index="5" m_a="1.000000" m_b="0.000000" m_c="0.000000" m_d="1.000000" m_tx="3.006472" m_ty="-71.002174"/>
   <element name="incinerator" layername="pipe" frame="1" z_index="6" m_a="1.000000" m_b="0.000000" m_c="0.000000" m_d="1.000000" m_tx="58.033707" m_ty="-202.988968"/>
  </frame>
  <frame idx="875" w="370" h="524" x="-26.000151" y="-245.500061">
   <element name="incinerator" layername="body" frame="0" z_index="5" m_a="1.000000" m_b="0.000000" m_c="0.000000" m_d="1.000000" m_tx="3.006472" m_ty="-71.002174"/>
   <element name="incinerator" layername="pipe" frame="1" z_index="6" m_a="1.000000" m_b="0.000000" m_c="0.000000" m_d="1.000000" m_tx="58.033707" m_ty="-202.988968"/>
  </frame>
  <frame idx="900" w="370" h="524" x="-26.000151" y="-245.500061">
   <element name="incinerator" layername="body" frame="0" z_index="5" m_a="1.000000" m_b="0.000000" m_c="0.000000" m_d="1.000000" m_tx="3.006472" m_ty="-71.002174"/>
   <element name="incinerator" layername="pipe" frame="1" z_index="6" m_a="1.000000" m_b="0.000000" m_c="0.000000" m_d="1.000000" m_tx="58.033707" m_ty="-202.988968"/>
  </frame>
  <frame idx="925" w="370" h="524" x="-26.000151" y="-245.500061">
   <element name="incinerator" layername="body" frame="0" z_index="5" m_a="1.000000" m_b="0.000000" m_c="0.000000" m_d="1.000000" m_tx="3.006472" m_ty="-71.002174"/>
   <element name="incinerator" layername="pipe" frame="1" z_index="6" m_a="1.000000" m_b="0.000000" m_c="0.000000" m_d="1.000000" m_tx="58.033707" m_ty="-202.988968"/>
  </frame>
  <frame idx="950" w="370" h="524" x="-26.000151" y="-245.500061">
   <element name="incinerator" layername="body" frame="0" z_index="5" m_a="1.000000" m_b="0.000000" m_c="0.000000" m_d="1.000000" m_tx="3.006472" m_ty="-71.002174"/>
   <element name="incinerator" layername="pipe" frame="1" z_index="6" m_a="1.000000" m_b="0.000000" m_c="0.000000" m_d="1.000000" m_tx="58.033707" m_ty="-202.988968"/>
  </frame>
  <frame idx="975" w="370" h="524" x="-26.000151" y="-245.500061">
   <element name="incinerator" layername="body" frame="0" z_index="5" m_a="1.000000" m_b="0.000000" m_c="0.000000" m_d="1.000000" m_tx="3.006472" m_ty="-71.002174"/>
   <element name="incinerator" layername="pipe" frame="1" z_index="6" m_a="1.000000" m_b="0.000000" m_c="0.000000" m_d="1.000000" m_tx="58.033707" m_ty="-202.988968"/>
  </frame>
 </anim>
 <anim name="hit" root="incinerator" numframes="300" framerate="40">
  <frame idx="0" w="370" h="524" x="-26.000151" y="-245.500061">
   <element name="incinerator" layername="body" frame="0" z_index="5" m_a="1.000000" m_b="0.000000" m_c="0.000000" m_d="1.000000" m_tx="3.006472" m_ty="-71.002174"/>
   <element name="incinerator" layername="pipe" frame="1" z_index="6" m_a="1.000000" m_b="0.000000" m_c="0.000000" m_d="1.000000" m_tx="58.033707" m_ty="-202.988968"/>
  </frame>
  <frame idx="25" w="378" h="515" x="-26.514154" y="-245.559784">
   <element name="incinerator" layername="body" frame="0" z_index="5" m_a="0.999643" m_b="-0.026701" m_c="0.026701" m_d="0.999643" m_tx="3.006472" m_ty="-71.002174"/>
   <element name="incinerator" layername="pipe" frame="1" z_index="6" m_a="0.998579" m_b="0.053297" m_c="-0.053297" m_d="0.998579" m_tx="61.486343" m_ty="-204.204681"/>
  </frame>
  <frame idx="50" w="384" h="506" x="-27.029568" y="-246.124191">
   <element name="incinerator" layername="body" frame="0" z_index="5" m_a="0.998574" m_b="-0.053383" m_c="0.053383" m_d="0.998574" m_tx="3.006472" m_ty="-71.002174"/>
   <element name="incinerator" layername="pipe" frame="1" z_index="6" m_a="0.994319" m_b="0.106442" m_c="-0.106442" m_d="0.994319" m_tx="64.938980" m_ty="-205.420395"/>
  </frame>
  <frame idx="75" w="392" h="509" x="-28.046385" y="-247.193726">
   <element name="incinerator" layername="body" frame="0" z_index="5" m_a="0.996793" m_b="-0.080027" m_c="0.080027" m_d="0.996793" m_tx="3.006472" m_ty="-71.002174"/>
   <element name="incinerator" layername="pipe" frame="1" z_index="6" m_a="0.987233" m_b="0.159285" m_c="-0.159285" m_d="0.987233" m_tx="68.391609" m_ty="-206.636124"/>
  </frame>
  <frame idx="100" w="395" h="515" x="-28.058174" y="-248.386993">
   <element name="incinerator" layername="body" frame="0" z_index="5" m_a="0.995237" m_b="-0.097480" m_c="0.097480" m_d="0.995237" m_tx="3.006472" m_ty="-71.002174"/>
   <element name="incinerator" layername="pipe" frame="1" z_index="6" m_a="0.980669" m_b="0.195673" m_c="-0.195673" m_d="0.980669" m_tx="70.978256" m_ty="-207.427551"/>
  </frame>
  <frame idx="125" w="383" h="508" x="-27.026228" y="-245.790741">
   <element name="incinerator" layername="body" frame="0" z_index="5" m_a="0.998857" m_b="-0.047804" m_c="0.047804" m_d="0.998857" m_tx="3.006472" m_ty="-71.002174"/>
   <element name="incinerator" layername="pipe" frame="1" z_index="6" m_a="0.993502" m_b="0.113812" m_c="-0.113812" m_d="0.993502" m_tx="67.214302" m_ty="-205.107574"/>
  </frame>
  <frame idx="150" w="370" h="524" x="-25.999163" y="-245.206940">
   <element name="incinerator" layername="body" frame="0" z_index="5" m_a="0.999998" m_b="0.001991" m_c="-0.001991" m_d="0.999998" m_tx="3.006472" m_ty="-71.002174"/>
   <element name="incinerator" layername="pipe" frame="1" z_index="6" m_a="0.999514" m_b="0.031168" m_c="-0.031168" m_d="0.999514" m_tx="63.450340" m_ty="-202.787582"/>
  </frame>
  <frame idx="175" w="356" h="539" x="-24.977045" y="-244.134003">
   <element name="incinerator" layername="body" frame="0" z_index="5" m_a="0.998658" m_b="0.051781" m_c="-0.051781" m_d="0.998658" m_tx="3.006472" m_ty="-71.002174"/>
   <element name="incinerator" layername="pipe" frame="1" z_index="6" m_a="0.998663" m_b="-0.051689" m_c="0.051689" m_d="0.998663" m_tx="59.686382" m_ty="-200.467606"/>
  </frame>
  <frame idx="200" w="345" h="550" x="-23.964439" y="-243.686890">
   <element name="incinerator" layername="body" frame="0" z_index="5" m_a="0.996220" m_b="0.086869" m_c="-0.086869" m_d="0.996220" m_tx="3.006472" m_ty="-71.002174"/>
   <element name="incinerator" layername="pipe" frame="1" z_index="6" m_a="0.993735" m_b="-0.111765" m_c="0.111765" m_d="0.993735" m_tx="56.744526" m_ty="-198.834946"/>
  </frame>
  <frame idx="225" w="352" h="543" x="-24.472540" y="-244.210342">
   <element name="incinerator" layername="body" frame="0" z_index="5" m_a="0.997978" m_b="0.063554" m_c="-0.063554" m_d="0.997978" m_tx="3.006472" m_ty="-71.002174"/>
   <element name="incinerator" layername="pipe" frame="1" z_index="6" m_a="0.996649" m_b="-0.081800" m_c="0.081800" m_d="0.996649" m_tx="57.091080" m_ty="-199.951630"/>
  </frame>
  <frame idx="250" w="359" h="536" x="-24.981747" y="-244.734924">
   <element name="incinerator" layername="body" frame="0" z_index="5" m_a="0.999191" m_b="0.040205" m_c="-0.040205" m_d="0.999191" m_tx="3.006472" m_ty="-71.002174"/>
   <element name="incinerator" layername="pipe" frame="1" z_index="6" m_a="0.998659" m_b="-0.051761" m_c="0.051761" m_d="0.998659" m_tx="57.437634" m_ty="-201.068298"/>
  </frame>
  <frame idx="275" w="366" h="528" x="-25.492052" y="-244.760696">
   <element name="incinerator" layername="body" frame="0" z_index="5" m_a="0.999858" m_b="0.016833" m_c="-0.016833" m_d="0.999858" m_tx="3.006472" m_ty="-71.002174"/>
   <element name="incinerator" layername="pipe" frame="1" z_index="6" m_a="0.999765" m_b="-0.021675" m_c="0.021675" m_d="0.999765" m_tx="57.784187" m_ty="-202.184967"/>
  </frame>
 </anim>
 <anim name="place" root="incinerator" numframes="300" framerate="40">
  <frame idx="0" w="320" h="759" x="-22.274014" y="-398.765015">
   <element name="incinerator" layername="body" frame="0" z_index="5" m_a="0.862614" m_b="0.000000" m_c="0.000000" m_d="1.272732" m_tx="3.006472" m_ty="-154.002167"/>
   <element name="incinerator" layername="pipe" frame="1" z_index="6" m_a="0.736655" m_b="0.000000" m_c="0.000000" m_d="1.157869" m_tx="58.033707" m_ty="-336.988983"/>
  </frame>
  <frame idx="25" w="341" h="698" x="-23.659372" y="-361.482849">
   <element name="incinerator" layername="body" frame="0" z_index="5" m_a="0.920125" m_b="0.000000" m_c="0.000000" m_d="1.189614" m_tx="3.006472" m_ty="-134.402161"/>
   <element name="incinerator" layername="pipe" frame="1" z_index="6" m_a="0.819896" m_b="0.000000" m_c="0.000000" m_d="1.107316" m_tx="58.211784" m_ty="-304.631561"/>
  </frame>
  <frame idx="50" w="363" h="636" x="-25.544731" y="-323.660583">
   <element name="incinerator" layername="body" frame="0" z_index="5" m_a="0.977635" m_b="0.000000" m_c="0.000000" m_d="1.106495" m_tx="3.006472" m_ty="-114.802170"/>
   <element name="incinerator" layername="pipe" frame="1" z_index="6" m_a="0.903137" m_b="0.000000" m_c="0.000000" m_d="1.056763" m_tx="58.225246" m_ty="-272.234009"/>
  </frame>
  <frame idx="75" w="383" h="574" x="-26.930092" y="-286.298126">
   <element name="incinerator" layername="body" frame="0" z_index="5" m_a="1.035146" m_b="0.000000" m_c="0.000000" m_d="1.023377" m_tx="3.006472" m_ty="-95.202171"/>
   <element name="incinerator" layername="pipe" frame="1" z_index="6" m_a="0.986378" m_b="0.000000" m_c="0.000000" m_d="1.006211" m_tx="58.074100" m_ty="-239.796295"/>
  </frame>
  <frame idx="100" w="405" h="513" x="-28.815451" y="-248.895554">
   <element name="incinerator" layername="body" frame="0" z_index="5" m_a="1.092656" m_b="0.000000" m_c="0.000000" m_d="0.940258" m_tx="3.006472" m_ty="-75.602173"/>
   <element name="incinerator" layername="pipe" frame="1" z_index="6" m_a="1.069619" m_b="0.000000" m_c="0.000000" m_d="0.955658" m_tx="57.758339" m_ty="-207.318451"/>
  </frame>
  <frame idx="125" w="427" h="452" x="-30.700811" y="-211.452850">
   <element name="incinerator" layername="body" frame="0" z_index="5" m_a="1.150167" m_b="0.000000" m_c="0.000000" m_d="0.857140" m_tx="3.006472" m_ty="-56.002174"/>
   <element name="incinerator" layername="pipe" frame="1" z_index="6" m_a="1.152860" m_b="0.000000" m_c="0.000000" m_d="0.905105" m_tx="57.277969" m_ty="-174.800476"/>
  </frame>
  <frame idx="150" w="395" h="494" x="-27.866577" y="-233.231537">
   <element name="incinerator" layername="body" frame="0" z_index="5" m_a="1.067009" m_b="0.000000" m_c="0.000000" m_d="0.933114" m_tx="3.006472" m_ty="-67.432823"/>
   <element name="incinerator" layername="pipe" frame="1" z_index="6" m_a="1.056607" m_b="0.000000" m_c="0.000000" m_d="0.953657" m_tx="57.761204" m_ty="-193.151443"/>
  </frame>
  <frame idx="175" w="365" h="537" x="-25.532341" y="-255.005142">
   <element name="incinerator" layername="body" frame="0" z_index="5" m_a="0.983851" m_b="0.000000" m_c="0.000000" m_d="1.009088" m_tx="3.006472" m_ty="-78.863480"/>
   <element name="incinerator" layername="pipe" frame="1" z_index="6" m_a="0.960355" m_b="0.000000" m_c="0.000000" m_d="1.002208" m_tx="58.219391" m_ty="-211.497345"/>
  </frame>
  <frame idx="200" w="338" h="574" x="-23.679888" y="-274.357483">
   <element name="incinerator" layername="body" frame="0" z_index="5" m_a="0.909833" m_b="0.000000" m_c="0.000000" m_d="1.077226" m_tx="3.006472" m_ty="-89.016037"/>
   <element name="incinerator" layername="pipe" frame="1" z_index="6" m_a="0.875074" m_b="0.000000" m_c="0.000000" m_d="1.045823" m_tx="58.603870" m_ty="-227.914642"/>
  </frame>
  <frame idx="225" w="348" h="562" x="-24.117897" y="-267.671143">
   <element name="incinerator" layername="body" frame="0" z_index="5" m_a="0.940931" m_b="0.000000" m_c="0.000000" m_d="1.055245" m_tx="3.006472" m_ty="-84.470589"/>
   <element name="incinerator" layername="pipe" frame="1" z_index="6" m_a="0.915969" m_b="0.000000" m_c="0.000000" m_d="1.032662" m_tx="58.417229" m_ty="-222.208694"/>
  </frame>
  <frame idx="250" w="360" h="549" x="-25.055906" y="-260.984802">
   <element name="incinerator" layername="body" frame="0" z_index="5" m_a="0.972029" m_b="0.000000" m_c="0.000000" m_d="1.033265" m_tx="3.006472" m_ty="-79.925133"/>
   <element name="incinerator" layername="pipe" frame="1" z_index="6" m_a="0.956864" m_b="0.000000" m_c="0.000000" m_d="1.019500" m_tx="58.230583" m_ty="-216.502762"/>
  </frame>
  <frame idx="275" w="366" h="542" x="-25.521193" y="-257.300476">
   <element name="incinerator" layername="body" frame="0" z_index="5" m_a="0.989444" m_b="0.000000" m_c="0.000000" m_d="1.020956" m_tx="3.006472" m_ty="-77.379677"/>
   <element name="incinerator" layername="pipe" frame="1" z_index="6" m_a="0.979765" m_b="0.000000" m_c="0.000000" m_d="1.012130" m_tx="58.126064" m_ty="-213.307434"/>
  </frame>
 </anim>
</Anims>
