<Anims>
 <anim name="idle" root="incinerator" numframes="1000" framerate="40">
  <frame idx="0" w="370" h="549" x="-26.000151" y="-247.500061">
   <element name="incinerator" layername="body" frame="0" z_index="8" m_a="1.000000" m_b="0.000000" m_c="0.000000" m_d="1.000000" m_tx="3.006472" m_ty="-71.002174"/>
   <element name="incinerator" layername="pipe" frame="1" z_index="9" m_a="1.000000" m_b="0.000000" m_c="0.000000" m_d="1.000000" m_tx="58.033707" m_ty="-202.988968"/>
  </frame>
  <frame idx="25" w="370" h="549" x="-26.000151" y="-247.500061">
   <element name="incinerator" layername="body" frame="0" z_index="8" m_a="1.000000" m_b="0.000000" m_c="0.000000" m_d="1.000000" m_tx="3.006472" m_ty="-71.002174"/>
   <element name="incinerator" layername="pipe" frame="1" z_index="9" m_a="1.000000" m_b="0.000000" m_c="0.000000" m_d="1.000000" m_tx="58.033707" m_ty="-202.988968"/>
  </frame>
  <frame idx="50" w="370" h="549" x="-26.000151" y="-247.500061">
   <element name="incinerator" layername="body" frame="0" z_index="8" m_a="1.000000" m_b="0.000000" m_c="0.000000" m_d="1.000000" m_tx="3.006472" m_ty="-71.002174"/>
   <element name="incinerator" layername="pipe" frame="1" z_index="9" m_a="1.000000" m_b="0.000000" m_c="0.000000" m_d="1.000000" m_tx="58.033707" m_ty="-202.988968"/>
  </frame>
  <frame idx="75" w="370" h="549" x="-26.000151" y="-247.500061">
   <element name="incinerator" layername="body" frame="0" z_index="8" m_a="1.000000" m_b="0.000000" m_c="0.000000" m_d="1.000000" m_tx="3.006472" m_ty="-71.002174"/>
   <element name="incinerator" layername="pipe" frame="1" z_index="9" m_a="1.000000" m_b="0.000000" m_c="0.000000" m_d="1.000000" m_tx="58.033707" m_ty="-202.988968"/>
  </frame>
  <frame idx="100" w="370" h="549" x="-26.000151" y="-247.500061">
   <element name="incinerator" layername="body" frame="0" z_index="8" m_a="1.000000" m_b="0.000000" m_c="0.000000" m_d="1.000000" m_tx="3.006472" m_ty="-71.002174"/>
   <element name="incinerator" layername="pipe" frame="1" z_index="9" m_a="1.000000" m_b="0.000000" m_c="0.000000" m_d="1.000000" m_tx="58.033707" m_ty="-202.988968"/>
  </frame>
  <frame idx="125" w="370" h="549" x="-26.000151" y="-247.500061">
   <element name="incinerator" layername="body" frame="0" z_index="8" m_a="1.000000" m_b="0.000000" m_c="0.000000" m_d="1.000000" m_tx="3.006472" m_ty="-71.002174"/>
   <element name="incinerator" layername="pipe" frame="1" z_index="9" m_a="1.000000" m_b="0.000000" m_c="0.000000" m_d="1.000000" m_tx="58.033707" m_ty="-202.988968"/>
  </frame>
  <frame idx="150" w="370" h="549" x="-26.000151" y="-247.500061">
   <element name="incinerator" layername="body" frame="0" z_index="8" m_a="1.000000" m_b="0.000000" m_c="0.000000" m_d="1.000000" m_tx="3.006472" m_ty="-71.002174"/>
   <element name="incinerator" layername="pipe" frame="1" z_index="9" m_a="1.000000" m_b="0.000000" m_c="0.000000" m_d="1.000000" m_tx="58.033707" m_ty="-202.988968"/>
  </frame>
  <frame idx="175" w="370" h="549" x="-26.000151" y="-247.500061">
   <element name="incinerator" layername="body" frame="0" z_index="8" m_a="1.000000" m_b="0.000000" m_c="0.000000" m_d="1.000000" m_tx="3.006472" m_ty="-71.002174"/>
   <element name="incinerator" layername="pipe" frame="1" z_index="9" m_a="1.000000" m_b="0.000000" m_c="0.000000" m_d="1.000000" m_tx="58.033707" m_ty="-202.988968"/>
  </frame>
  <frame idx="200" w="370" h="549" x="-26.000151" y="-247.500061">
   <element name="incinerator" layername="body" frame="0" z_index="8" m_a="1.000000" m_b="0.000000" m_c="0.000000" m_d="1.000000" m_tx="3.006472" m_ty="-71.002174"/>
   <element name="incinerator" layername="pipe" frame="1" z_index="9" m_a="1.000000" m_b="0.000000" m_c="0.000000" m_d="1.000000" m_tx="58.033707" m_ty="-202.988968"/>
  </frame>
  <frame idx="225" w="370" h="549" x="-26.000151" y="-247.500061">
   <element name="incinerator" layername="body" frame="0" z_index="8" m_a="1.000000" m_b="0.000000" m_c="0.000000" m_d="1.000000" m_tx="3.006472" m_ty="-71.002174"/>
   <element name="incinerator" layername="pipe" frame="1" z_index="9" m_a="1.000000" m_b="0.000000" m_c="0.000000" m_d="1.000000" m_tx="58.033707" m_ty="-202.988968"/>
  </frame>
  <frame idx="250" w="370" h="549" x="-26.000151" y="-247.500061">
   <element name="incinerator" layername="body" frame="0" z_index="8" m_a="1.000000" m_b="0.000000" m_c="0.000000" m_d="1.000000" m_tx="3.006472" m_ty="-71.002174"/>
   <element name="incinerator" layername="pipe" frame="1" z_index="9" m_a="1.000000" m_b="0.000000" m_c="0.000000" m_d="1.000000" m_tx="58.033707" m_ty="-202.988968"/>
  </frame>
  <frame idx="275" w="370" h="549" x="-26.000151" y="-247.500061">
   <element name="incinerator" layername="body" frame="0" z_index="8" m_a="1.000000" m_b="0.000000" m_c="0.000000" m_d="1.000000" m_tx="3.006472" m_ty="-71.002174"/>
   <element name="incinerator" layername="pipe" frame="1" z_index="9" m_a="1.000000" m_b="0.000000" m_c="0.000000" m_d="1.000000" m_tx="58.033707" m_ty="-202.988968"/>
  </frame>
  <frame idx="300" w="370" h="549" x="-26.000151" y="-247.500061">
   <element name="incinerator" layername="body" frame="0" z_index="8" m_a="1.000000" m_b="0.000000" m_c="0.000000" m_d="1.000000" m_tx="3.006472" m_ty="-71.002174"/>
   <element name="incinerator" layername="pipe" frame="1" z_index="9" m_a="1.000000" m_b="0.000000" m_c="0.000000" m_d="1.000000" m_tx="58.033707" m_ty="-202.988968"/>
  </frame>
  <frame idx="325" w="370" h="549" x="-26.000151" y="-247.500061">
   <element name="incinerator" layername="body" frame="0" z_index="8" m_a="1.000000" m_b="0.000000" m_c="0.000000" m_d="1.000000" m_tx="3.006472" m_ty="-71.002174"/>
   <element name="incinerator" layername="pipe" frame="1" z_index="9" m_a="1.000000" m_b="0.000000" m_c="0.000000" m_d="1.000000" m_tx="58.033707" m_ty="-202.988968"/>
  </frame>
  <frame idx="350" w="370" h="549" x="-26.000151" y="-247.500061">
   <element name="incinerator" layername="body" frame="0" z_index="8" m_a="1.000000" m_b="0.000000" m_c="0.000000" m_d="1.000000" m_tx="3.006472" m_ty="-71.002174"/>
   <element name="incinerator" layername="pipe" frame="1" z_index="9" m_a="1.000000" m_b="0.000000" m_c="0.000000" m_d="1.000000" m_tx="58.033707" m_ty="-202.988968"/>
  </frame>
  <frame idx="375" w="370" h="549" x="-26.000151" y="-247.500061">
   <element name="incinerator" layername="body" frame="0" z_index="8" m_a="1.000000" m_b="0.000000" m_c="0.000000" m_d="1.000000" m_tx="3.006472" m_ty="-71.002174"/>
   <element name="incinerator" layername="pipe" frame="1" z_index="9" m_a="1.000000" m_b="0.000000" m_c="0.000000" m_d="1.000000" m_tx="58.033707" m_ty="-202.988968"/>
  </frame>
  <frame idx="400" w="370" h="549" x="-26.000151" y="-247.500061">
   <element name="incinerator" layername="body" frame="0" z_index="8" m_a="1.000000" m_b="0.000000" m_c="0.000000" m_d="1.000000" m_tx="3.006472" m_ty="-71.002174"/>
   <element name="incinerator" layername="pipe" frame="1" z_index="9" m_a="1.000000" m_b="0.000000" m_c="0.000000" m_d="1.000000" m_tx="58.033707" m_ty="-202.988968"/>
  </frame>
  <frame idx="425" w="370" h="549" x="-26.000151" y="-247.500061">
   <element name="incinerator" layername="body" frame="0" z_index="8" m_a="1.000000" m_b="0.000000" m_c="0.000000" m_d="1.000000" m_tx="3.006472" m_ty="-71.002174"/>
   <element name="incinerator" layername="pipe" frame="1" z_index="9" m_a="1.000000" m_b="0.000000" m_c="0.000000" m_d="1.000000" m_tx="58.033707" m_ty="-202.988968"/>
  </frame>
  <frame idx="450" w="370" h="549" x="-26.000151" y="-247.500061">
   <element name="incinerator" layername="body" frame="0" z_index="8" m_a="1.000000" m_b="0.000000" m_c="0.000000" m_d="1.000000" m_tx="3.006472" m_ty="-71.002174"/>
   <element name="incinerator" layername="pipe" frame="1" z_index="9" m_a="1.000000" m_b="0.000000" m_c="0.000000" m_d="1.000000" m_tx="58.033707" m_ty="-202.988968"/>
  </frame>
  <frame idx="475" w="370" h="549" x="-26.000151" y="-247.500061">
   <element name="incinerator" layername="body" frame="0" z_index="8" m_a="1.000000" m_b="0.000000" m_c="0.000000" m_d="1.000000" m_tx="3.006472" m_ty="-71.002174"/>
   <element name="incinerator" layername="pipe" frame="1" z_index="9" m_a="1.000000" m_b="0.000000" m_c="0.000000" m_d="1.000000" m_tx="58.033707" m_ty="-202.988968"/>
  </frame>
  <frame idx="500" w="370" h="549" x="-26.000151" y="-247.500061">
   <element name="incinerator" layername="body" frame="0" z_index="8" m_a="1.000000" m_b="0.000000" m_c="0.000000" m_d="1.000000" m_tx="3.006472" m_ty="-71.002174"/>
   <element name="incinerator" layername="pipe" frame="1" z_index="9" m_a="1.000000" m_b="0.000000" m_c="0.000000" m_d="1.000000" m_tx="58.033707" m_ty="-202.988968"/>
  </frame>
  <frame idx="525" w="370" h="549" x="-26.000151" y="-247.500061">
   <element name="incinerator" layername="body" frame="0" z_index="8" m_a="1.000000" m_b="0.000000" m_c="0.000000" m_d="1.000000" m_tx="3.006472" m_ty="-71.002174"/>
   <element name="incinerator" layername="pipe" frame="1" z_index="9" m_a="1.000000" m_b="0.000000" m_c="0.000000" m_d="1.000000" m_tx="58.033707" m_ty="-202.988968"/>
  </frame>
  <frame idx="550" w="370" h="549" x="-26.000151" y="-247.500061">
   <element name="incinerator" layername="body" frame="0" z_index="8" m_a="1.000000" m_b="0.000000" m_c="0.000000" m_d="1.000000" m_tx="3.006472" m_ty="-71.002174"/>
   <element name="incinerator" layername="pipe" frame="1" z_index="9" m_a="1.000000" m_b="0.000000" m_c="0.000000" m_d="1.000000" m_tx="58.033707" m_ty="-202.988968"/>
  </frame>
  <frame idx="575" w="370" h="549" x="-26.000151" y="-247.500061">
   <element name="incinerator" layername="body" frame="0" z_index="8" m_a="1.000000" m_b="0.000000" m_c="0.000000" m_d="1.000000" m_tx="3.006472" m_ty="-71.002174"/>
   <element name="incinerator" layername="pipe" frame="1" z_index="9" m_a="1.000000" m_b="0.000000" m_c="0.000000" m_d="1.000000" m_tx="58.033707" m_ty="-202.988968"/>
  </frame>
  <frame idx="600" w="370" h="549" x="-26.000151" y="-247.500061">
   <element name="incinerator" layername="body" frame="0" z_index="8" m_a="1.000000" m_b="0.000000" m_c="0.000000" m_d="1.000000" m_tx="3.006472" m_ty="-71.002174"/>
   <element name="incinerator" layername="pipe" frame="1" z_index="9" m_a="1.000000" m_b="0.000000" m_c="0.000000" m_d="1.000000" m_tx="58.033707" m_ty="-202.988968"/>
  </frame>
  <frame idx="625" w="370" h="549" x="-26.000151" y="-247.500061">
   <element name="incinerator" layername="body" frame="0" z_index="8" m_a="1.000000" m_b="0.000000" m_c="0.000000" m_d="1.000000" m_tx="3.006472" m_ty="-71.002174"/>
   <element name="incinerator" layername="pipe" frame="1" z_index="9" m_a="1.000000" m_b="0.000000" m_c="0.000000" m_d="1.000000" m_tx="58.033707" m_ty="-202.988968"/>
  </frame>
  <frame idx="650" w="370" h="549" x="-26.000151" y="-247.500061">
   <element name="incinerator" layername="body" frame="0" z_index="8" m_a="1.000000" m_b="0.000000" m_c="0.000000" m_d="1.000000" m_tx="3.006472" m_ty="-71.002174"/>
   <element name="incinerator" layername="pipe" frame="1" z_index="9" m_a="1.000000" m_b="0.000000" m_c="0.000000" m_d="1.000000" m_tx="58.033707" m_ty="-202.988968"/>
  </frame>
  <frame idx="675" w="370" h="549" x="-26.000151" y="-247.500061">
   <element name="incinerator" layername="body" frame="0" z_index="8" m_a="1.000000" m_b="0.000000" m_c="0.000000" m_d="1.000000" m_tx="3.006472" m_ty="-71.002174"/>
   <element name="incinerator" layername="pipe" frame="1" z_index="9" m_a="1.000000" m_b="0.000000" m_c="0.000000" m_d="1.000000" m_tx="58.033707" m_ty="-202.988968"/>
  </frame>
  <frame idx="700" w="370" h="549" x="-26.000151" y="-247.500061">
   <element name="incinerator" layername="body" frame="0" z_index="8" m_a="1.000000" m_b="0.000000" m_c="0.000000" m_d="1.000000" m_tx="3.006472" m_ty="-71.002174"/>
   <element name="incinerator" layername="pipe" frame="1" z_index="9" m_a="1.000000" m_b="0.000000" m_c="0.000000" m_d="1.000000" m_tx="58.033707" m_ty="-202.988968"/>
  </frame>
  <frame idx="725" w="370" h="549" x="-26.000151" y="-247.500061">
   <element name="incinerator" layername="body" frame="0" z_index="8" m_a="1.000000" m_b="0.000000" m_c="0.000000" m_d="1.000000" m_tx="3.006472" m_ty="-71.002174"/>
   <element name="incinerator" layername="pipe" frame="1" z_index="9" m_a="1.000000" m_b="0.000000" m_c="0.000000" m_d="1.000000" m_tx="58.033707" m_ty="-202.988968"/>
  </frame>
  <frame idx="750" w="370" h="549" x="-26.000151" y="-247.500061">
   <element name="incinerator" layername="body" frame="0" z_index="8" m_a="1.000000" m_b="0.000000" m_c="0.000000" m_d="1.000000" m_tx="3.006472" m_ty="-71.002174"/>
   <element name="incinerator" layername="pipe" frame="1" z_index="9" m_a="1.000000" m_b="0.000000" m_c="0.000000" m_d="1.000000" m_tx="58.033707" m_ty="-202.988968"/>
  </frame>
  <frame idx="775" w="370" h="549" x="-26.000151" y="-247.500061">
   <element name="incinerator" layername="body" frame="0" z_index="8" m_a="1.000000" m_b="0.000000" m_c="0.000000" m_d="1.000000" m_tx="3.006472" m_ty="-71.002174"/>
   <element name="incinerator" layername="pipe" frame="1" z_index="9" m_a="1.000000" m_b="0.000000" m_c="0.000000" m_d="1.000000" m_tx="58.033707" m_ty="-202.988968"/>
  </frame>
  <frame idx="800" w="370" h="549" x="-26.000151" y="-247.500061">
   <element name="incinerator" layername="body" frame="0" z_index="8" m_a="1.000000" m_b="0.000000" m_c="0.000000" m_d="1.000000" m_tx="3.006472" m_ty="-71.002174"/>
   <element name="incinerator" layername="pipe" frame="1" z_index="9" m_a="1.000000" m_b="0.000000" m_c="0.000000" m_d="1.000000" m_tx="58.033707" m_ty="-202.988968"/>
  </frame>
  <frame idx="825" w="370" h="549" x="-26.000151" y="-247.500061">
   <element name="incinerator" layername="body" frame="0" z_index="8" m_a="1.000000" m_b="0.000000" m_c="0.000000" m_d="1.000000" m_tx="3.006472" m_ty="-71.002174"/>
   <element name="incinerator" layername="pipe" frame="1" z_index="9" m_a="1.000000" m_b="0.000000" m_c="0.000000" m_d="1.000000" m_tx="58.033707" m_ty="-202.988968"/>
  </frame>
  <frame idx="850" w="370" h="549" x="-26.000151" y="-247.500061">
   <element name="incinerator" layername="body" frame="0" z_index="8" m_a="1.000000" m_b="0.000000" m_c="0.000000" m_d="1.000000" m_tx="3.006472" m_ty="-71.002174"/>
   <element name="incinerator" layername="pipe" frame="1" z_index="9" m_a="1.000000" m_b="0.000000" m_c="0.000000" m_d="1.000000" m_tx="58.033707" m_ty="-202.988968"/>
  </frame>
  <frame idx="875" w="370" h="549" x="-26.000151" y="-247.500061">
   <element name="incinerator" layername="body" frame="0" z_index="8" m_a="1.000000" m_b="0.000000" m_c="0.000000" m_d="1.000000" m_tx="3.006472" m_ty="-71.002174"/>
   <element name="incinerator" layername="pipe" frame="1" z_index="9" m_a="1.000000" m_b="0.000000" m_c="0.000000" m_d="1.000000" m_tx="58.033707" m_ty="-202.988968"/>
  </frame>
  <frame idx="900" w="370" h="549" x="-26.000151" y="-247.500061">
   <element name="incinerator" layername="body" frame="0" z_index="8" m_a="1.000000" m_b="0.000000" m_c="0.000000" m_d="1.000000" m_tx="3.006472" m_ty="-71.002174"/>
   <element name="incinerator" layername="pipe" frame="1" z_index="9" m_a="1.000000" m_b="0.000000" m_c="0.000000" m_d="1.000000" m_tx="58.033707" m_ty="-202.988968"/>
  </frame>
  <frame idx="925" w="370" h="549" x="-26.000151" y="-247.500061">
   <element name="incinerator" layername="body" frame="0" z_index="8" m_a="1.000000" m_b="0.000000" m_c="0.000000" m_d="1.000000" m_tx="3.006472" m_ty="-71.002174"/>
   <element name="incinerator" layername="pipe" frame="1" z_index="9" m_a="1.000000" m_b="0.000000" m_c="0.000000" m_d="1.000000" m_tx="58.033707" m_ty="-202.988968"/>
  </frame>
  <frame idx="950" w="370" h="549" x="-26.000151" y="-247.500061">
   <element name="incinerator" layername="body" frame="0" z_index="8" m_a="1.000000" m_b="0.000000" m_c="0.000000" m_d="1.000000" m_tx="3.006472" m_ty="-71.002174"/>
   <element name="incinerator" layername="pipe" frame="1" z_index="9" m_a="1.000000" m_b="0.000000" m_c="0.000000" m_d="1.000000" m_tx="58.033707" m_ty="-202.988968"/>
  </frame>
  <frame idx="975" w="370" h="549" x="-26.000151" y="-247.500061">
   <element name="incinerator" layername="body" frame="0" z_index="8" m_a="1.000000" m_b="0.000000" m_c="0.000000" m_d="1.000000" m_tx="3.006472" m_ty="-71.002174"/>
   <element name="incinerator" layername="pipe" frame="1" z_index="9" m_a="1.000000" m_b="0.000000" m_c="0.000000" m_d="1.000000" m_tx="58.033707" m_ty="-202.988968"/>
  </frame>
 </anim>
 <anim name="consume" root="incinerator" numframes="800" framerate="40">
  <frame idx="0" w="370" h="549" x="-26.000151" y="-247.500061">
   <element name="incinerator" layername="body" frame="0" z_index="8" m_a="1.000000" m_b="0.000000" m_c="0.000000" m_d="1.000000" m_tx="3.006472" m_ty="-71.002174"/>
   <element name="incinerator" layername="pipe" frame="1" z_index="9" m_a="1.000000" m_b="0.000000" m_c="0.000000" m_d="1.000000" m_tx="58.033707" m_ty="-202.988968"/>
  </frame>
  <frame idx="25" w="375" h="536" x="-26.479561" y="-240.465576">
   <element name="incinerator" layername="body" frame="0" z_index="8" m_a="1.010329" m_b="0.000000" m_c="0.000000" m_d="0.981113" m_tx="3.006472" m_ty="-67.984932"/>
   <element name="incinerator" layername="pipe" frame="1" z_index="9" m_a="1.000000" m_b="0.000000" m_c="0.000000" m_d="1.000000" m_tx="58.033707" m_ty="-196.954483"/>
  </frame>
  <frame idx="50" w="378" h="524" x="-26.458971" y="-233.431091">
   <element name="incinerator" layername="body" frame="0" z_index="8" m_a="1.020658" m_b="0.000000" m_c="0.000000" m_d="0.962227" m_tx="3.006472" m_ty="-64.967690"/>
   <element name="incinerator" layername="pipe" frame="1" z_index="9" m_a="1.000000" m_b="0.000000" m_c="0.000000" m_d="1.000000" m_tx="58.033707" m_ty="-190.919998"/>
  </frame>
  <frame idx="75" w="382" h="511" x="-26.938381" y="-226.396606">
   <element name="incinerator" layername="body" frame="0" z_index="8" m_a="1.030987" m_b="0.000000" m_c="0.000000" m_d="0.943340" m_tx="3.006472" m_ty="-61.950451"/>
   <element name="incinerator" layername="pipe" frame="1" z_index="9" m_a="1.000000" m_b="0.000000" m_c="0.000000" m_d="1.000000" m_tx="58.033707" m_ty="-184.885513"/>
  </frame>
  <frame idx="100" w="386" h="497" x="-27.417793" y="-218.862122">
   <element name="incinerator" layername="body" frame="0" z_index="8" m_a="1.041315" m_b="0.000000" m_c="0.000000" m_d="0.924453" m_tx="3.006472" m_ty="-58.933208"/>
   <element name="incinerator" layername="pipe" frame="1" z_index="9" m_a="1.000000" m_b="0.000000" m_c="0.000000" m_d="1.000000" m_tx="58.033707" m_ty="-178.851044"/>
  </frame>
  <frame idx="125" w="387" h="496" x="-27.415535" y="-218.581543">
   <element name="incinerator" layername="body" frame="0" z_index="8" m_a="1.042449" m_b="0.000000" m_c="0.000000" m_d="0.920016" m_tx="3.006472" m_ty="-58.341461"/>
   <element name="incinerator" layername="pipe" frame="1" z_index="9" m_a="0.992664" m_b="0.000000" m_c="0.000000" m_d="1.005235" m_tx="58.033707" m_ty="-178.578247"/>
  </frame>
  <frame idx="150" w="381" h="514" x="-26.945862" y="-230.030136">
   <element name="incinerator" layername="body" frame="0" z_index="8" m_a="1.027235" m_b="0.000000" m_c="0.000000" m_d="0.941268" m_tx="3.006472" m_ty="-62.061699"/>
   <element name="incinerator" layername="pipe" frame="1" z_index="9" m_a="0.972286" m_b="0.000000" m_c="0.000000" m_d="1.019778" m_tx="58.033707" m_ty="-188.548492"/>
  </frame>
  <frame idx="175" w="375" h="532" x="-26.476189" y="-241.478714">
   <element name="incinerator" layername="body" frame="0" z_index="8" m_a="1.012020" m_b="0.000000" m_c="0.000000" m_d="0.962519" m_tx="3.006472" m_ty="-65.781937"/>
   <element name="incinerator" layername="pipe" frame="1" z_index="9" m_a="0.951908" m_b="0.000000" m_c="0.000000" m_d="1.034321" m_tx="58.033707" m_ty="-198.518723"/>
  </frame>
  <frame idx="200" w="370" h="550" x="-26.006517" y="-252.927307">
   <element name="incinerator" layername="body" frame="0" z_index="8" m_a="0.996806" m_b="0.000000" m_c="0.000000" m_d="0.983770" m_tx="3.006472" m_ty="-69.502174"/>
   <element name="incinerator" layername="pipe" frame="1" z_index="9" m_a="0.931530" m_b="0.000000" m_c="0.000000" m_d="1.048863" m_tx="58.033707" m_ty="-208.488968"/>
  </frame>
  <frame idx="225" w="364" h="569" x="-25.536844" y="-264.375885">
   <element name="incinerator" layername="body" frame="0" z_index="8" m_a="0.981592" m_b="0.000000" m_c="0.000000" m_d="1.005021" m_tx="3.006472" m_ty="-73.222412"/>
   <element name="incinerator" layername="pipe" frame="1" z_index="9" m_a="0.911152" m_b="0.000000" m_c="0.000000" m_d="1.063406" m_tx="58.033707" m_ty="-218.459213"/>
  </frame>
  <frame idx="250" w="358" h="587" x="-25.067173" y="-275.824463">
   <element name="incinerator" layername="body" frame="0" z_index="8" m_a="0.966377" m_b="0.000000" m_c="0.000000" m_d="1.026272" m_tx="3.006472" m_ty="-76.942650"/>
   <element name="incinerator" layername="pipe" frame="1" z_index="9" m_a="0.890774" m_b="0.000000" m_c="0.000000" m_d="1.077949" m_tx="58.033707" m_ty="-228.429443"/>
  </frame>
  <frame idx="275" w="352" h="605" x="-24.597500" y="-287.273071">
   <element name="incinerator" layername="body" frame="0" z_index="8" m_a="0.951163" m_b="0.000000" m_c="0.000000" m_d="1.047524" m_tx="3.006472" m_ty="-80.662888"/>
   <element name="incinerator" layername="pipe" frame="1" z_index="9" m_a="0.870396" m_b="0.000000" m_c="0.000000" m_d="1.092492" m_tx="58.033707" m_ty="-238.399689"/>
  </frame>
  <frame idx="300" w="352" h="760" x="-24.603565" y="-428.112122">
   <element name="incinerator" layername="body" frame="0" z_index="8" m_a="0.948120" m_b="0.000000" m_c="0.000000" m_d="1.052701" m_tx="3.006472" m_ty="-81.509178"/>
   <element name="incinerator" layername="pipe" frame="1" z_index="9" m_a="0.869197" m_b="0.000000" m_c="0.000000" m_d="1.093347" m_tx="58.033707" m_ty="-240.241074"/>
   <element name="machine_FX" layername="machine_FX" frame="0" z_index="7" m_a="1.000000" m_b="0.000000" m_c="0.000000" m_d="1.000000" m_tx="-5.288383" m_ty="-418.612122"/>
  </frame>
  <frame idx="325" w="353" h="788" x="-24.595985" y="-454.445251">
   <element name="incinerator" layername="body" frame="0" z_index="8" m_a="0.951924" m_b="0.000000" m_c="0.000000" m_d="1.048838" m_tx="3.006472" m_ty="-80.738869"/>
   <element name="incinerator" layername="pipe" frame="1" z_index="9" m_a="0.878787" m_b="0.000000" m_c="0.000000" m_d="1.086503" m_tx="58.033707" m_ty="-237.509979"/>
   <element name="machine_FX" layername="machine_FX" frame="4" z_index="7" m_a="1.000000" m_b="0.000000" m_c="0.000000" m_d="1.000000" m_tx="-26.977627" m_ty="-470.445251"/>
  </frame>
  <frame idx="350" w="354" h="827" x="-24.588402" y="-491.484863">
   <element name="incinerator" layername="body" frame="0" z_index="8" m_a="0.955727" m_b="0.000000" m_c="0.000000" m_d="1.044974" m_tx="3.006472" m_ty="-79.968559"/>
   <element name="incinerator" layername="pipe" frame="1" z_index="9" m_a="0.888377" m_b="0.000000" m_c="0.000000" m_d="1.079660" m_tx="58.033707" m_ty="-234.778885"/>
   <element name="machine_FX" layername="machine_FX" frame="7" z_index="7" m_a="1.000000" m_b="0.000000" m_c="0.000000" m_d="1.000000" m_tx="-33.154980" m_ty="-518.484863"/>
  </frame>
  <frame idx="375" w="356" h="865" x="-25.080820" y="-526.506165">
   <element name="incinerator" layername="body" frame="0" z_index="8" m_a="0.959531" m_b="0.000000" m_c="0.000000" m_d="1.041110" m_tx="3.006472" m_ty="-79.198250"/>
   <element name="incinerator" layername="pipe" frame="1" z_index="9" m_a="0.897966" m_b="0.000000" m_c="0.000000" m_d="1.072816" m_tx="58.033707" m_ty="-232.047791"/>
   <element name="machine_FX" layername="machine_FX" frame="8" z_index="7" m_a="1.000000" m_b="0.000000" m_c="0.000000" m_d="1.000000" m_tx="-45.546890" m_ty="-550.006165"/>
  </frame>
  <frame idx="400" w="357" h="893" x="-25.073238" y="-553.272461">
   <element name="incinerator" layername="body" frame="0" z_index="8" m_a="0.963334" m_b="0.000000" m_c="0.000000" m_d="1.037246" m_tx="3.006472" m_ty="-78.427948"/>
   <element name="incinerator" layername="pipe" frame="1" z_index="9" m_a="0.907556" m_b="0.000000" m_c="0.000000" m_d="1.065973" m_tx="58.033707" m_ty="-229.316696"/>
   <element name="machine_FX" layername="machine_FX" frame="9" z_index="7" m_a="1.000000" m_b="0.000000" m_c="0.000000" m_d="1.000000" m_tx="-43.425629" m_ty="-568.772461"/>
  </frame>
  <frame idx="425" w="358" h="920" x="-25.065657" y="-579.009216">
   <element name="incinerator" layername="body" frame="0" z_index="8" m_a="0.967138" m_b="0.000000" m_c="0.000000" m_d="1.033383" m_tx="3.006472" m_ty="-77.657639"/>
   <element name="incinerator" layername="pipe" frame="1" z_index="9" m_a="0.917146" m_b="0.000000" m_c="0.000000" m_d="1.059129" m_tx="58.033707" m_ty="-226.585602"/>
   <element name="machine_FX" layername="machine_FX" frame="10" z_index="7" m_a="1.000000" m_b="0.000000" m_c="0.000000" m_d="1.000000" m_tx="-39.234062" m_ty="-592.009216"/>
  </frame>
  <frame idx="450" w="360" h="953" x="-25.058075" y="-611.135010">
   <element name="incinerator" layername="body" frame="0" z_index="8" m_a="0.970941" m_b="0.000000" m_c="0.000000" m_d="1.029519" m_tx="3.006472" m_ty="-76.887329"/>
   <element name="incinerator" layername="pipe" frame="1" z_index="9" m_a="0.926735" m_b="0.000000" m_c="0.000000" m_d="1.052285" m_tx="58.033707" m_ty="-223.854507"/>
   <element name="machine_FX" layername="machine_FX" frame="10" z_index="7" m_a="1.000000" m_b="0.000000" m_c="0.000000" m_d="1.000000" m_tx="-39.186848" m_ty="-621.635010"/>
  </frame>
  <frame idx="475" w="362" h="980" x="-25.550493" y="-635.903259">
   <element name="incinerator" layername="body" frame="0" z_index="8" m_a="0.974745" m_b="0.000000" m_c="0.000000" m_d="1.025655" m_tx="3.006472" m_ty="-76.117020"/>
   <element name="incinerator" layername="pipe" frame="1" z_index="9" m_a="0.936325" m_b="0.000000" m_c="0.000000" m_d="1.045442" m_tx="58.033707" m_ty="-221.123413"/>
   <element name="machine_FX" layername="machine_FX" frame="3" z_index="7" m_a="1.000000" m_b="0.000000" m_c="0.000000" m_d="1.000000" m_tx="-32.929150" m_ty="-633.903259"/>
  </frame>
  <frame idx="500" w="363" h="999" x="-25.542912" y="-654.332703">
   <element name="incinerator" layername="body" frame="0" z_index="8" m_a="0.978548" m_b="0.000000" m_c="0.000000" m_d="1.021791" m_tx="3.006472" m_ty="-75.346710"/>
   <element name="incinerator" layername="pipe" frame="1" z_index="9" m_a="0.945914" m_b="0.000000" m_c="0.000000" m_d="1.038598" m_tx="58.033707" m_ty="-218.392334"/>
   <element name="machine_FX" layername="machine_FX" frame="2" z_index="7" m_a="1.000000" m_b="0.000000" m_c="0.000000" m_d="1.000000" m_tx="-1.841671" m_ty="-638.832703"/>
  </frame>
  <frame idx="525" w="364" h="1003" x="-25.535330" y="-659.460693">
   <element name="incinerator" layername="body" frame="0" z_index="8" m_a="0.982352" m_b="0.000000" m_c="0.000000" m_d="1.017928" m_tx="3.006472" m_ty="-74.576401"/>
   <element name="incinerator" layername="pipe" frame="1" z_index="9" m_a="0.955504" m_b="0.000000" m_c="0.000000" m_d="1.031754" m_tx="58.033707" m_ty="-215.661240"/>
   <element name="machine_FX" layername="machine_FX" frame="1" z_index="7" m_a="1.000000" m_b="0.000000" m_c="0.000000" m_d="1.000000" m_tx="4.377380" m_ty="-617.460693"/>
  </frame>
  <frame idx="550" w="365" h="988" x="-25.527748" y="-646.387268">
   <element name="incinerator" layername="body" frame="0" z_index="8" m_a="0.986155" m_b="0.000000" m_c="0.000000" m_d="1.014064" m_tx="3.006472" m_ty="-73.806099"/>
   <element name="incinerator" layername="pipe" frame="1" z_index="9" m_a="0.965094" m_b="0.000000" m_c="0.000000" m_d="1.024911" m_tx="58.033707" m_ty="-212.930145"/>
   <element name="machine_FX" layername="machine_FX" frame="1" z_index="9" m_a="1.000000" m_b="0.000000" m_c="0.000000" m_d="1.000000" m_tx="4.472195" m_ty="-605.887268"/>
  </frame>
  <frame idx="575" w="366" h="962" x="-25.520166" y="-623.720581">
   <element name="incinerator" layername="body" frame="0" z_index="8" m_a="0.989959" m_b="0.000000" m_c="0.000000" m_d="1.010200" m_tx="3.006472" m_ty="-73.035789"/>
   <element name="incinerator" layername="pipe" frame="1" z_index="9" m_a="0.974683" m_b="0.000000" m_c="0.000000" m_d="1.018067" m_tx="58.033707" m_ty="-210.199051"/>
   <element name="machine_FX" layername="machine_FX" frame="1" z_index="9" m_a="1.000000" m_b="0.000000" m_c="0.000000" m_d="1.000000" m_tx="4.641514" m_ty="-585.220581"/>
  </frame>
  <frame idx="600" w="369" h="937" x="-26.012585" y="-601.053894">
   <element name="incinerator" layername="body" frame="0" z_index="8" m_a="0.993762" m_b="0.000000" m_c="0.000000" m_d="1.006336" m_tx="3.006472" m_ty="-72.265480"/>
   <element name="incinerator" layername="pipe" frame="1" z_index="9" m_a="0.984273" m_b="0.000000" m_c="0.000000" m_d="1.011224" m_tx="58.033707" m_ty="-207.467957"/>
   <element name="machine_FX" layername="machine_FX" frame="1" z_index="9" m_a="1.000000" m_b="0.000000" m_c="0.000000" m_d="1.000000" m_tx="4.810822" m_ty="-564.553894"/>
  </frame>
  <frame idx="625" w="370" h="910" x="-26.005003" y="-577.887207">
   <element name="incinerator" layername="body" frame="0" z_index="8" m_a="0.997566" m_b="0.000000" m_c="0.000000" m_d="1.002473" m_tx="3.006472" m_ty="-71.495171"/>
   <element name="incinerator" layername="pipe" frame="1" z_index="9" m_a="0.993863" m_b="0.000000" m_c="0.000000" m_d="1.004380" m_tx="58.033707" m_ty="-204.736862"/>
   <element name="machine_FX" layername="machine_FX" frame="1" z_index="9" m_a="1.000000" m_b="0.000000" m_c="0.000000" m_d="1.000000" m_tx="4.980137" m_ty="-543.887207"/>
  </frame>
  <frame idx="650" w="370" h="885" x="-26.000151" y="-555.220459">
   <element name="incinerator" layername="body" frame="0" z_index="8" m_a="1.000000" m_b="0.000000" m_c="0.000000" m_d="1.000000" m_tx="3.006472" m_ty="-71.002174"/>
   <element name="incinerator" layername="pipe" frame="1" z_index="9" m_a="1.000000" m_b="0.000000" m_c="0.000000" m_d="1.000000" m_tx="58.033707" m_ty="-202.988968"/>
   <element name="machine_FX" layername="machine_FX" frame="1" z_index="9" m_a="1.000000" m_b="0.000000" m_c="0.000000" m_d="1.000000" m_tx="5.149456" m_ty="-523.220459"/>
  </frame>
  <frame idx="675" w="370" h="860" x="-26.000151" y="-532.553772">
   <element name="incinerator" layername="body" frame="0" z_index="8" m_a="1.000000" m_b="0.000000" m_c="0.000000" m_d="1.000000" m_tx="3.006472" m_ty="-71.002174"/>
   <element name="incinerator" layername="pipe" frame="1" z_index="9" m_a="1.000000" m_b="0.000000" m_c="0.000000" m_d="1.000000" m_tx="58.033707" m_ty="-202.988968"/>
   <element name="machine_FX" layername="machine_FX" frame="1" z_index="9" m_a="1.000000" m_b="0.000000" m_c="0.000000" m_d="1.000000" m_tx="5.318771" m_ty="-502.553772"/>
  </frame>
  <frame idx="700" w="370" h="835" x="-26.000151" y="-509.887024">
   <element name="incinerator" layername="body" frame="0" z_index="8" m_a="1.000000" m_b="0.000000" m_c="0.000000" m_d="1.000000" m_tx="3.006472" m_ty="-71.002174"/>
   <element name="incinerator" layername="pipe" frame="1" z_index="9" m_a="1.000000" m_b="0.000000" m_c="0.000000" m_d="1.000000" m_tx="58.033707" m_ty="-202.988968"/>
   <element name="machine_FX" layername="machine_FX" frame="1" z_index="9" m_a="1.000000" m_b="0.000000" m_c="0.000000" m_d="1.000000" m_tx="5.488079" m_ty="-481.887024"/>
  </frame>
  <frame idx="725" w="370" h="811" x="-26.000151" y="-487.220337">
   <element name="incinerator" layername="body" frame="0" z_index="8" m_a="1.000000" m_b="0.000000" m_c="0.000000" m_d="1.000000" m_tx="3.006472" m_ty="-71.002174"/>
   <element name="incinerator" layername="pipe" frame="1" z_index="9" m_a="1.000000" m_b="0.000000" m_c="0.000000" m_d="1.000000" m_tx="58.033707" m_ty="-202.988968"/>
   <element name="machine_FX" layername="machine_FX" frame="1" z_index="9" m_a="1.000000" m_b="0.000000" m_c="0.000000" m_d="1.000000" m_tx="5.657394" m_ty="-461.220337"/>
  </frame>
  <frame idx="750" w="370" h="785" x="-26.000151" y="-464.053619">
   <element name="incinerator" layername="body" frame="0" z_index="8" m_a="1.000000" m_b="0.000000" m_c="0.000000" m_d="1.000000" m_tx="3.006472" m_ty="-71.002174"/>
   <element name="incinerator" layername="pipe" frame="1" z_index="9" m_a="1.000000" m_b="0.000000" m_c="0.000000" m_d="1.000000" m_tx="58.033707" m_ty="-202.988968"/>
   <element name="machine_FX" layername="machine_FX" frame="1" z_index="9" m_a="1.000000" m_b="0.000000" m_c="0.000000" m_d="1.000000" m_tx="5.826710" m_ty="-440.553619"/>
  </frame>
  <frame idx="775" w="370" h="760" x="-26.000151" y="-441.386932">
   <element name="incinerator" layername="body" frame="0" z_index="8" m_a="1.000000" m_b="0.000000" m_c="0.000000" m_d="1.000000" m_tx="3.006472" m_ty="-71.002174"/>
   <element name="incinerator" layername="pipe" frame="1" z_index="9" m_a="1.000000" m_b="0.000000" m_c="0.000000" m_d="1.000000" m_tx="58.033707" m_ty="-202.988968"/>
   <element name="machine_FX" layername="machine_FX" frame="1" z_index="9" m_a="1.000000" m_b="0.000000" m_c="0.000000" m_d="1.000000" m_tx="5.996021" m_ty="-419.886932"/>
  </frame>
 </anim>
 <anim name="hit" root="incinerator" numframes="300" framerate="40">
  <frame idx="0" w="370" h="549" x="-26.000151" y="-247.500061">
   <element name="incinerator" layername="body" frame="0" z_index="8" m_a="1.000000" m_b="0.000000" m_c="0.000000" m_d="1.000000" m_tx="3.006472" m_ty="-71.002174"/>
   <element name="incinerator" layername="pipe" frame="1" z_index="9" m_a="1.000000" m_b="0.000000" m_c="0.000000" m_d="1.000000" m_tx="58.033707" m_ty="-202.988968"/>
  </frame>
  <frame idx="25" w="378" h="540" x="-26.515373" y="-247.559784">
   <element name="incinerator" layername="body" frame="0" z_index="8" m_a="0.999643" m_b="-0.026701" m_c="0.026701" m_d="0.999643" m_tx="3.006472" m_ty="-71.002174"/>
   <element name="incinerator" layername="pipe" frame="1" z_index="9" m_a="0.998579" m_b="0.053297" m_c="-0.053297" m_d="0.998579" m_tx="61.486343" m_ty="-204.204681"/>
  </frame>
  <frame idx="50" w="386" h="531" x="-27.532005" y="-248.124191">
   <element name="incinerator" layername="body" frame="0" z_index="8" m_a="0.998574" m_b="-0.053383" m_c="0.053383" m_d="0.998574" m_tx="3.006472" m_ty="-71.002174"/>
   <element name="incinerator" layername="pipe" frame="1" z_index="9" m_a="0.994319" m_b="0.106442" m_c="-0.106442" m_d="0.994319" m_tx="64.938980" m_ty="-205.420395"/>
  </frame>
  <frame idx="75" w="394" h="522" x="-28.050037" y="-248.193726">
   <element name="incinerator" layername="body" frame="0" z_index="8" m_a="0.996793" m_b="-0.080027" m_c="0.080027" m_d="0.996793" m_tx="3.006472" m_ty="-71.002174"/>
   <element name="incinerator" layername="pipe" frame="1" z_index="9" m_a="0.987233" m_b="0.159285" m_c="-0.159285" m_d="0.987233" m_tx="68.391609" m_ty="-206.636124"/>
  </frame>
  <frame idx="100" w="398" h="516" x="-28.562624" y="-248.386993">
   <element name="incinerator" layername="body" frame="0" z_index="8" m_a="0.995237" m_b="-0.097480" m_c="0.097480" m_d="0.995237" m_tx="3.006472" m_ty="-71.002174"/>
   <element name="incinerator" layername="pipe" frame="1" z_index="9" m_a="0.980669" m_b="0.195673" m_c="-0.195673" m_d="0.980669" m_tx="70.978256" m_ty="-207.427551"/>
  </frame>
  <frame idx="125" w="384" h="533" x="-27.028410" y="-247.790741">
   <element name="incinerator" layername="body" frame="0" z_index="8" m_a="0.998857" m_b="-0.047804" m_c="0.047804" m_d="0.998857" m_tx="3.006472" m_ty="-71.002174"/>
   <element name="incinerator" layername="pipe" frame="1" z_index="9" m_a="0.993502" m_b="0.113812" m_c="-0.113812" m_d="0.993502" m_tx="67.214302" m_ty="-205.107574"/>
  </frame>
  <frame idx="150" w="370" h="549" x="-25.999073" y="-247.206940">
   <element name="incinerator" layername="body" frame="0" z_index="8" m_a="0.999998" m_b="0.001991" m_c="-0.001991" m_d="0.999998" m_tx="3.006472" m_ty="-71.002174"/>
   <element name="incinerator" layername="pipe" frame="1" z_index="9" m_a="0.999514" m_b="0.031168" m_c="-0.031168" m_d="0.999514" m_tx="63.450340" m_ty="-202.787582"/>
  </frame>
  <frame idx="175" w="354" h="564" x="-24.474682" y="-246.134003">
   <element name="incinerator" layername="body" frame="0" z_index="8" m_a="0.998658" m_b="0.051781" m_c="-0.051781" m_d="0.998658" m_tx="3.006472" m_ty="-71.002174"/>
   <element name="incinerator" layername="pipe" frame="1" z_index="9" m_a="0.998663" m_b="-0.051689" m_c="0.051689" m_d="0.998663" m_tx="59.686382" m_ty="-200.467606"/>
  </frame>
  <frame idx="200" w="344" h="575" x="-23.960472" y="-245.686890">
   <element name="incinerator" layername="body" frame="0" z_index="8" m_a="0.996220" m_b="0.086869" m_c="-0.086869" m_d="0.996220" m_tx="3.006472" m_ty="-71.002174"/>
   <element name="incinerator" layername="pipe" frame="1" z_index="9" m_a="0.993735" m_b="-0.111765" m_c="0.111765" m_d="0.993735" m_tx="56.744526" m_ty="-198.834946"/>
  </frame>
  <frame idx="225" w="351" h="568" x="-24.469639" y="-246.210342">
   <element name="incinerator" layername="body" frame="0" z_index="8" m_a="0.997978" m_b="0.063554" m_c="-0.063554" m_d="0.997978" m_tx="3.006472" m_ty="-71.002174"/>
   <element name="incinerator" layername="pipe" frame="1" z_index="9" m_a="0.996649" m_b="-0.081800" m_c="0.081800" m_d="0.996649" m_tx="57.091080" m_ty="-199.951630"/>
  </frame>
  <frame idx="250" w="358" h="561" x="-24.979912" y="-246.734924">
   <element name="incinerator" layername="body" frame="0" z_index="8" m_a="0.999191" m_b="0.040205" m_c="-0.040205" m_d="0.999191" m_tx="3.006472" m_ty="-71.002174"/>
   <element name="incinerator" layername="pipe" frame="1" z_index="9" m_a="0.998659" m_b="-0.051761" m_c="0.051761" m_d="0.998659" m_tx="57.437634" m_ty="-201.068298"/>
  </frame>
  <frame idx="275" w="365" h="554" x="-25.491283" y="-247.260696">
   <element name="incinerator" layername="body" frame="0" z_index="8" m_a="0.999858" m_b="0.016833" m_c="-0.016833" m_d="0.999858" m_tx="3.006472" m_ty="-71.002174"/>
   <element name="incinerator" layername="pipe" frame="1" z_index="9" m_a="0.999765" m_b="-0.021675" m_c="0.021675" m_d="0.999765" m_tx="57.784187" m_ty="-202.184967"/>
  </frame>
 </anim>
 <anim name="place" root="incinerator" numframes="300" framerate="40">
  <frame idx="0" w="320" h="791" x="-22.274014" y="-401.265015">
   <element name="incinerator" layername="body" frame="0" z_index="8" m_a="0.862614" m_b="0.000000" m_c="0.000000" m_d="1.272732" m_tx="3.006472" m_ty="-154.002167"/>
   <element name="incinerator" layername="pipe" frame="1" z_index="9" m_a="0.736655" m_b="0.000000" m_c="0.000000" m_d="1.157869" m_tx="58.033707" m_ty="-336.988983"/>
  </frame>
  <frame idx="25" w="341" h="728" x="-23.659372" y="-363.982849">
   <element name="incinerator" layername="body" frame="0" z_index="8" m_a="0.920125" m_b="0.000000" m_c="0.000000" m_d="1.189614" m_tx="3.006472" m_ty="-134.402161"/>
   <element name="incinerator" layername="pipe" frame="1" z_index="9" m_a="0.819896" m_b="0.000000" m_c="0.000000" m_d="1.107316" m_tx="58.211784" m_ty="-304.631561"/>
  </frame>
  <frame idx="50" w="363" h="664" x="-25.544731" y="-326.160583">
   <element name="incinerator" layername="body" frame="0" z_index="8" m_a="0.977635" m_b="0.000000" m_c="0.000000" m_d="1.106495" m_tx="3.006472" m_ty="-114.802170"/>
   <element name="incinerator" layername="pipe" frame="1" z_index="9" m_a="0.903137" m_b="0.000000" m_c="0.000000" m_d="1.056763" m_tx="58.225246" m_ty="-272.234009"/>
  </frame>
  <frame idx="75" w="383" h="600" x="-26.930092" y="-288.298126">
   <element name="incinerator" layername="body" frame="0" z_index="8" m_a="1.035146" m_b="0.000000" m_c="0.000000" m_d="1.023377" m_tx="3.006472" m_ty="-95.202171"/>
   <element name="incinerator" layername="pipe" frame="1" z_index="9" m_a="0.986378" m_b="0.000000" m_c="0.000000" m_d="1.006211" m_tx="58.074100" m_ty="-239.796295"/>
  </frame>
  <frame idx="100" w="405" h="537" x="-28.815451" y="-250.895554">
   <element name="incinerator" layername="body" frame="0" z_index="8" m_a="1.092656" m_b="0.000000" m_c="0.000000" m_d="0.940258" m_tx="3.006472" m_ty="-75.602173"/>
   <element name="incinerator" layername="pipe" frame="1" z_index="9" m_a="1.069619" m_b="0.000000" m_c="0.000000" m_d="0.955658" m_tx="57.758339" m_ty="-207.318451"/>
  </frame>
  <frame idx="125" w="427" h="473" x="-30.700811" y="-212.952850">
   <element name="incinerator" layername="body" frame="0" z_index="8" m_a="1.150167" m_b="0.000000" m_c="0.000000" m_d="0.857140" m_tx="3.006472" m_ty="-56.002174"/>
   <element name="incinerator" layername="pipe" frame="1" z_index="9" m_a="1.152860" m_b="0.000000" m_c="0.000000" m_d="0.905105" m_tx="57.277969" m_ty="-174.800476"/>
  </frame>
  <frame idx="150" w="395" h="518" x="-27.866577" y="-235.231537">
   <element name="incinerator" layername="body" frame="0" z_index="8" m_a="1.067009" m_b="0.000000" m_c="0.000000" m_d="0.933114" m_tx="3.006472" m_ty="-67.432823"/>
   <element name="incinerator" layername="pipe" frame="1" z_index="9" m_a="1.056607" m_b="0.000000" m_c="0.000000" m_d="0.953657" m_tx="57.761204" m_ty="-193.151443"/>
  </frame>
  <frame idx="175" w="365" h="562" x="-25.532341" y="-257.005127">
   <element name="incinerator" layername="body" frame="0" z_index="8" m_a="0.983851" m_b="0.000000" m_c="0.000000" m_d="1.009088" m_tx="3.006472" m_ty="-78.863480"/>
   <element name="incinerator" layername="pipe" frame="1" z_index="9" m_a="0.960355" m_b="0.000000" m_c="0.000000" m_d="1.002208" m_tx="58.219391" m_ty="-211.497345"/>
  </frame>
  <frame idx="200" w="338" h="602" x="-23.679888" y="-276.857483">
   <element name="incinerator" layername="body" frame="0" z_index="8" m_a="0.909833" m_b="0.000000" m_c="0.000000" m_d="1.077226" m_tx="3.006472" m_ty="-89.016037"/>
   <element name="incinerator" layername="pipe" frame="1" z_index="9" m_a="0.875074" m_b="0.000000" m_c="0.000000" m_d="1.045823" m_tx="58.603870" m_ty="-227.914642"/>
  </frame>
  <frame idx="225" w="348" h="588" x="-24.117897" y="-269.671143">
   <element name="incinerator" layername="body" frame="0" z_index="8" m_a="0.940931" m_b="0.000000" m_c="0.000000" m_d="1.055245" m_tx="3.006472" m_ty="-84.470589"/>
   <element name="incinerator" layername="pipe" frame="1" z_index="9" m_a="0.915969" m_b="0.000000" m_c="0.000000" m_d="1.032662" m_tx="58.417229" m_ty="-222.208694"/>
  </frame>
  <frame idx="250" w="360" h="575" x="-25.055906" y="-262.984802">
   <element name="incinerator" layername="body" frame="0" z_index="8" m_a="0.972029" m_b="0.000000" m_c="0.000000" m_d="1.033265" m_tx="3.006472" m_ty="-79.925133"/>
   <element name="incinerator" layername="pipe" frame="1" z_index="9" m_a="0.956864" m_b="0.000000" m_c="0.000000" m_d="1.019500" m_tx="58.230583" m_ty="-216.502762"/>
  </frame>
  <frame idx="275" w="366" h="568" x="-25.521193" y="-259.300476">
   <element name="incinerator" layername="body" frame="0" z_index="8" m_a="0.989444" m_b="0.000000" m_c="0.000000" m_d="1.020956" m_tx="3.006472" m_ty="-77.379677"/>
   <element name="incinerator" layername="pipe" frame="1" z_index="9" m_a="0.979765" m_b="0.000000" m_c="0.000000" m_d="1.012130" m_tx="58.126064" m_ty="-213.307434"/>
  </frame>
 </anim>
</Anims>
