<Anims>
 <anim name="idle" root="dark_observer_vest" numframes="1000" framerate="40">
  <frame idx="0" w="191" h="257" x="-16.287212" y="-71.414902">
   <element name="dark_observer_vest" layername="output" frame="0" z_index="1" m_a="1.000000" m_b="0.000000" m_c="0.000000" m_d="1.000000" m_tx="1.055386" m_ty="16.615602"/>
  </frame>
  <frame idx="25" w="191" h="256" x="-16.287212" y="-70.564896">
   <element name="dark_observer_vest" layername="output" frame="0" z_index="1" m_a="1.000000" m_b="0.000000" m_c="0.000000" m_d="1.000000" m_tx="1.055386" m_ty="17.465603"/>
  </frame>
  <frame idx="50" w="191" h="255" x="-16.287212" y="-69.714897">
   <element name="dark_observer_vest" layername="output" frame="0" z_index="1" m_a="1.000000" m_b="0.000000" m_c="0.000000" m_d="1.000000" m_tx="1.055386" m_ty="18.315603"/>
  </frame>
  <frame idx="75" w="191" h="255" x="-16.287212" y="-68.864899">
   <element name="dark_observer_vest" layername="output" frame="0" z_index="1" m_a="1.000000" m_b="0.000000" m_c="0.000000" m_d="1.000000" m_tx="1.055386" m_ty="19.165604"/>
  </frame>
  <frame idx="100" w="191" h="254" x="-16.287212" y="-68.014900">
   <element name="dark_observer_vest" layername="output" frame="0" z_index="1" m_a="1.000000" m_b="0.000000" m_c="0.000000" m_d="1.000000" m_tx="1.055386" m_ty="20.015602"/>
  </frame>
  <frame idx="125" w="191" h="253" x="-16.287212" y="-67.164902">
   <element name="dark_observer_vest" layername="output" frame="0" z_index="1" m_a="1.000000" m_b="0.000000" m_c="0.000000" m_d="1.000000" m_tx="1.055386" m_ty="20.865602"/>
  </frame>
  <frame idx="150" w="191" h="251" x="-16.287212" y="-65.814896">
   <element name="dark_observer_vest" layername="output" frame="0" z_index="1" m_a="1.000000" m_b="0.000000" m_c="0.000000" m_d="1.000000" m_tx="1.055386" m_ty="21.715603"/>
  </frame>
  <frame idx="175" w="191" h="250" x="-16.287212" y="-64.964897">
   <element name="dark_observer_vest" layername="output" frame="0" z_index="1" m_a="1.000000" m_b="0.000000" m_c="0.000000" m_d="1.000000" m_tx="1.055386" m_ty="22.565603"/>
  </frame>
  <frame idx="200" w="191" h="249" x="-16.287212" y="-64.114899">
   <element name="dark_observer_vest" layername="output" frame="0" z_index="1" m_a="1.000000" m_b="0.000000" m_c="0.000000" m_d="1.000000" m_tx="1.055386" m_ty="23.415604"/>
  </frame>
  <frame idx="225" w="191" h="248" x="-16.287212" y="-63.264900">
   <element name="dark_observer_vest" layername="output" frame="0" z_index="1" m_a="1.000000" m_b="0.000000" m_c="0.000000" m_d="1.000000" m_tx="1.055386" m_ty="24.265604"/>
  </frame>
  <frame idx="250" w="191" h="248" x="-16.287212" y="-62.414898">
   <element name="dark_observer_vest" layername="output" frame="0" z_index="1" m_a="1.000000" m_b="0.000000" m_c="0.000000" m_d="1.000000" m_tx="1.055386" m_ty="25.115604"/>
  </frame>
  <frame idx="275" w="191" h="247" x="-16.287212" y="-61.564899">
   <element name="dark_observer_vest" layername="output" frame="0" z_index="1" m_a="1.000000" m_b="0.000000" m_c="0.000000" m_d="1.000000" m_tx="1.055386" m_ty="25.965603"/>
  </frame>
  <frame idx="300" w="191" h="245" x="-16.287212" y="-60.214897">
   <element name="dark_observer_vest" layername="output" frame="0" z_index="1" m_a="1.000000" m_b="0.000000" m_c="0.000000" m_d="1.000000" m_tx="1.055386" m_ty="26.815603"/>
  </frame>
  <frame idx="325" w="191" h="244" x="-16.287212" y="-59.364899">
   <element name="dark_observer_vest" layername="output" frame="0" z_index="1" m_a="1.000000" m_b="0.000000" m_c="0.000000" m_d="1.000000" m_tx="1.055386" m_ty="27.665604"/>
  </frame>
  <frame idx="350" w="191" h="243" x="-16.287212" y="-58.514900">
   <element name="dark_observer_vest" layername="output" frame="0" z_index="1" m_a="1.000000" m_b="0.000000" m_c="0.000000" m_d="1.000000" m_tx="1.055386" m_ty="28.515604"/>
  </frame>
  <frame idx="375" w="191" h="242" x="-16.287212" y="-57.664898">
   <element name="dark_observer_vest" layername="output" frame="0" z_index="1" m_a="1.000000" m_b="0.000000" m_c="0.000000" m_d="1.000000" m_tx="1.055386" m_ty="29.365604"/>
  </frame>
  <frame idx="400" w="191" h="242" x="-16.287212" y="-56.814896">
   <element name="dark_observer_vest" layername="output" frame="0" z_index="1" m_a="1.000000" m_b="0.000000" m_c="0.000000" m_d="1.000000" m_tx="1.055386" m_ty="30.215605"/>
  </frame>
  <frame idx="425" w="191" h="241" x="-16.287212" y="-55.964897">
   <element name="dark_observer_vest" layername="output" frame="0" z_index="1" m_a="1.000000" m_b="0.000000" m_c="0.000000" m_d="1.000000" m_tx="1.055386" m_ty="31.065605"/>
  </frame>
  <frame idx="450" w="191" h="239" x="-16.287212" y="-54.614899">
   <element name="dark_observer_vest" layername="output" frame="0" z_index="1" m_a="1.000000" m_b="0.000000" m_c="0.000000" m_d="1.000000" m_tx="1.055386" m_ty="31.915604"/>
  </frame>
  <frame idx="475" w="191" h="238" x="-16.287212" y="-53.764896">
   <element name="dark_observer_vest" layername="output" frame="0" z_index="1" m_a="1.000000" m_b="0.000000" m_c="0.000000" m_d="1.000000" m_tx="1.055386" m_ty="32.765606"/>
  </frame>
  <frame idx="500" w="191" h="237" x="-16.287212" y="-52.914898">
   <element name="dark_observer_vest" layername="output" frame="0" z_index="1" m_a="1.000000" m_b="0.000000" m_c="0.000000" m_d="1.000000" m_tx="1.055386" m_ty="33.615604"/>
  </frame>
  <frame idx="525" w="191" h="238" x="-16.287212" y="-53.766602">
   <element name="dark_observer_vest" layername="output" frame="0" z_index="1" m_a="1.000000" m_b="0.000000" m_c="0.000000" m_d="1.000000" m_tx="1.055386" m_ty="32.763901"/>
  </frame>
  <frame idx="550" w="191" h="239" x="-16.287212" y="-54.618305">
   <element name="dark_observer_vest" layername="output" frame="0" z_index="1" m_a="1.000000" m_b="0.000000" m_c="0.000000" m_d="1.000000" m_tx="1.055386" m_ty="31.912197"/>
  </frame>
  <frame idx="575" w="191" h="241" x="-16.287212" y="-55.970009">
   <element name="dark_observer_vest" layername="output" frame="0" z_index="1" m_a="1.000000" m_b="0.000000" m_c="0.000000" m_d="1.000000" m_tx="1.055386" m_ty="31.060493"/>
  </frame>
  <frame idx="600" w="191" h="242" x="-16.287212" y="-56.821712">
   <element name="dark_observer_vest" layername="output" frame="0" z_index="1" m_a="1.000000" m_b="0.000000" m_c="0.000000" m_d="1.000000" m_tx="1.055386" m_ty="30.208790"/>
  </frame>
  <frame idx="625" w="191" h="242" x="-16.287212" y="-57.673416">
   <element name="dark_observer_vest" layername="output" frame="0" z_index="1" m_a="1.000000" m_b="0.000000" m_c="0.000000" m_d="1.000000" m_tx="1.055386" m_ty="29.357086"/>
  </frame>
  <frame idx="650" w="191" h="243" x="-16.287212" y="-58.525120">
   <element name="dark_observer_vest" layername="output" frame="0" z_index="1" m_a="1.000000" m_b="0.000000" m_c="0.000000" m_d="1.000000" m_tx="1.055386" m_ty="28.505383"/>
  </frame>
  <frame idx="675" w="191" h="244" x="-16.287212" y="-59.376823">
   <element name="dark_observer_vest" layername="output" frame="0" z_index="1" m_a="1.000000" m_b="0.000000" m_c="0.000000" m_d="1.000000" m_tx="1.055386" m_ty="27.653681"/>
  </frame>
  <frame idx="700" w="191" h="245" x="-16.287212" y="-60.228523">
   <element name="dark_observer_vest" layername="output" frame="0" z_index="1" m_a="1.000000" m_b="0.000000" m_c="0.000000" m_d="1.000000" m_tx="1.055386" m_ty="26.801977"/>
  </frame>
  <frame idx="725" w="191" h="247" x="-16.287212" y="-61.580231">
   <element name="dark_observer_vest" layername="output" frame="0" z_index="1" m_a="1.000000" m_b="0.000000" m_c="0.000000" m_d="1.000000" m_tx="1.055386" m_ty="25.950274"/>
  </frame>
  <frame idx="750" w="191" h="248" x="-16.287212" y="-62.431931">
   <element name="dark_observer_vest" layername="output" frame="0" z_index="1" m_a="1.000000" m_b="0.000000" m_c="0.000000" m_d="1.000000" m_tx="1.055386" m_ty="25.098570"/>
  </frame>
  <frame idx="775" w="191" h="248" x="-16.287212" y="-63.283638">
   <element name="dark_observer_vest" layername="output" frame="0" z_index="1" m_a="1.000000" m_b="0.000000" m_c="0.000000" m_d="1.000000" m_tx="1.055386" m_ty="24.246866"/>
  </frame>
  <frame idx="800" w="191" h="249" x="-16.287212" y="-64.135338">
   <element name="dark_observer_vest" layername="output" frame="0" z_index="1" m_a="1.000000" m_b="0.000000" m_c="0.000000" m_d="1.000000" m_tx="1.055386" m_ty="23.395163"/>
  </frame>
  <frame idx="825" w="191" h="250" x="-16.287212" y="-64.987045">
   <element name="dark_observer_vest" layername="output" frame="0" z_index="1" m_a="1.000000" m_b="0.000000" m_c="0.000000" m_d="1.000000" m_tx="1.055386" m_ty="22.543459"/>
  </frame>
  <frame idx="850" w="191" h="251" x="-16.287212" y="-65.838745">
   <element name="dark_observer_vest" layername="output" frame="0" z_index="1" m_a="1.000000" m_b="0.000000" m_c="0.000000" m_d="1.000000" m_tx="1.055386" m_ty="21.691755"/>
  </frame>
  <frame idx="875" w="191" h="253" x="-16.287212" y="-67.190453">
   <element name="dark_observer_vest" layername="output" frame="0" z_index="1" m_a="1.000000" m_b="0.000000" m_c="0.000000" m_d="1.000000" m_tx="1.055386" m_ty="20.840052"/>
  </frame>
  <frame idx="900" w="191" h="254" x="-16.287212" y="-68.042152">
   <element name="dark_observer_vest" layername="output" frame="0" z_index="1" m_a="1.000000" m_b="0.000000" m_c="0.000000" m_d="1.000000" m_tx="1.055386" m_ty="19.988348"/>
  </frame>
  <frame idx="925" w="191" h="255" x="-16.287212" y="-68.893860">
   <element name="dark_observer_vest" layername="output" frame="0" z_index="1" m_a="1.000000" m_b="0.000000" m_c="0.000000" m_d="1.000000" m_tx="1.055386" m_ty="19.136644"/>
  </frame>
  <frame idx="950" w="191" h="255" x="-16.287212" y="-69.745560">
   <element name="dark_observer_vest" layername="output" frame="0" z_index="1" m_a="1.000000" m_b="0.000000" m_c="0.000000" m_d="1.000000" m_tx="1.055386" m_ty="18.284941"/>
  </frame>
  <frame idx="975" w="191" h="256" x="-16.287212" y="-70.597267">
   <element name="dark_observer_vest" layername="output" frame="0" z_index="1" m_a="1.000000" m_b="0.000000" m_c="0.000000" m_d="1.000000" m_tx="1.055386" m_ty="17.433237"/>
  </frame>
 </anim>
</Anims>
