<Anims>
 <anim name="break" root="aip_orbit" numframes="525" framerate="40">
  <frame idx="0" w="278" h="646" x="-42.252075" y="-377.758820">
   <element name="sign_arrow" layername="sign_arrow" frame="1" z_index="19" m_a="0.959012" m_b="0.187716" m_c="-0.195440" m_d="0.998472" m_tx="-23.149000" m_ty="-336.498993"/>
   <element name="sing_post" layername="sing_post" frame="1" z_index="20" m_a="0.979982" m_b="0.195855" m_c="-0.195855" m_d="0.979982" m_tx="-57.398998" m_ty="-181.298996"/>
   <element name="sing_post" layername="sing_post" frame="0" z_index="21" m_a="0.945648" m_b="-0.322098" m_c="0.322098" m_d="0.945648" m_tx="-63.398998" m_ty="-169.298996"/>
  </frame>
  <frame idx="25" w="394" h="639" x="-94.745491" y="-397.836060">
   <element name="sign_arrow" layername="sign_arrow" frame="1" z_index="19" m_a="0.968243" m_b="-0.181505" m_c="0.185145" m_d="0.987658" m_tx="-23.884295" m_ty="-333.190155"/>
   <element name="sing_post" layername="sing_post" frame="1" z_index="20" m_a="0.884889" m_b="0.460755" m_c="-0.460755" m_d="0.884889" m_tx="-83.244591" m_ty="-195.306351"/>
   <element name="sing_post" layername="sing_post" frame="0" z_index="21" m_a="0.849976" m_b="-0.521660" m_c="0.521660" m_d="0.849976" m_tx="-77.296059" m_ty="-142.865173"/>
  </frame>
  <frame idx="50" w="487" h="620" x="-167.427490" y="-408.050385">
   <element name="sign_arrow" layername="sign_arrow" frame="1" z_index="19" m_a="0.909941" m_b="-0.390887" m_c="0.393980" m_d="0.917142" m_tx="-24.318697" m_ty="-331.320221"/>
   <element name="sing_post" layername="sing_post" frame="1" z_index="20" m_a="0.716726" m_b="0.693585" m_c="-0.693585" m_d="0.716726" m_tx="-109.518700" m_ty="-209.561127"/>
   <element name="sing_post" layername="sing_post" frame="0" z_index="21" m_a="0.709687" m_b="-0.700340" m_c="0.700340" m_d="0.709687" m_tx="-91.462639" m_ty="-115.870216"/>
  </frame>
  <frame idx="75" w="555" h="570" x="-229.821198" y="-405.703278">
   <element name="sign_arrow" layername="sign_arrow" frame="1" z_index="19" m_a="0.847465" m_b="-0.516612" m_c="0.518734" m_d="0.850946" m_tx="-23.505060" m_ty="-325.302032"/>
   <element name="sing_post" layername="sing_post" frame="1" z_index="20" m_a="0.495123" m_b="0.865715" m_c="-0.865715" m_d="0.495123" m_tx="-130.227783" m_ty="-224.839905"/>
   <element name="sing_post" layername="sing_post" frame="0" z_index="21" m_a="0.504399" m_b="-0.860068" m_c="0.860068" m_d="0.504399" m_tx="-100.229301" m_ty="-78.232338"/>
  </frame>
  <frame idx="100" w="594" h="505" x="-270.845276" y="-392.632355">
   <element name="sign_arrow" layername="sign_arrow" frame="1" z_index="19" m_a="0.751190" m_b="-0.646887" m_c="0.651744" m_d="0.756830" m_tx="-20.399000" m_ty="-308.748993"/>
   <element name="sing_post" layername="sing_post" frame="1" z_index="20" m_a="0.254755" m_b="0.962847" m_c="-0.962847" m_d="0.254755" m_tx="-138.598999" m_ty="-241.998993"/>
   <element name="sing_post" layername="sing_post" frame="0" z_index="21" m_a="0.203048" m_b="-0.974869" m_c="0.974869" m_d="0.203048" m_tx="-97.198997" m_ty="-18.649000"/>
  </frame>
  <frame idx="125" w="548" h="436" x="-283.562683" y="-356.210602">
   <element name="sign_arrow" layername="sign_arrow" frame="1" z_index="19" m_a="0.371580" m_b="-0.920506" m_c="0.936538" m_d="0.378052" m_tx="-11.244588" m_ty="-260.403412"/>
   <element name="sing_post" layername="sing_post" frame="1" z_index="20" m_a="0.134308" m_b="0.987136" m_c="-0.987136" m_d="0.134308" m_tx="-142.569580" m_ty="-250.381348"/>
   <element name="sing_post" layername="sing_post" frame="0" z_index="21" m_a="0.047685" m_b="-0.994731" m_c="0.994731" m_d="0.047685" m_tx="-95.728409" m_ty="10.210559"/>
  </frame>
  <frame idx="150" w="582" h="296" x="-289.909424" y="-234.787109">
   <element name="sign_arrow" layername="sign_arrow" frame="1" z_index="19" m_a="0.020325" m_b="-1.052322" m_c="0.941714" m_d="0.018188" m_tx="10.042433" m_ty="-131.829437"/>
   <element name="sing_post" layername="sing_post" frame="1" z_index="20" m_a="0.105923" m_b="0.990520" m_c="-0.990520" m_d="0.105923" m_tx="-143.780807" m_ty="-219.411118"/>
   <element name="sing_post" layername="sing_post" frame="0" z_index="21" m_a="0.031625" m_b="-0.995632" m_c="0.995632" m_d="0.031625" m_tx="-67.950516" m_ty="0.285333"/>
  </frame>
  <frame idx="175" w="602" h="354" x="-289.204773" y="-283.098206">
   <element name="sign_arrow" layername="sign_arrow" frame="0" z_index="19" m_a="-0.078520" m_b="-1.044706" m_c="0.897805" m_d="-0.067479" m_tx="27.701876" m_ty="-1.686944"/>
   <element name="sing_post" layername="sing_post" frame="1" z_index="20" m_a="0.131688" m_b="0.987374" m_c="-0.987374" m_d="0.131688" m_tx="-143.476273" m_ty="-166.317184"/>
   <element name="sing_post" layername="sing_post" frame="0" z_index="21" m_a="-0.001567" m_b="-0.996194" m_c="0.996194" m_d="-0.001567" m_tx="-46.792942" m_ty="-23.674757"/>
  </frame>
  <frame idx="200" w="546" h="226" x="-281.252350" y="-159.227798">
   <element name="sign_arrow" layername="sign_arrow" frame="0" z_index="19" m_a="0.223427" m_b="-0.804914" m_c="0.973087" m_d="0.270108" m_tx="-6.115918" m_ty="1.594657"/>
   <element name="sing_post" layername="sing_post" frame="1" z_index="20" m_a="0.160484" m_b="0.983461" m_c="-0.983461" m_d="0.160484" m_tx="-143.248993" m_ty="-113.249001"/>
   <element name="sing_post" layername="sing_post" frame="0" z_index="21" m_a="-0.236948" m_b="-0.967012" m_c="0.967012" m_d="-0.236948" m_tx="-71.149002" m_ty="-31.099001"/>
  </frame>
  <frame idx="225" w="602" h="478" x="-294.072021" y="-119.790749">
   <element name="sign_arrow" layername="sign_arrow" frame="0" z_index="19" m_a="0.921051" m_b="0.357250" m_c="-0.379379" m_d="0.978102" m_tx="-31.984591" m_ty="-94.167061"/>
   <element name="sing_post" layername="sing_post" frame="1" z_index="20" m_a="0.042336" m_b="0.995596" m_c="-0.995596" m_d="0.042336" m_tx="-140.307816" m_ty="-88.726944"/>
   <element name="sing_post" layername="sing_post" frame="0" z_index="21" m_a="-0.089169" m_b="-0.991675" m_c="0.991675" m_d="-0.089169" m_tx="-72.582825" m_ty="-53.157822"/>
  </frame>
  <frame idx="250" w="593" h="374" x="-299.626282" y="-120.830536">
   <element name="sign_arrow" layername="sign_arrow" frame="1" z_index="19" m_a="1.010444" m_b="0.142297" m_c="-0.143761" m_d="1.020846" m_tx="-12.469182" m_ty="-64.833847"/>
   <element name="sing_post" layername="sing_post" frame="1" z_index="20" m_a="-0.080029" m_b="0.993300" m_c="-0.993300" m_d="-0.080029" m_tx="-137.309601" m_ty="-63.777786"/>
   <element name="sing_post" layername="sing_post" frame="0" z_index="21" m_a="0.062118" m_b="-0.993910" m_c="0.993910" m_d="0.062118" m_tx="-74.092941" m_ty="-75.620216"/>
  </frame>
  <frame idx="275" w="663" h="158" x="-306.851471" y="-106.238159">
   <element name="sign_arrow" layername="sign_arrow" frame="1" z_index="19" m_a="0.795235" m_b="-0.596787" m_c="0.599791" m_d="0.799238" m_tx="1.730545" m_ty="-20.985365"/>
   <element name="sing_post" layername="sing_post" frame="1" z_index="20" m_a="-0.108750" m_b="0.990397" m_c="-0.990397" m_d="-0.108750" m_tx="-136.545959" m_ty="-41.776272"/>
   <element name="sing_post" layername="sing_post" frame="0" z_index="21" m_a="0.209583" m_b="-0.973579" m_c="0.973579" m_d="0.209583" m_tx="-74.421730" m_ty="-92.055061"/>
  </frame>
  <frame idx="300" w="646" h="244" x="-295.817139" y="-103.952278">
   <element name="sign_arrow" layername="sign_arrow" frame="1" z_index="19" m_a="0.932861" m_b="-0.322252" m_c="0.328993" m_d="0.952377" m_tx="-3.799000" m_ty="-31.099001"/>
   <element name="sing_post" layername="sing_post" frame="1" z_index="20" m_a="0.065266" m_b="0.993637" m_c="-0.993637" m_d="0.065266" m_tx="-140.598999" m_ty="-26.549000"/>
   <element name="sing_post" layername="sing_post" frame="0" z_index="21" m_a="0.345672" m_b="-0.933533" m_c="0.933533" m_d="0.345672" m_tx="-72.149002" m_ty="-95.198997"/>
  </frame>
  <frame idx="325" w="592" h="314" x="-279.116638" y="-100.940475">
   <element name="sign_arrow" layername="sign_arrow" frame="1" z_index="19" m_a="0.980791" m_b="-0.032317" m_c="0.033498" m_d="1.016651" m_tx="-9.240176" m_ty="-41.025471"/>
   <element name="sing_post" layername="sing_post" frame="1" z_index="20" m_a="0.232793" m_b="0.967908" m_c="-0.967908" m_d="0.232793" m_tx="-144.569580" m_ty="-11.696059"/>
   <element name="sing_post" layername="sing_post" frame="0" z_index="21" m_a="0.474151" m_b="-0.876647" m_c="0.876647" m_d="0.474151" m_tx="-69.979881" m_ty="-98.287239"/>
  </frame>
  <frame idx="350" w="596" h="299" x="-280.509705" y="-85.150322">
   <element name="sign_arrow" layername="sign_arrow" frame="1" z_index="19" m_a="0.983425" m_b="-0.028673" m_c="0.029586" m_d="1.014740" m_tx="-7.392940" m_ty="-34.223240"/>
   <element name="sing_post" layername="sing_post" frame="1" z_index="20" m_a="0.293694" m_b="0.951397" m_c="-0.951397" m_d="0.293694" m_tx="-152.108093" m_ty="-6.809606"/>
   <element name="sing_post" layername="sing_post" frame="0" z_index="21" m_a="0.526976" m_b="-0.845528" m_c="0.845528" m_d="0.526976" m_tx="-67.017181" m_ty="-89.120209"/>
  </frame>
  <frame idx="375" w="636" h="241" x="-292.753021" y="-63.201389">
   <element name="sign_arrow" layername="sign_arrow" frame="1" z_index="19" m_a="0.972971" m_b="-0.188999" m_c="0.191985" m_d="0.988342" m_tx="-1.446212" m_ty="-17.974756"/>
   <element name="sing_post" layername="sing_post" frame="1" z_index="20" m_a="0.297129" m_b="0.951257" m_c="-0.951257" m_d="0.297129" m_tx="-161.641418" m_ty="-7.517182"/>
   <element name="sing_post" layername="sing_post" frame="0" z_index="21" m_a="0.541049" m_b="-0.836009" m_c="0.836009" m_d="0.541049" m_tx="-63.608089" m_ty="-73.059601"/>
  </frame>
  <frame idx="400" w="669" h="176" x="-305.004791" y="-40.159050">
   <element name="sign_arrow" layername="sign_arrow" frame="1" z_index="19" m_a="0.936737" m_b="-0.346954" m_c="0.346954" m_d="0.936737" m_tx="4.500000" m_ty="-1.649000"/>
   <element name="sing_post" layername="sing_post" frame="1" z_index="20" m_a="0.301172" m_b="0.951891" m_c="-0.951891" m_d="0.301172" m_tx="-171.149002" m_ty="-8.199000"/>
   <element name="sing_post" layername="sing_post" frame="0" z_index="21" m_a="0.556365" m_b="-0.827179" m_c="0.827179" m_d="0.556365" m_tx="-60.199001" m_ty="-56.999001"/>
  </frame>
  <frame idx="425" w="670" h="184" x="-307.431824" y="-43.741840">
   <element name="sign_arrow" layername="sign_arrow" frame="1" z_index="19" m_a="0.941461" m_b="-0.331583" m_c="0.331583" m_d="0.941461" m_tx="4.500000" m_ty="-3.487235"/>
   <element name="sing_post" layername="sing_post" frame="1" z_index="20" m_a="0.282279" m_b="0.956993" m_c="-0.956993" m_d="0.282279" m_tx="-171.516647" m_ty="-10.772530"/>
   <element name="sing_post" layername="sing_post" frame="0" z_index="21" m_a="0.591716" m_b="-0.800795" m_c="0.800795" m_d="0.591716" m_tx="-57.662235" m_ty="-63.616646"/>
  </frame>
  <frame idx="450" w="672" h="192" x="-309.888733" y="-47.277813">
   <element name="sign_arrow" layername="sign_arrow" frame="1" z_index="19" m_a="0.946249" m_b="-0.318208" m_c="0.318208" m_d="0.946249" m_tx="4.500000" m_ty="-5.361121"/>
   <element name="sing_post" layername="sing_post" frame="1" z_index="20" m_a="0.263616" m_b="0.962479" m_c="-0.962479" m_d="0.263616" m_tx="-171.891434" m_ty="-13.444455"/>
   <element name="sing_post" layername="sing_post" frame="0" z_index="21" m_a="0.628691" m_b="-0.772530" m_c="0.772530" m_d="0.628691" m_tx="-55.027790" m_ty="-70.362640"/>
  </frame>
  <frame idx="475" w="675" h="195" x="-312.252258" y="-48.605015">
   <element name="sign_arrow" layername="sign_arrow" frame="1" z_index="19" m_a="0.947996" m_b="-0.313793" m_c="0.313793" m_d="0.947996" m_tx="4.257576" m_ty="-6.176273"/>
   <element name="sing_post" layername="sing_post" frame="1" z_index="20" m_a="0.247841" m_b="0.966923" m_c="-0.966923" m_d="0.247841" m_tx="-172.015671" m_ty="-15.044455"/>
   <element name="sing_post" layername="sing_post" frame="0" z_index="21" m_a="0.644700" m_b="-0.759828" m_c="0.759828" m_d="0.644700" m_tx="-54.035366" m_ty="-72.805061"/>
  </frame>
  <frame idx="500" w="675" h="185" x="-312.825897" y="-43.776337">
   <element name="sign_arrow" layername="sign_arrow" frame="1" z_index="19" m_a="0.943115" m_b="-0.326034" m_c="0.326034" m_d="0.943115" m_tx="3.500000" m_ty="-4.699000"/>
   <element name="sing_post" layername="sing_post" frame="1" z_index="20" m_a="0.238021" m_b="0.968827" m_c="-0.968827" m_d="0.238021" m_tx="-171.598999" m_ty="-14.249000"/>
   <element name="sing_post" layername="sing_post" frame="0" z_index="21" m_a="0.614563" m_b="-0.783050" m_c="0.783050" m_d="0.614563" m_tx="-56.648998" m_ty="-65.948997"/>
  </frame>
 </anim>
 <anim name="broken" root="aip_orbit" numframes="50" framerate="40">
  <frame idx="0" w="676" h="173" x="-313.386475" y="-39.025970">
   <element name="sign_arrow" layername="sign_arrow" frame="1" z_index="19" m_a="0.936737" m_b="-0.346954" m_c="0.346954" m_d="0.936737" m_tx="2.500000" m_ty="-2.649000"/>
   <element name="sing_post" layername="sing_post" frame="1" z_index="20" m_a="0.229298" m_b="0.971740" m_c="-0.971740" m_d="0.229298" m_tx="-171.149002" m_ty="-13.199000"/>
   <element name="sing_post" layername="sing_post" frame="0" z_index="21" m_a="0.577987" m_b="-0.812577" m_c="0.812577" m_d="0.577987" m_tx="-60.199001" m_ty="-56.999001"/>
  </frame>
  <frame idx="25" w="676" h="173" x="-313.386475" y="-39.025970">
   <element name="sign_arrow" layername="sign_arrow" frame="1" z_index="19" m_a="0.936737" m_b="-0.346954" m_c="0.346954" m_d="0.936737" m_tx="2.500000" m_ty="-2.649000"/>
   <element name="sing_post" layername="sing_post" frame="1" z_index="20" m_a="0.229298" m_b="0.971740" m_c="-0.971740" m_d="0.229298" m_tx="-171.149002" m_ty="-13.199000"/>
   <element name="sing_post" layername="sing_post" frame="0" z_index="21" m_a="0.577987" m_b="-0.812577" m_c="0.812577" m_d="0.577987" m_tx="-60.199001" m_ty="-56.999001"/>
  </frame>
 </anim>
 <anim name="burnt" root="aip_orbit" numframes="50" framerate="40">
  <frame idx="0" w="236" h="611" x="-23.298498" y="-222.548584">
   <element name="burnt" layername="burnt" frame="0" z_index="21" m_a="1.000000" m_b="0.000000" m_c="0.000000" m_d="1.000000" m_tx="-21.149000" m_ty="-199.399002"/>
  </frame>
  <frame idx="25" w="236" h="611" x="-23.298498" y="-222.548584">
   <element name="burnt" layername="burnt" frame="0" z_index="21" m_a="1.000000" m_b="0.000000" m_c="0.000000" m_d="1.000000" m_tx="-21.149000" m_ty="-199.399002"/>
  </frame>
 </anim>
 <anim name="hit_down" root="aip_orbit" numframes="300" framerate="40">
  <frame idx="0" w="360" h="360" x="-30.000000" y="-330.000000">
   <element name="aip_orbit" layername="horizontal" frame="0" z_index="21" m_a="-0.000000" m_b="-1.000000" m_c="1.000000" m_d="-0.000000" m_tx="0.000000" m_ty="0.000000"/>
  </frame>
  <frame idx="25" w="338" h="382" x="-28.500000" y="-349.956451">
   <element name="aip_orbit" layername="horizontal" frame="0" z_index="21" m_a="-0.061764" m_b="-0.998091" m_c="0.998091" m_d="-0.061764" m_tx="0.000000" m_ty="0.000000"/>
  </frame>
  <frame idx="50" w="314" h="403" x="-26.500000" y="-368.698730">
   <element name="aip_orbit" layername="horizontal" frame="0" z_index="21" m_a="-0.123292" m_b="-0.992370" m_c="0.992370" m_d="-0.123292" m_tx="0.000000" m_ty="0.000000"/>
  </frame>
  <frame idx="75" w="318" h="400" x="-26.500000" y="-365.566223">
   <element name="aip_orbit" layername="horizontal" frame="0" z_index="21" m_a="-0.113330" m_b="-0.993557" m_c="0.993557" m_d="-0.113330" m_tx="0.000000" m_ty="0.000000"/>
  </frame>
  <frame idx="100" w="340" h="381" x="-28.500000" y="-348.222290">
   <element name="aip_orbit" layername="horizontal" frame="0" z_index="21" m_a="-0.055622" m_b="-0.998452" m_c="0.998452" m_d="-0.055622" m_tx="0.000000" m_ty="0.000000"/>
  </frame>
  <frame idx="125" w="362" h="360" x="-30.500000" y="-329.317688">
   <element name="aip_orbit" layername="horizontal" frame="0" z_index="21" m_a="0.002272" m_b="-0.999997" m_c="0.999997" m_d="0.002272" m_tx="0.000000" m_ty="0.000000"/>
  </frame>
  <frame idx="150" w="382" h="339" x="-32.000000" y="-309.909058">
   <element name="aip_orbit" layername="horizontal" frame="0" z_index="21" m_a="0.060159" m_b="-0.998189" m_c="0.998189" m_d="0.060159" m_tx="0.000000" m_ty="0.000000"/>
  </frame>
  <frame idx="175" w="401" h="316" x="-33.500000" y="-289.056580">
   <element name="aip_orbit" layername="horizontal" frame="0" z_index="21" m_a="0.117844" m_b="-0.993032" m_c="0.993032" m_d="0.117844" m_tx="0.000000" m_ty="0.000000"/>
  </frame>
  <frame idx="200" w="391" h="328" x="-33.000000" y="-300.470978">
   <element name="aip_orbit" layername="horizontal" frame="0" z_index="21" m_a="0.086361" m_b="-0.996264" m_c="0.996264" m_d="0.086361" m_tx="0.000000" m_ty="0.000000"/>
  </frame>
  <frame idx="225" w="372" h="350" x="-31.000000" y="-319.616333">
   <element name="aip_orbit" layername="horizontal" frame="0" z_index="21" m_a="0.032420" m_b="-0.999474" m_c="0.999474" m_d="0.032420" m_tx="0.000000" m_ty="0.000000"/>
  </frame>
  <frame idx="250" w="360" h="360" x="-30.000000" y="-330.000000">
   <element name="aip_orbit" layername="horizontal" frame="0" z_index="21" m_a="-0.000000" m_b="-1.000000" m_c="1.000000" m_d="-0.000000" m_tx="0.000000" m_ty="0.000000"/>
  </frame>
  <frame idx="275" w="360" h="360" x="-30.000000" y="-330.000000">
   <element name="aip_orbit" layername="horizontal" frame="0" z_index="21" m_a="-0.000000" m_b="-1.000000" m_c="1.000000" m_d="-0.000000" m_tx="0.000000" m_ty="0.000000"/>
  </frame>
 </anim>
 <anim name="hit_downside" root="aip_orbit" numframes="300" framerate="40">
  <frame idx="0" w="0" h="511" x="0.000000" y="-43.000000">
   <element name="aip_orbit" layername="horizontal" frame="0" z_index="21" m_a="0.707107" m_b="0.707107" m_c="-0.707107" m_d="0.707107" m_tx="0.000000" m_ty="0.000000"/>
  </frame>
  <frame idx="25" w="46" h="508" x="-4.000000" y="-42.500000">
   <element name="aip_orbit" layername="horizontal" frame="0" z_index="21" m_a="0.766157" m_b="0.642653" m_c="-0.642653" m_d="0.766157" m_tx="0.000000" m_ty="0.000000"/>
  </frame>
  <frame idx="50" w="89" h="502" x="-7.500000" y="-42.000000">
   <element name="aip_orbit" layername="horizontal" frame="0" z_index="21" m_a="0.819353" m_b="0.573289" m_c="-0.573289" m_d="0.819353" m_tx="0.000000" m_ty="0.000000"/>
  </frame>
  <frame idx="75" w="82" h="503" x="-7.000000" y="-42.000000">
   <element name="aip_orbit" layername="horizontal" frame="0" z_index="21" m_a="0.810491" m_b="0.585751" m_c="-0.585751" m_d="0.810491" m_tx="0.000000" m_ty="0.000000"/>
  </frame>
  <frame idx="100" w="40" h="509" x="-3.500000" y="-42.500000">
   <element name="aip_orbit" layername="horizontal" frame="0" z_index="21" m_a="0.758631" m_b="0.651520" m_c="-0.651520" m_d="0.758631" m_tx="0.000000" m_ty="0.000000"/>
  </frame>
  <frame idx="125" w="5" h="511" x="-3.880531" y="-43.000000">
   <element name="aip_orbit" layername="horizontal" frame="0" z_index="21" m_a="0.701450" m_b="0.712719" m_c="-0.712719" m_d="0.701450" m_tx="0.000000" m_ty="0.000000"/>
  </frame>
  <frame idx="150" w="47" h="508" x="-42.870968" y="-42.500000">
   <element name="aip_orbit" layername="horizontal" frame="0" z_index="21" m_a="0.639348" m_b="0.768918" m_c="-0.768918" m_d="0.639348" m_tx="0.000000" m_ty="0.000000"/>
  </frame>
  <frame idx="175" w="90" h="502" x="-81.588692" y="-42.000000">
   <element name="aip_orbit" layername="horizontal" frame="0" z_index="21" m_a="0.572760" m_b="0.819723" m_c="-0.819723" m_d="0.572760" m_tx="0.000000" m_ty="0.000000"/>
  </frame>
  <frame idx="200" w="66" h="506" x="-59.737644" y="-42.500000">
   <element name="aip_orbit" layername="horizontal" frame="0" z_index="21" m_a="0.610909" m_b="0.791701" m_c="-0.791701" m_d="0.610909" m_tx="0.000000" m_ty="0.000000"/>
  </frame>
  <frame idx="225" w="26" h="509" x="-22.886971" y="-42.500000">
   <element name="aip_orbit" layername="horizontal" frame="0" z_index="21" m_a="0.672312" m_b="0.740268" m_c="-0.740268" m_d="0.672312" m_tx="0.000000" m_ty="0.000000"/>
  </frame>
  <frame idx="250" w="2" h="511" x="-0.500000" y="-43.000000">
   <element name="aip_orbit" layername="horizontal" frame="0" z_index="21" m_a="0.707107" m_b="0.707107" m_c="-0.707107" m_d="0.707107" m_tx="0.000000" m_ty="0.000000"/>
  </frame>
  <frame idx="275" w="2" h="511" x="-0.500000" y="-43.000000">
   <element name="aip_orbit" layername="horizontal" frame="0" z_index="21" m_a="0.707107" m_b="0.707107" m_c="-0.707107" m_d="0.707107" m_tx="0.000000" m_ty="0.000000"/>
  </frame>
 </anim>
 <anim name="hit_side" root="aip_orbit" numframes="300" framerate="40">
  <frame idx="0" w="360" h="360" x="-30.000000" y="-30.000000">
   <element name="aip_orbit" layername="horizontal" frame="0" z_index="21" m_a="1.000000" m_b="0.000000" m_c="0.000000" m_d="1.000000" m_tx="0.000000" m_ty="0.000000"/>
  </frame>
  <frame idx="25" w="388" h="333" x="-32.500000" y="-28.000000">
   <element name="aip_orbit" layername="horizontal" frame="0" z_index="21" m_a="0.997061" m_b="-0.076618" m_c="0.076618" m_d="0.997061" m_tx="0.000000" m_ty="0.000000"/>
  </frame>
  <frame idx="50" w="412" h="302" x="-34.500000" y="-25.500000">
   <element name="aip_orbit" layername="horizontal" frame="0" z_index="21" m_a="0.988259" m_b="-0.152785" m_c="0.152785" m_d="0.988259" m_tx="0.000000" m_ty="0.000000"/>
  </frame>
  <frame idx="75" w="404" h="312" x="-34.000000" y="-26.000000">
   <element name="aip_orbit" layername="horizontal" frame="0" z_index="21" m_a="0.991763" m_b="-0.128083" m_c="0.128083" m_d="0.991763" m_tx="0.000000" m_ty="0.000000"/>
  </frame>
  <frame idx="100" w="374" h="348" x="-31.500000" y="-29.000000">
   <element name="aip_orbit" layername="horizontal" frame="0" z_index="21" m_a="0.999362" m_b="-0.035716" m_c="0.035716" m_d="0.999362" m_tx="0.000000" m_ty="0.000000"/>
  </frame>
  <frame idx="125" w="340" h="381" x="-28.500000" y="-32.000000">
   <element name="aip_orbit" layername="horizontal" frame="0" z_index="21" m_a="0.998377" m_b="0.056958" m_c="-0.056958" m_d="0.998377" m_tx="0.000000" m_ty="0.000000"/>
  </frame>
  <frame idx="150" w="303" h="411" x="-25.500000" y="-34.500000">
   <element name="aip_orbit" layername="horizontal" frame="0" z_index="21" m_a="0.988816" m_b="0.149143" m_c="-0.149143" m_d="0.988816" m_tx="0.000000" m_ty="0.000000"/>
  </frame>
  <frame idx="175" w="264" h="437" x="-22.000000" y="-36.500000">
   <element name="aip_orbit" layername="horizontal" frame="0" z_index="21" m_a="0.970761" m_b="0.240047" m_c="-0.240047" m_d="0.970761" m_tx="0.000000" m_ty="0.000000"/>
  </frame>
  <frame idx="200" w="293" h="418" x="-24.500000" y="-35.000000">
   <element name="aip_orbit" layername="horizontal" frame="0" z_index="21" m_a="0.984905" m_b="0.173095" m_c="-0.173095" m_d="0.984905" m_tx="0.000000" m_ty="0.000000"/>
  </frame>
  <frame idx="225" w="336" h="383" x="-28.000000" y="-32.000000">
   <element name="aip_orbit" layername="horizontal" frame="0" z_index="21" m_a="0.997873" m_b="0.065193" m_c="-0.065193" m_d="0.997873" m_tx="0.000000" m_ty="0.000000"/>
  </frame>
  <frame idx="250" w="360" h="360" x="-30.000000" y="-30.000000">
   <element name="aip_orbit" layername="horizontal" frame="0" z_index="21" m_a="1.000000" m_b="0.000000" m_c="0.000000" m_d="1.000000" m_tx="0.000000" m_ty="0.000000"/>
  </frame>
  <frame idx="275" w="360" h="360" x="-30.000000" y="-30.000000">
   <element name="aip_orbit" layername="horizontal" frame="0" z_index="21" m_a="1.000000" m_b="0.000000" m_c="0.000000" m_d="1.000000" m_tx="0.000000" m_ty="0.000000"/>
  </frame>
 </anim>
 <anim name="hit_up" root="aip_orbit" numframes="300" framerate="40">
  <frame idx="0" w="360" h="360" x="-30.000000" y="-330.000000">
   <element name="aip_orbit" layername="horizontal" frame="0" z_index="21" m_a="-0.000000" m_b="-1.000000" m_c="1.000000" m_d="-0.000000" m_tx="0.000000" m_ty="0.000000"/>
  </frame>
  <frame idx="25" w="338" h="382" x="-28.500000" y="-349.956451">
   <element name="aip_orbit" layername="horizontal" frame="0" z_index="21" m_a="-0.061764" m_b="-0.998091" m_c="0.998091" m_d="-0.061764" m_tx="0.000000" m_ty="0.000000"/>
  </frame>
  <frame idx="50" w="314" h="403" x="-26.500000" y="-368.698730">
   <element name="aip_orbit" layername="horizontal" frame="0" z_index="21" m_a="-0.123292" m_b="-0.992370" m_c="0.992370" m_d="-0.123292" m_tx="0.000000" m_ty="0.000000"/>
  </frame>
  <frame idx="75" w="318" h="400" x="-26.500000" y="-365.566223">
   <element name="aip_orbit" layername="horizontal" frame="0" z_index="21" m_a="-0.113330" m_b="-0.993557" m_c="0.993557" m_d="-0.113330" m_tx="0.000000" m_ty="0.000000"/>
  </frame>
  <frame idx="100" w="340" h="381" x="-28.500000" y="-348.222290">
   <element name="aip_orbit" layername="horizontal" frame="0" z_index="21" m_a="-0.055622" m_b="-0.998452" m_c="0.998452" m_d="-0.055622" m_tx="0.000000" m_ty="0.000000"/>
  </frame>
  <frame idx="125" w="362" h="360" x="-30.500000" y="-329.317688">
   <element name="aip_orbit" layername="horizontal" frame="0" z_index="21" m_a="0.002272" m_b="-0.999997" m_c="0.999997" m_d="0.002272" m_tx="0.000000" m_ty="0.000000"/>
  </frame>
  <frame idx="150" w="382" h="339" x="-32.000000" y="-309.909058">
   <element name="aip_orbit" layername="horizontal" frame="0" z_index="21" m_a="0.060159" m_b="-0.998189" m_c="0.998189" m_d="0.060159" m_tx="0.000000" m_ty="0.000000"/>
  </frame>
  <frame idx="175" w="401" h="316" x="-33.500000" y="-289.056580">
   <element name="aip_orbit" layername="horizontal" frame="0" z_index="21" m_a="0.117844" m_b="-0.993032" m_c="0.993032" m_d="0.117844" m_tx="0.000000" m_ty="0.000000"/>
  </frame>
  <frame idx="200" w="391" h="328" x="-33.000000" y="-300.470978">
   <element name="aip_orbit" layername="horizontal" frame="0" z_index="21" m_a="0.086361" m_b="-0.996264" m_c="0.996264" m_d="0.086361" m_tx="0.000000" m_ty="0.000000"/>
  </frame>
  <frame idx="225" w="372" h="350" x="-31.000000" y="-319.616333">
   <element name="aip_orbit" layername="horizontal" frame="0" z_index="21" m_a="0.032420" m_b="-0.999474" m_c="0.999474" m_d="0.032420" m_tx="0.000000" m_ty="0.000000"/>
  </frame>
  <frame idx="250" w="360" h="360" x="-30.000000" y="-330.000000">
   <element name="aip_orbit" layername="horizontal" frame="0" z_index="21" m_a="-0.000000" m_b="-1.000000" m_c="1.000000" m_d="-0.000000" m_tx="0.000000" m_ty="0.000000"/>
  </frame>
  <frame idx="275" w="360" h="360" x="-30.000000" y="-330.000000">
   <element name="aip_orbit" layername="horizontal" frame="0" z_index="21" m_a="-0.000000" m_b="-1.000000" m_c="1.000000" m_d="-0.000000" m_tx="0.000000" m_ty="0.000000"/>
  </frame>
 </anim>
 <anim name="hit_upside" root="aip_orbit" numframes="300" framerate="40">
  <frame idx="0" w="511" h="0" x="-43.000000" y="0.000000">
   <element name="aip_orbit" layername="horizontal" frame="0" z_index="21" m_a="0.707107" m_b="-0.707107" m_c="0.707107" m_d="0.707107" m_tx="0.000000" m_ty="0.000000"/>
  </frame>
  <frame idx="25" w="509" h="39" x="-42.500000" y="-34.789719">
   <element name="aip_orbit" layername="horizontal" frame="0" z_index="21" m_a="0.653032" m_b="-0.757331" m_c="0.757331" m_d="0.653032" m_tx="0.000000" m_ty="0.000000"/>
  </frame>
  <frame idx="50" w="505" h="76" x="-42.500000" y="-68.909012">
   <element name="aip_orbit" layername="horizontal" frame="0" z_index="21" m_a="0.595400" m_b="-0.803430" m_c="0.803430" m_d="0.595400" m_tx="0.000000" m_ty="0.000000"/>
  </frame>
  <frame idx="75" w="507" h="63" x="-42.500000" y="-56.880325">
   <element name="aip_orbit" layername="horizontal" frame="0" z_index="21" m_a="0.616268" m_b="-0.787536" m_c="0.787536" m_d="0.616268" m_tx="0.000000" m_ty="0.000000"/>
  </frame>
  <frame idx="100" w="511" h="16" x="-43.000000" y="-13.577057">
   <element name="aip_orbit" layername="horizontal" frame="0" z_index="21" m_a="0.686692" m_b="-0.726949" m_c="0.726949" m_d="0.686692" m_tx="0.000000" m_ty="0.000000"/>
  </frame>
  <frame idx="125" w="509" h="34" x="-42.500000" y="-3.000000">
   <element name="aip_orbit" layername="horizontal" frame="0" z_index="21" m_a="0.751189" m_b="-0.660087" m_c="0.660087" m_d="0.751189" m_tx="0.000000" m_ty="0.000000"/>
  </frame>
  <frame idx="150" w="505" h="81" x="-42.500000" y="-7.000000">
   <element name="aip_orbit" layername="horizontal" frame="0" z_index="21" m_a="0.809203" m_b="-0.587529" m_c="0.587529" m_d="0.809203" m_tx="0.000000" m_ty="0.000000"/>
  </frame>
  <frame idx="175" w="495" h="128" x="-41.500000" y="-11.000000">
   <element name="aip_orbit" layername="horizontal" frame="0" z_index="21" m_a="0.860233" m_b="-0.509901" m_c="0.509901" m_d="0.860233" m_tx="0.000000" m_ty="0.000000"/>
  </frame>
  <frame idx="200" w="502" h="92" x="-42.000000" y="-8.000000">
   <element name="aip_orbit" layername="horizontal" frame="0" z_index="21" m_a="0.821864" m_b="-0.569684" m_c="0.569684" m_d="0.821864" m_tx="0.000000" m_ty="0.000000"/>
  </frame>
  <frame idx="225" w="509" h="35" x="-42.500000" y="-3.000000">
   <element name="aip_orbit" layername="horizontal" frame="0" z_index="21" m_a="0.753012" m_b="-0.658007" m_c="0.658007" m_d="0.753012" m_tx="0.000000" m_ty="0.000000"/>
  </frame>
  <frame idx="250" w="511" h="0" x="-43.000000" y="0.000000">
   <element name="aip_orbit" layername="horizontal" frame="0" z_index="21" m_a="0.707107" m_b="-0.707107" m_c="0.707107" m_d="0.707107" m_tx="0.000000" m_ty="0.000000"/>
  </frame>
  <frame idx="275" w="511" h="0" x="-43.000000" y="0.000000">
   <element name="aip_orbit" layername="horizontal" frame="0" z_index="21" m_a="0.707107" m_b="-0.707107" m_c="0.707107" m_d="0.707107" m_tx="0.000000" m_ty="0.000000"/>
  </frame>
 </anim>
 <anim name="idle_down" root="aip_orbit" numframes="50" framerate="40">
  <frame idx="0" w="360" h="360" x="-30.000000" y="-30.000000">
   <element name="aip_orbit" layername="vertical" frame="1" z_index="21" m_a="1.000000" m_b="0.000000" m_c="0.000000" m_d="1.000000" m_tx="0.000000" m_ty="0.000000"/>
  </frame>
  <frame idx="25" w="360" h="360" x="-30.000000" y="-30.000000">
   <element name="aip_orbit" layername="vertical" frame="1" z_index="21" m_a="1.000000" m_b="0.000000" m_c="0.000000" m_d="1.000000" m_tx="0.000000" m_ty="0.000000"/>
  </frame>
 </anim>
 <anim name="idle_downside" root="aip_orbit" numframes="50" framerate="40">
  <frame idx="0" w="360" h="360" x="-30.000000" y="-30.000000">
   <element name="aip_orbit" layername="downside" frame="3" z_index="21" m_a="1.000000" m_b="0.000000" m_c="0.000000" m_d="1.000000" m_tx="0.000000" m_ty="0.000000"/>
  </frame>
  <frame idx="25" w="360" h="360" x="-30.000000" y="-30.000000">
   <element name="aip_orbit" layername="downside" frame="3" z_index="21" m_a="1.000000" m_b="0.000000" m_c="0.000000" m_d="1.000000" m_tx="0.000000" m_ty="0.000000"/>
  </frame>
 </anim>
 <anim name="idle_side" root="aip_orbit" numframes="50" framerate="40">
  <frame idx="0" w="360" h="360" x="-30.000000" y="-30.000000">
   <element name="aip_orbit" layername="horizontal" frame="0" z_index="21" m_a="1.000000" m_b="0.000000" m_c="0.000000" m_d="1.000000" m_tx="0.000000" m_ty="0.000000"/>
  </frame>
  <frame idx="25" w="360" h="360" x="-30.000000" y="-30.000000">
   <element name="aip_orbit" layername="horizontal" frame="0" z_index="21" m_a="1.000000" m_b="0.000000" m_c="0.000000" m_d="1.000000" m_tx="0.000000" m_ty="0.000000"/>
  </frame>
 </anim>
 <anim name="idle_up" root="aip_orbit" numframes="50" framerate="40">
  <frame idx="0" w="360" h="360" x="-30.000000" y="-30.000000">
   <element name="aip_orbit" layername="vertical" frame="1" z_index="21" m_a="1.000000" m_b="0.000000" m_c="0.000000" m_d="1.000000" m_tx="0.000000" m_ty="0.000000"/>
  </frame>
  <frame idx="25" w="360" h="360" x="-30.000000" y="-30.000000">
   <element name="aip_orbit" layername="vertical" frame="1" z_index="21" m_a="1.000000" m_b="0.000000" m_c="0.000000" m_d="1.000000" m_tx="0.000000" m_ty="0.000000"/>
  </frame>
 </anim>
 <anim name="idle_upside" root="aip_orbit" numframes="50" framerate="40">
  <frame idx="0" w="360" h="360" x="-30.000000" y="-30.000000">
   <element name="aip_orbit" layername="upside" frame="2" z_index="21" m_a="1.000000" m_b="0.000000" m_c="0.000000" m_d="1.000000" m_tx="0.000000" m_ty="0.000000"/>
  </frame>
  <frame idx="25" w="360" h="360" x="-30.000000" y="-30.000000">
   <element name="aip_orbit" layername="upside" frame="2" z_index="21" m_a="1.000000" m_b="0.000000" m_c="0.000000" m_d="1.000000" m_tx="0.000000" m_ty="0.000000"/>
  </frame>
 </anim>
 <anim name="placement" root="aip_orbit" numframes="625" framerate="40">
  <frame idx="0" w="-2147483648" h="2" x="6860745904675311300000000000000.000000" y="-0.500000"/>
  <frame idx="25" w="-2147483648" h="2" x="6860745904675311300000000000000.000000" y="-0.500000"/>
  <frame idx="50" w="311" h="728" x="-37.008160" y="-444.917297">
   <element name="sign_arrow" layername="sign_arrow" frame="0" z_index="19" m_a="0.702653" m_b="0.009611" m_c="-0.012994" m_d="0.949946" m_tx="-13.505060" m_ty="-382.632324"/>
   <element name="sing_post" layername="sing_post" frame="1" z_index="20" m_a="1.049261" m_b="0.000000" m_c="0.000000" m_d="1.038445" m_tx="-31.102032" m_ty="-276.453552"/>
   <element name="sing_post" layername="sing_post" frame="2" z_index="21" m_a="1.049261" m_b="0.000000" m_c="0.000000" m_d="1.038445" m_tx="-31.102032" m_ty="-276.453552"/>
  </frame>
  <frame idx="75" w="399" h="666" x="-44.136383" y="-374.338318">
   <element name="sign_arrow" layername="sign_arrow" frame="0" z_index="19" m_a="0.893713" m_b="0.005979" m_c="-0.006053" m_d="0.904658" m_tx="-11.964151" m_ty="-317.215668"/>
   <element name="sing_post" layername="sing_post" frame="1" z_index="20" m_a="1.191307" m_b="0.000000" m_c="0.000000" m_d="0.943515" m_tx="-33.450516" m_ty="-217.476273"/>
   <element name="sing_post" layername="sing_post" frame="2" z_index="21" m_a="1.191307" m_b="0.000000" m_c="0.000000" m_d="0.943515" m_tx="-33.450516" m_ty="-217.476273"/>
  </frame>
  <frame idx="100" w="488" h="610" x="-51.265060" y="-305.054382">
   <element name="sign_arrow" layername="sign_arrow" frame="0" z_index="19" m_a="1.084780" m_b="0.000000" m_c="0.000000" m_d="0.859360" m_tx="-10.449000" m_ty="-251.798996"/>
   <element name="sing_post" layername="sing_post" frame="1" z_index="20" m_a="1.333330" m_b="0.000000" m_c="0.000000" m_d="0.848587" m_tx="-35.799000" m_ty="-158.498993"/>
   <element name="sing_post" layername="sing_post" frame="2" z_index="21" m_a="1.333330" m_b="0.000000" m_c="0.000000" m_d="0.848587" m_tx="-35.799000" m_ty="-158.498993"/>
   <element name="grass" layername="grass" frame="0" z_index="18" m_a="0.811478" m_b="0.000000" m_c="0.000000" m_d="1.584200" m_tx="-7.499000" m_ty="-36.148998"/>
  </frame>
  <frame idx="125" w="452" h="642" x="-47.599419" y="-331.762146">
   <element name="sign_arrow" layername="sign_arrow" frame="0" z_index="19" m_a="1.008294" m_b="0.000000" m_c="0.000000" m_d="0.949746" m_tx="-11.074000" m_ty="-275.769562"/>
   <element name="sing_post" layername="sing_post" frame="1" z_index="20" m_a="1.172271" m_b="0.000000" m_c="0.000000" m_d="0.932622" m_tx="-32.049000" m_ty="-174.491638"/>
   <element name="sing_post" layername="sing_post" frame="2" z_index="21" m_a="1.172271" m_b="0.000000" m_c="0.000000" m_d="0.932622" m_tx="-32.049000" m_ty="-174.491638"/>
   <element name="grass" layername="grass" frame="0" z_index="18" m_a="1.146215" m_b="0.000000" m_c="0.000000" m_d="1.238421" m_tx="-7.499000" m_ty="-26.847530"/>
  </frame>
  <frame idx="150" w="422" h="670" x="-44.542881" y="-354.385712">
   <element name="sign_arrow" layername="sign_arrow" frame="0" z_index="19" m_a="0.944737" m_b="0.000000" m_c="0.000000" m_d="1.024867" m_tx="-11.614152" m_ty="-295.695953"/>
   <element name="sing_post" layername="sing_post" frame="1" z_index="20" m_a="1.038428" m_b="0.000000" m_c="0.000000" m_d="1.002441" m_tx="-28.929302" m_ty="-187.764145"/>
   <element name="sing_post" layername="sing_post" frame="2" z_index="21" m_a="1.038428" m_b="0.000000" m_c="0.000000" m_d="1.002441" m_tx="-28.929302" m_ty="-187.764145"/>
   <element name="grass" layername="grass" frame="0" z_index="18" m_a="1.399166" m_b="0.000000" m_c="0.000000" m_d="0.977139" m_tx="-7.499000" m_ty="-19.838394"/>
  </frame>
  <frame idx="175" w="399" h="690" x="-42.120766" y="-371.434967">
   <element name="sign_arrow" layername="sign_arrow" frame="0" z_index="19" m_a="0.895655" m_b="0.000000" m_c="0.000000" m_d="1.082883" m_tx="-12.033849" m_ty="-311.092957"/>
   <element name="sing_post" layername="sing_post" frame="1" z_index="20" m_a="0.935068" m_b="0.000000" m_c="0.000000" m_d="1.056354" m_tx="-26.527788" m_ty="-198.015656"/>
   <element name="sing_post" layername="sing_post" frame="2" z_index="21" m_a="0.935068" m_b="0.000000" m_c="0.000000" m_d="1.056354" m_tx="-26.527788" m_ty="-198.015656"/>
   <element name="grass" layername="grass" frame="0" z_index="18" m_a="1.561963" m_b="0.000000" m_c="0.000000" m_d="0.808982" m_tx="-7.499000" m_ty="-15.318697"/>
  </frame>
  <frame idx="200" w="383" h="705" x="-40.353867" y="-383.645782">
   <element name="sign_arrow" layername="sign_arrow" frame="0" z_index="19" m_a="0.861877" m_b="0.000000" m_c="0.000000" m_d="1.122800" m_tx="-12.299000" m_ty="-321.699005"/>
   <element name="sing_post" layername="sing_post" frame="1" z_index="20" m_a="0.863953" m_b="0.000000" m_c="0.000000" m_d="1.093460" m_tx="-24.899000" m_ty="-205.098999"/>
   <element name="sing_post" layername="sing_post" frame="2" z_index="21" m_a="0.863953" m_b="0.000000" m_c="0.000000" m_d="1.093460" m_tx="-24.899000" m_ty="-205.098999"/>
   <element name="grass" layername="grass" frame="0" z_index="18" m_a="1.630940" m_b="0.000000" m_c="0.000000" m_d="0.737717" m_tx="-7.499000" m_ty="-13.349000"/>
  </frame>
  <frame idx="225" w="377" h="710" x="-39.743084" y="-387.598816">
   <element name="sign_arrow" layername="sign_arrow" frame="0" z_index="19" m_a="0.850961" m_b="0.000000" m_c="0.000000" m_d="1.135726" m_tx="-12.409294" m_ty="-325.118103"/>
   <element name="sing_post" layername="sing_post" frame="1" z_index="20" m_a="0.840941" m_b="0.000000" m_c="0.000000" m_d="1.105453" m_tx="-24.347530" m_ty="-207.378418"/>
   <element name="sing_post" layername="sing_post" frame="2" z_index="21" m_a="0.840941" m_b="0.000000" m_c="0.000000" m_d="1.105453" m_tx="-24.347530" m_ty="-207.378418"/>
   <element name="grass" layername="grass" frame="0" z_index="18" m_a="1.490389" m_b="0.000000" m_c="0.000000" m_d="0.934513" m_tx="-7.499000" m_ty="-17.981354"/>
  </frame>
  <frame idx="250" w="383" h="706" x="-40.202721" y="-384.687958">
   <element name="sign_arrow" layername="sign_arrow" frame="0" z_index="19" m_a="0.864417" m_b="0.000000" m_c="0.000000" m_d="1.124438" m_tx="-12.933849" m_ty="-322.736877"/>
   <element name="sing_post" layername="sing_post" frame="1" z_index="20" m_a="0.851670" m_b="0.000000" m_c="0.000000" m_d="1.097300" m_tx="-24.512636" m_ty="-205.823242"/>
   <element name="sing_post" layername="sing_post" frame="2" z_index="21" m_a="0.851670" m_b="0.000000" m_c="0.000000" m_d="1.097300" m_tx="-24.512636" m_ty="-205.823242"/>
   <element name="grass" layername="grass" frame="0" z_index="18" m_a="1.367717" m_b="0.000000" m_c="0.000000" m_d="1.106286" m_tx="-7.474758" m_ty="-22.000515"/>
  </frame>
  <frame idx="275" w="394" h="699" x="-41.201958" y="-378.711731">
   <element name="sign_arrow" layername="sign_arrow" frame="0" z_index="19" m_a="0.890420" m_b="0.000000" m_c="0.000000" m_d="1.100586" m_tx="-13.630818" m_ty="-317.323242"/>
   <element name="sing_post" layername="sing_post" frame="1" z_index="20" m_a="0.880114" m_b="0.000000" m_c="0.000000" m_d="1.078649" m_tx="-25.056576" m_ty="-202.268692"/>
   <element name="sing_post" layername="sing_post" frame="2" z_index="21" m_a="0.880114" m_b="0.000000" m_c="0.000000" m_d="1.078649" m_tx="-25.056576" m_ty="-202.268692"/>
   <element name="grass" layername="grass" frame="0" z_index="18" m_a="1.265390" m_b="0.000000" m_c="0.000000" m_d="1.249566" m_tx="-7.449000" m_ty="-25.347485"/>
  </frame>
  <frame idx="300" w="404" h="692" x="-42.201157" y="-373.230743">
   <element name="sign_arrow" layername="sign_arrow" frame="0" z_index="19" m_a="0.913956" m_b="0.000000" m_c="0.000000" m_d="1.078980" m_tx="-14.199000" m_ty="-312.398987"/>
   <element name="sing_post" layername="sing_post" frame="1" z_index="20" m_a="0.905869" m_b="0.000000" m_c="0.000000" m_d="1.061770" m_tx="-25.549000" m_ty="-199.048996"/>
   <element name="sing_post" layername="sing_post" frame="2" z_index="21" m_a="0.905869" m_b="0.000000" m_c="0.000000" m_d="1.061770" m_tx="-25.549000" m_ty="-199.048996"/>
   <element name="grass" layername="grass" frame="0" z_index="18" m_a="1.184920" m_b="0.000000" m_c="0.000000" m_d="1.362210" m_tx="-7.449000" m_ty="-27.999001"/>
  </frame>
  <frame idx="325" w="412" h="686" x="-42.737328" y="-368.640076">
   <element name="sign_arrow" layername="sign_arrow" frame="0" z_index="19" m_a="0.933288" m_b="0.000000" m_c="0.000000" m_d="1.061245" m_tx="-14.713706" m_ty="-308.354858"/>
   <element name="sing_post" layername="sing_post" frame="1" z_index="20" m_a="0.927018" m_b="0.000000" m_c="0.000000" m_d="1.047880" m_tx="-25.990177" m_ty="-196.401947"/>
   <element name="sing_post" layername="sing_post" frame="2" z_index="21" m_a="0.927018" m_b="0.000000" m_c="0.000000" m_d="1.047880" m_tx="-25.990177" m_ty="-196.401947"/>
   <element name="grass" layername="grass" frame="0" z_index="18" m_a="1.138082" m_b="0.000000" m_c="0.000000" m_d="1.427806" m_tx="-7.449000" m_ty="-29.543118"/>
  </frame>
  <frame idx="350" w="419" h="681" x="-43.250061" y="-364.460510">
   <element name="sign_arrow" layername="sign_arrow" frame="0" z_index="19" m_a="0.950671" m_b="0.000000" m_c="0.000000" m_d="1.045284" m_tx="-15.189909" m_ty="-304.717163"/>
   <element name="sing_post" layername="sing_post" frame="1" z_index="20" m_a="0.946039" m_b="0.000000" m_c="0.000000" m_d="1.035399" m_tx="-26.367182" m_ty="-194.018692"/>
   <element name="sing_post" layername="sing_post" frame="2" z_index="21" m_a="0.946039" m_b="0.000000" m_c="0.000000" m_d="1.035399" m_tx="-26.367182" m_ty="-194.018692"/>
   <element name="grass" layername="grass" frame="0" z_index="18" m_a="1.110927" m_b="0.000000" m_c="0.000000" m_d="1.465839" m_tx="-7.449000" m_ty="-30.438395"/>
  </frame>
  <frame idx="375" w="425" h="676" x="-43.749596" y="-360.781616">
   <element name="sign_arrow" layername="sign_arrow" frame="0" z_index="19" m_a="0.965800" m_b="0.000000" m_c="0.000000" m_d="1.031389" m_tx="-15.608090" m_ty="-301.574738"/>
   <element name="sing_post" layername="sing_post" frame="1" z_index="20" m_a="0.962599" m_b="0.000000" m_c="0.000000" m_d="1.024543" m_tx="-26.683849" m_ty="-191.953537"/>
   <element name="sing_post" layername="sing_post" frame="2" z_index="21" m_a="0.962599" m_b="0.000000" m_c="0.000000" m_d="1.024543" m_tx="-26.683849" m_ty="-191.953537"/>
   <element name="grass" layername="grass" frame="0" z_index="18" m_a="1.093558" m_b="0.000000" m_c="0.000000" m_d="1.450212" m_tx="-7.449000" m_ty="-30.132334"/>
  </frame>
  <frame idx="400" w="430" h="672" x="-44.249092" y="-357.675354">
   <element name="sign_arrow" layername="sign_arrow" frame="0" z_index="19" m_a="0.978470" m_b="0.000000" m_c="0.000000" m_d="1.019760" m_tx="-15.949000" m_ty="-298.998993"/>
   <element name="sing_post" layername="sing_post" frame="1" z_index="20" m_a="0.976471" m_b="0.000000" m_c="0.000000" m_d="1.015460" m_tx="-26.948999" m_ty="-190.248993"/>
   <element name="sing_post" layername="sing_post" frame="2" z_index="21" m_a="0.976471" m_b="0.000000" m_c="0.000000" m_d="1.015460" m_tx="-26.948999" m_ty="-190.248993"/>
   <element name="grass" layername="grass" frame="0" z_index="18" m_a="1.073460" m_b="0.000000" m_c="0.000000" m_d="1.353500" m_tx="-7.449000" m_ty="-28.049000"/>
  </frame>
  <frame idx="425" w="435" h="670" x="-44.748772" y="-355.815918">
   <element name="sign_arrow" layername="sign_arrow" frame="0" z_index="19" m_a="0.987266" m_b="0.000000" m_c="0.000000" m_d="1.011679" m_tx="-16.169588" m_ty="-297.160767"/>
   <element name="sing_post" layername="sing_post" frame="1" z_index="20" m_a="0.986086" m_b="0.000000" m_c="0.000000" m_d="1.009144" m_tx="-27.132822" m_ty="-189.035767"/>
   <element name="sing_post" layername="sing_post" frame="2" z_index="21" m_a="0.986086" m_b="0.000000" m_c="0.000000" m_d="1.009144" m_tx="-27.132822" m_ty="-189.035767"/>
   <element name="grass" layername="grass" frame="0" z_index="18" m_a="1.056953" m_b="0.000000" m_c="0.000000" m_d="1.274088" m_tx="-7.449000" m_ty="-26.357824"/>
  </frame>
  <frame idx="450" w="437" h="668" x="-44.772804" y="-354.386658">
   <element name="sign_arrow" layername="sign_arrow" frame="0" z_index="19" m_a="0.993910" m_b="0.000000" m_c="0.000000" m_d="1.005585" m_tx="-16.345970" m_ty="-295.747498"/>
   <element name="sing_post" layername="sing_post" frame="1" z_index="20" m_a="0.993351" m_b="0.000000" m_c="0.000000" m_d="1.004373" m_tx="-27.295969" m_ty="-188.162643"/>
   <element name="sing_post" layername="sing_post" frame="2" z_index="21" m_a="0.993351" m_b="0.000000" m_c="0.000000" m_d="1.004373" m_tx="-27.295969" m_ty="-188.162643"/>
   <element name="grass" layername="grass" frame="0" z_index="18" m_a="1.042108" m_b="0.000000" m_c="0.000000" m_d="1.202639" m_tx="-7.497485" m_ty="-24.827789"/>
  </frame>
  <frame idx="475" w="439" h="666" x="-45.286350" y="-352.968781">
   <element name="sign_arrow" layername="sign_arrow" frame="0" z_index="19" m_a="0.998185" m_b="0.000000" m_c="0.000000" m_d="1.001667" m_tx="-16.461121" m_ty="-294.839905"/>
   <element name="sing_post" layername="sing_post" frame="1" z_index="20" m_a="0.998023" m_b="0.000000" m_c="0.000000" m_d="1.001303" m_tx="-27.399000" m_ty="-187.602036"/>
   <element name="sing_post" layername="sing_post" frame="2" z_index="21" m_a="0.998023" m_b="0.000000" m_c="0.000000" m_d="1.001303" m_tx="-27.399000" m_ty="-187.602036"/>
   <element name="grass" layername="grass" frame="0" z_index="18" m_a="1.029193" m_b="0.000000" m_c="0.000000" m_d="1.140443" m_tx="-7.549000" m_ty="-23.485365"/>
  </frame>
  <frame idx="500" w="440" h="666" x="-45.248497" y="-352.623474">
   <element name="sign_arrow" layername="sign_arrow" frame="0" z_index="19" m_a="1.000000" m_b="0.000000" m_c="0.000000" m_d="1.000000" m_tx="-16.499001" m_ty="-294.498993"/>
   <element name="sing_post" layername="sing_post" frame="1" z_index="20" m_a="1.000000" m_b="0.000000" m_c="0.000000" m_d="1.000000" m_tx="-27.399000" m_ty="-187.298996"/>
   <element name="sing_post" layername="sing_post" frame="2" z_index="21" m_a="1.000000" m_b="0.000000" m_c="0.000000" m_d="1.000000" m_tx="-27.399000" m_ty="-187.298996"/>
   <element name="grass" layername="grass" frame="0" z_index="18" m_a="1.018390" m_b="0.000000" m_c="0.000000" m_d="1.088390" m_tx="-7.549000" m_ty="-22.349001"/>
  </frame>
  <frame idx="525" w="440" h="666" x="-45.248497" y="-352.623474">
   <element name="sign_arrow" layername="sign_arrow" frame="0" z_index="19" m_a="1.000000" m_b="0.000000" m_c="0.000000" m_d="1.000000" m_tx="-16.499001" m_ty="-294.498993"/>
   <element name="sing_post" layername="sing_post" frame="1" z_index="20" m_a="1.000000" m_b="0.000000" m_c="0.000000" m_d="1.000000" m_tx="-27.399000" m_ty="-187.298996"/>
   <element name="sing_post" layername="sing_post" frame="2" z_index="21" m_a="1.000000" m_b="0.000000" m_c="0.000000" m_d="1.000000" m_tx="-27.399000" m_ty="-187.298996"/>
   <element name="grass" layername="grass" frame="0" z_index="18" m_a="1.010868" m_b="0.000000" m_c="0.000000" m_d="1.052287" m_tx="-7.549000" m_ty="-21.576941"/>
  </frame>
  <frame idx="550" w="440" h="666" x="-45.248497" y="-352.623474">
   <element name="sign_arrow" layername="sign_arrow" frame="0" z_index="19" m_a="1.000000" m_b="0.000000" m_c="0.000000" m_d="1.000000" m_tx="-16.499001" m_ty="-294.498993"/>
   <element name="sing_post" layername="sing_post" frame="1" z_index="20" m_a="1.000000" m_b="0.000000" m_c="0.000000" m_d="1.000000" m_tx="-27.399000" m_ty="-187.298996"/>
   <element name="sing_post" layername="sing_post" frame="2" z_index="21" m_a="1.000000" m_b="0.000000" m_c="0.000000" m_d="1.000000" m_tx="-27.399000" m_ty="-187.298996"/>
   <element name="grass" layername="grass" frame="0" z_index="18" m_a="1.005202" m_b="0.000000" m_c="0.000000" m_d="1.025006" m_tx="-7.549000" m_ty="-20.983849"/>
  </frame>
  <frame idx="575" w="440" h="666" x="-45.248497" y="-352.623474">
   <element name="sign_arrow" layername="sign_arrow" frame="0" z_index="19" m_a="1.000000" m_b="0.000000" m_c="0.000000" m_d="1.000000" m_tx="-16.499001" m_ty="-294.498993"/>
   <element name="sing_post" layername="sing_post" frame="1" z_index="20" m_a="1.000000" m_b="0.000000" m_c="0.000000" m_d="1.000000" m_tx="-27.399000" m_ty="-187.298996"/>
   <element name="sing_post" layername="sing_post" frame="2" z_index="21" m_a="1.000000" m_b="0.000000" m_c="0.000000" m_d="1.000000" m_tx="-27.399000" m_ty="-187.298996"/>
   <element name="grass" layername="grass" frame="0" z_index="18" m_a="1.001561" m_b="0.000000" m_c="0.000000" m_d="1.007447" m_tx="-7.536879" m_ty="-20.588394"/>
  </frame>
  <frame idx="600" w="440" h="666" x="-45.248497" y="-352.623474">
   <element name="sign_arrow" layername="sign_arrow" frame="0" z_index="19" m_a="1.000000" m_b="0.000000" m_c="0.000000" m_d="1.000000" m_tx="-16.499001" m_ty="-294.498993"/>
   <element name="sing_post" layername="sing_post" frame="1" z_index="20" m_a="1.000000" m_b="0.000000" m_c="0.000000" m_d="1.000000" m_tx="-27.399000" m_ty="-187.298996"/>
   <element name="sing_post" layername="sing_post" frame="2" z_index="21" m_a="1.000000" m_b="0.000000" m_c="0.000000" m_d="1.000000" m_tx="-27.399000" m_ty="-187.298996"/>
   <element name="grass" layername="grass" frame="0" z_index="18" m_a="1.000000" m_b="0.000000" m_c="0.000000" m_d="1.000000" m_tx="-7.499000" m_ty="-20.399000"/>
  </frame>
 </anim>
</Anims>
