<Anims>
 <anim name="BUILD" root="aip_oar_woodead_swap" numframes="125" framerate="40">
  <frame idx="0" w="106" h="405" x="-8.174992" y="-105.274887">
   <element name="aip_oar_woodead_swap" layername="oar" frame="0" z_index="1" m_a="1.000000" m_b="0.000000" m_c="0.000000" m_d="1.000000" m_tx="-3.000000" m_ty="-3.000000"/>
  </frame>
  <frame idx="25" w="106" h="405" x="-8.174992" y="-105.274887">
   <element name="aip_oar_woodead_swap" layername="oar" frame="0" z_index="1" m_a="1.000000" m_b="0.000000" m_c="0.000000" m_d="1.000000" m_tx="-3.000000" m_ty="-3.000000"/>
  </frame>
  <frame idx="50" w="106" h="405" x="-8.174992" y="-105.274887">
   <element name="aip_oar_woodead_swap" layername="oar" frame="0" z_index="1" m_a="1.000000" m_b="0.000000" m_c="0.000000" m_d="1.000000" m_tx="-3.000000" m_ty="-3.000000"/>
  </frame>
  <frame idx="75" w="106" h="405" x="-8.174992" y="-105.274887">
   <element name="aip_oar_woodead_swap" layername="oar" frame="0" z_index="1" m_a="1.000000" m_b="0.000000" m_c="0.000000" m_d="1.000000" m_tx="-3.000000" m_ty="-3.000000"/>
  </frame>
  <frame idx="100" w="106" h="405" x="-8.174992" y="-105.274887">
   <element name="aip_oar_woodead_swap" layername="oar" frame="0" z_index="1" m_a="1.000000" m_b="0.000000" m_c="0.000000" m_d="1.000000" m_tx="-3.000000" m_ty="-3.000000"/>
  </frame>
 </anim>
</Anims>
