<Anims>
 <anim name="idle" root="aip_mine_car" numframes="1000" framerate="40">
  <frame idx="0" w="431" h="398" x="-81.194336" y="-51.499901">
   <element name="aip_mine_car" layername="body" frame="0" z_index="13" m_a="1.000000" m_b="0.000000" m_c="0.000000" m_d="1.000000" m_tx="6.023256" m_ty="17.880400"/>
   <element name="aip_mine_car" layername="wheel_left" frame="1" z_index="15" m_a="0.597908" m_b="0.000000" m_c="0.000000" m_d="0.597908" m_tx="-46.970299" m_ty="85.980202"/>
   <element name="aip_mine_car" layername="wheel_right" frame="1" z_index="14" m_a="0.597908" m_b="0.000000" m_c="0.000000" m_d="0.597908" m_tx="61.029701" m_ty="82.980202"/>
  </frame>
  <frame idx="25" w="431" h="398" x="-81.194336" y="-51.499901">
   <element name="aip_mine_car" layername="body" frame="0" z_index="13" m_a="1.000000" m_b="0.000000" m_c="0.000000" m_d="1.000000" m_tx="6.023256" m_ty="17.880400"/>
   <element name="aip_mine_car" layername="wheel_left" frame="1" z_index="15" m_a="0.597908" m_b="0.000000" m_c="0.000000" m_d="0.597908" m_tx="-46.970299" m_ty="85.980202"/>
   <element name="aip_mine_car" layername="wheel_right" frame="1" z_index="14" m_a="0.597908" m_b="0.000000" m_c="0.000000" m_d="0.597908" m_tx="61.029701" m_ty="82.980202"/>
  </frame>
  <frame idx="50" w="431" h="398" x="-81.194336" y="-51.499901">
   <element name="aip_mine_car" layername="body" frame="0" z_index="13" m_a="1.000000" m_b="0.000000" m_c="0.000000" m_d="1.000000" m_tx="6.023256" m_ty="17.880400"/>
   <element name="aip_mine_car" layername="wheel_left" frame="1" z_index="15" m_a="0.597908" m_b="0.000000" m_c="0.000000" m_d="0.597908" m_tx="-46.970299" m_ty="85.980202"/>
   <element name="aip_mine_car" layername="wheel_right" frame="1" z_index="14" m_a="0.597908" m_b="0.000000" m_c="0.000000" m_d="0.597908" m_tx="61.029701" m_ty="82.980202"/>
  </frame>
  <frame idx="75" w="431" h="398" x="-81.194336" y="-51.499901">
   <element name="aip_mine_car" layername="body" frame="0" z_index="13" m_a="1.000000" m_b="0.000000" m_c="0.000000" m_d="1.000000" m_tx="6.023256" m_ty="17.880400"/>
   <element name="aip_mine_car" layername="wheel_left" frame="1" z_index="15" m_a="0.597908" m_b="0.000000" m_c="0.000000" m_d="0.597908" m_tx="-46.970299" m_ty="85.980202"/>
   <element name="aip_mine_car" layername="wheel_right" frame="1" z_index="14" m_a="0.597908" m_b="0.000000" m_c="0.000000" m_d="0.597908" m_tx="61.029701" m_ty="82.980202"/>
  </frame>
  <frame idx="100" w="431" h="398" x="-81.194336" y="-51.499901">
   <element name="aip_mine_car" layername="body" frame="0" z_index="13" m_a="1.000000" m_b="0.000000" m_c="0.000000" m_d="1.000000" m_tx="6.023256" m_ty="17.880400"/>
   <element name="aip_mine_car" layername="wheel_left" frame="1" z_index="15" m_a="0.597908" m_b="0.000000" m_c="0.000000" m_d="0.597908" m_tx="-46.970299" m_ty="85.980202"/>
   <element name="aip_mine_car" layername="wheel_right" frame="1" z_index="14" m_a="0.597908" m_b="0.000000" m_c="0.000000" m_d="0.597908" m_tx="61.029701" m_ty="82.980202"/>
  </frame>
  <frame idx="125" w="431" h="398" x="-81.194336" y="-51.499901">
   <element name="aip_mine_car" layername="body" frame="0" z_index="13" m_a="1.000000" m_b="0.000000" m_c="0.000000" m_d="1.000000" m_tx="6.023256" m_ty="17.880400"/>
   <element name="aip_mine_car" layername="wheel_left" frame="1" z_index="15" m_a="0.597908" m_b="0.000000" m_c="0.000000" m_d="0.597908" m_tx="-46.970299" m_ty="85.980202"/>
   <element name="aip_mine_car" layername="wheel_right" frame="1" z_index="14" m_a="0.597908" m_b="0.000000" m_c="0.000000" m_d="0.597908" m_tx="61.029701" m_ty="82.980202"/>
  </frame>
  <frame idx="150" w="431" h="398" x="-81.194336" y="-51.499901">
   <element name="aip_mine_car" layername="body" frame="0" z_index="13" m_a="1.000000" m_b="0.000000" m_c="0.000000" m_d="1.000000" m_tx="6.023256" m_ty="17.880400"/>
   <element name="aip_mine_car" layername="wheel_left" frame="1" z_index="15" m_a="0.597908" m_b="0.000000" m_c="0.000000" m_d="0.597908" m_tx="-46.970299" m_ty="85.980202"/>
   <element name="aip_mine_car" layername="wheel_right" frame="1" z_index="14" m_a="0.597908" m_b="0.000000" m_c="0.000000" m_d="0.597908" m_tx="61.029701" m_ty="82.980202"/>
  </frame>
  <frame idx="175" w="431" h="398" x="-81.194336" y="-51.499901">
   <element name="aip_mine_car" layername="body" frame="0" z_index="13" m_a="1.000000" m_b="0.000000" m_c="0.000000" m_d="1.000000" m_tx="6.023256" m_ty="17.880400"/>
   <element name="aip_mine_car" layername="wheel_left" frame="1" z_index="15" m_a="0.597908" m_b="0.000000" m_c="0.000000" m_d="0.597908" m_tx="-46.970299" m_ty="85.980202"/>
   <element name="aip_mine_car" layername="wheel_right" frame="1" z_index="14" m_a="0.597908" m_b="0.000000" m_c="0.000000" m_d="0.597908" m_tx="61.029701" m_ty="82.980202"/>
  </frame>
  <frame idx="200" w="431" h="398" x="-81.194336" y="-51.499901">
   <element name="aip_mine_car" layername="body" frame="0" z_index="13" m_a="1.000000" m_b="0.000000" m_c="0.000000" m_d="1.000000" m_tx="6.023256" m_ty="17.880400"/>
   <element name="aip_mine_car" layername="wheel_left" frame="1" z_index="15" m_a="0.597908" m_b="0.000000" m_c="0.000000" m_d="0.597908" m_tx="-46.970299" m_ty="85.980202"/>
   <element name="aip_mine_car" layername="wheel_right" frame="1" z_index="14" m_a="0.597908" m_b="0.000000" m_c="0.000000" m_d="0.597908" m_tx="61.029701" m_ty="82.980202"/>
  </frame>
  <frame idx="225" w="431" h="398" x="-81.194336" y="-51.499901">
   <element name="aip_mine_car" layername="body" frame="0" z_index="13" m_a="1.000000" m_b="0.000000" m_c="0.000000" m_d="1.000000" m_tx="6.023256" m_ty="17.880400"/>
   <element name="aip_mine_car" layername="wheel_left" frame="1" z_index="15" m_a="0.597908" m_b="0.000000" m_c="0.000000" m_d="0.597908" m_tx="-46.970299" m_ty="85.980202"/>
   <element name="aip_mine_car" layername="wheel_right" frame="1" z_index="14" m_a="0.597908" m_b="0.000000" m_c="0.000000" m_d="0.597908" m_tx="61.029701" m_ty="82.980202"/>
  </frame>
  <frame idx="250" w="431" h="398" x="-81.194336" y="-51.499901">
   <element name="aip_mine_car" layername="body" frame="0" z_index="13" m_a="1.000000" m_b="0.000000" m_c="0.000000" m_d="1.000000" m_tx="6.023256" m_ty="17.880400"/>
   <element name="aip_mine_car" layername="wheel_left" frame="1" z_index="15" m_a="0.597908" m_b="0.000000" m_c="0.000000" m_d="0.597908" m_tx="-46.970299" m_ty="85.980202"/>
   <element name="aip_mine_car" layername="wheel_right" frame="1" z_index="14" m_a="0.597908" m_b="0.000000" m_c="0.000000" m_d="0.597908" m_tx="61.029701" m_ty="82.980202"/>
  </frame>
  <frame idx="275" w="431" h="398" x="-81.194336" y="-51.499901">
   <element name="aip_mine_car" layername="body" frame="0" z_index="13" m_a="1.000000" m_b="0.000000" m_c="0.000000" m_d="1.000000" m_tx="6.023256" m_ty="17.880400"/>
   <element name="aip_mine_car" layername="wheel_left" frame="1" z_index="15" m_a="0.597908" m_b="0.000000" m_c="0.000000" m_d="0.597908" m_tx="-46.970299" m_ty="85.980202"/>
   <element name="aip_mine_car" layername="wheel_right" frame="1" z_index="14" m_a="0.597908" m_b="0.000000" m_c="0.000000" m_d="0.597908" m_tx="61.029701" m_ty="82.980202"/>
  </frame>
  <frame idx="300" w="431" h="398" x="-81.194336" y="-51.499901">
   <element name="aip_mine_car" layername="body" frame="0" z_index="13" m_a="1.000000" m_b="0.000000" m_c="0.000000" m_d="1.000000" m_tx="6.023256" m_ty="17.880400"/>
   <element name="aip_mine_car" layername="wheel_left" frame="1" z_index="15" m_a="0.597908" m_b="0.000000" m_c="0.000000" m_d="0.597908" m_tx="-46.970299" m_ty="85.980202"/>
   <element name="aip_mine_car" layername="wheel_right" frame="1" z_index="14" m_a="0.597908" m_b="0.000000" m_c="0.000000" m_d="0.597908" m_tx="61.029701" m_ty="82.980202"/>
  </frame>
  <frame idx="325" w="431" h="398" x="-81.194336" y="-51.499901">
   <element name="aip_mine_car" layername="body" frame="0" z_index="13" m_a="1.000000" m_b="0.000000" m_c="0.000000" m_d="1.000000" m_tx="6.023256" m_ty="17.880400"/>
   <element name="aip_mine_car" layername="wheel_left" frame="1" z_index="15" m_a="0.597908" m_b="0.000000" m_c="0.000000" m_d="0.597908" m_tx="-46.970299" m_ty="85.980202"/>
   <element name="aip_mine_car" layername="wheel_right" frame="1" z_index="14" m_a="0.597908" m_b="0.000000" m_c="0.000000" m_d="0.597908" m_tx="61.029701" m_ty="82.980202"/>
  </frame>
  <frame idx="350" w="431" h="398" x="-81.194336" y="-51.499901">
   <element name="aip_mine_car" layername="body" frame="0" z_index="13" m_a="1.000000" m_b="0.000000" m_c="0.000000" m_d="1.000000" m_tx="6.023256" m_ty="17.880400"/>
   <element name="aip_mine_car" layername="wheel_left" frame="1" z_index="15" m_a="0.597908" m_b="0.000000" m_c="0.000000" m_d="0.597908" m_tx="-46.970299" m_ty="85.980202"/>
   <element name="aip_mine_car" layername="wheel_right" frame="1" z_index="14" m_a="0.597908" m_b="0.000000" m_c="0.000000" m_d="0.597908" m_tx="61.029701" m_ty="82.980202"/>
  </frame>
  <frame idx="375" w="431" h="398" x="-81.194336" y="-51.499901">
   <element name="aip_mine_car" layername="body" frame="0" z_index="13" m_a="1.000000" m_b="0.000000" m_c="0.000000" m_d="1.000000" m_tx="6.023256" m_ty="17.880400"/>
   <element name="aip_mine_car" layername="wheel_left" frame="1" z_index="15" m_a="0.597908" m_b="0.000000" m_c="0.000000" m_d="0.597908" m_tx="-46.970299" m_ty="85.980202"/>
   <element name="aip_mine_car" layername="wheel_right" frame="1" z_index="14" m_a="0.597908" m_b="0.000000" m_c="0.000000" m_d="0.597908" m_tx="61.029701" m_ty="82.980202"/>
  </frame>
  <frame idx="400" w="431" h="398" x="-81.194336" y="-51.499901">
   <element name="aip_mine_car" layername="body" frame="0" z_index="13" m_a="1.000000" m_b="0.000000" m_c="0.000000" m_d="1.000000" m_tx="6.023256" m_ty="17.880400"/>
   <element name="aip_mine_car" layername="wheel_left" frame="1" z_index="15" m_a="0.597908" m_b="0.000000" m_c="0.000000" m_d="0.597908" m_tx="-46.970299" m_ty="85.980202"/>
   <element name="aip_mine_car" layername="wheel_right" frame="1" z_index="14" m_a="0.597908" m_b="0.000000" m_c="0.000000" m_d="0.597908" m_tx="61.029701" m_ty="82.980202"/>
  </frame>
  <frame idx="425" w="431" h="398" x="-81.194336" y="-51.499901">
   <element name="aip_mine_car" layername="body" frame="0" z_index="13" m_a="1.000000" m_b="0.000000" m_c="0.000000" m_d="1.000000" m_tx="6.023256" m_ty="17.880400"/>
   <element name="aip_mine_car" layername="wheel_left" frame="1" z_index="15" m_a="0.597908" m_b="0.000000" m_c="0.000000" m_d="0.597908" m_tx="-46.970299" m_ty="85.980202"/>
   <element name="aip_mine_car" layername="wheel_right" frame="1" z_index="14" m_a="0.597908" m_b="0.000000" m_c="0.000000" m_d="0.597908" m_tx="61.029701" m_ty="82.980202"/>
  </frame>
  <frame idx="450" w="431" h="398" x="-81.194336" y="-51.499901">
   <element name="aip_mine_car" layername="body" frame="0" z_index="13" m_a="1.000000" m_b="0.000000" m_c="0.000000" m_d="1.000000" m_tx="6.023256" m_ty="17.880400"/>
   <element name="aip_mine_car" layername="wheel_left" frame="1" z_index="15" m_a="0.597908" m_b="0.000000" m_c="0.000000" m_d="0.597908" m_tx="-46.970299" m_ty="85.980202"/>
   <element name="aip_mine_car" layername="wheel_right" frame="1" z_index="14" m_a="0.597908" m_b="0.000000" m_c="0.000000" m_d="0.597908" m_tx="61.029701" m_ty="82.980202"/>
  </frame>
  <frame idx="475" w="431" h="398" x="-81.194336" y="-51.499901">
   <element name="aip_mine_car" layername="body" frame="0" z_index="13" m_a="1.000000" m_b="0.000000" m_c="0.000000" m_d="1.000000" m_tx="6.023256" m_ty="17.880400"/>
   <element name="aip_mine_car" layername="wheel_left" frame="1" z_index="15" m_a="0.597908" m_b="0.000000" m_c="0.000000" m_d="0.597908" m_tx="-46.970299" m_ty="85.980202"/>
   <element name="aip_mine_car" layername="wheel_right" frame="1" z_index="14" m_a="0.597908" m_b="0.000000" m_c="0.000000" m_d="0.597908" m_tx="61.029701" m_ty="82.980202"/>
  </frame>
  <frame idx="500" w="431" h="398" x="-81.194336" y="-51.499901">
   <element name="aip_mine_car" layername="body" frame="0" z_index="13" m_a="1.000000" m_b="0.000000" m_c="0.000000" m_d="1.000000" m_tx="6.023256" m_ty="17.880400"/>
   <element name="aip_mine_car" layername="wheel_left" frame="1" z_index="15" m_a="0.597908" m_b="0.000000" m_c="0.000000" m_d="0.597908" m_tx="-46.970299" m_ty="85.980202"/>
   <element name="aip_mine_car" layername="wheel_right" frame="1" z_index="14" m_a="0.597908" m_b="0.000000" m_c="0.000000" m_d="0.597908" m_tx="61.029701" m_ty="82.980202"/>
  </frame>
  <frame idx="525" w="431" h="398" x="-81.194336" y="-51.499901">
   <element name="aip_mine_car" layername="body" frame="0" z_index="13" m_a="1.000000" m_b="0.000000" m_c="0.000000" m_d="1.000000" m_tx="6.023256" m_ty="17.880400"/>
   <element name="aip_mine_car" layername="wheel_left" frame="1" z_index="15" m_a="0.597908" m_b="0.000000" m_c="0.000000" m_d="0.597908" m_tx="-46.970299" m_ty="85.980202"/>
   <element name="aip_mine_car" layername="wheel_right" frame="1" z_index="14" m_a="0.597908" m_b="0.000000" m_c="0.000000" m_d="0.597908" m_tx="61.029701" m_ty="82.980202"/>
  </frame>
  <frame idx="550" w="431" h="398" x="-81.194336" y="-51.499901">
   <element name="aip_mine_car" layername="body" frame="0" z_index="13" m_a="1.000000" m_b="0.000000" m_c="0.000000" m_d="1.000000" m_tx="6.023256" m_ty="17.880400"/>
   <element name="aip_mine_car" layername="wheel_left" frame="1" z_index="15" m_a="0.597908" m_b="0.000000" m_c="0.000000" m_d="0.597908" m_tx="-46.970299" m_ty="85.980202"/>
   <element name="aip_mine_car" layername="wheel_right" frame="1" z_index="14" m_a="0.597908" m_b="0.000000" m_c="0.000000" m_d="0.597908" m_tx="61.029701" m_ty="82.980202"/>
  </frame>
  <frame idx="575" w="431" h="398" x="-81.194336" y="-51.499901">
   <element name="aip_mine_car" layername="body" frame="0" z_index="13" m_a="1.000000" m_b="0.000000" m_c="0.000000" m_d="1.000000" m_tx="6.023256" m_ty="17.880400"/>
   <element name="aip_mine_car" layername="wheel_left" frame="1" z_index="15" m_a="0.597908" m_b="0.000000" m_c="0.000000" m_d="0.597908" m_tx="-46.970299" m_ty="85.980202"/>
   <element name="aip_mine_car" layername="wheel_right" frame="1" z_index="14" m_a="0.597908" m_b="0.000000" m_c="0.000000" m_d="0.597908" m_tx="61.029701" m_ty="82.980202"/>
  </frame>
  <frame idx="600" w="431" h="398" x="-81.194336" y="-51.499901">
   <element name="aip_mine_car" layername="body" frame="0" z_index="13" m_a="1.000000" m_b="0.000000" m_c="0.000000" m_d="1.000000" m_tx="6.023256" m_ty="17.880400"/>
   <element name="aip_mine_car" layername="wheel_left" frame="1" z_index="15" m_a="0.597908" m_b="0.000000" m_c="0.000000" m_d="0.597908" m_tx="-46.970299" m_ty="85.980202"/>
   <element name="aip_mine_car" layername="wheel_right" frame="1" z_index="14" m_a="0.597908" m_b="0.000000" m_c="0.000000" m_d="0.597908" m_tx="61.029701" m_ty="82.980202"/>
  </frame>
  <frame idx="625" w="431" h="398" x="-81.194336" y="-51.499901">
   <element name="aip_mine_car" layername="body" frame="0" z_index="13" m_a="1.000000" m_b="0.000000" m_c="0.000000" m_d="1.000000" m_tx="6.023256" m_ty="17.880400"/>
   <element name="aip_mine_car" layername="wheel_left" frame="1" z_index="15" m_a="0.597908" m_b="0.000000" m_c="0.000000" m_d="0.597908" m_tx="-46.970299" m_ty="85.980202"/>
   <element name="aip_mine_car" layername="wheel_right" frame="1" z_index="14" m_a="0.597908" m_b="0.000000" m_c="0.000000" m_d="0.597908" m_tx="61.029701" m_ty="82.980202"/>
  </frame>
  <frame idx="650" w="431" h="398" x="-81.194336" y="-51.499901">
   <element name="aip_mine_car" layername="body" frame="0" z_index="13" m_a="1.000000" m_b="0.000000" m_c="0.000000" m_d="1.000000" m_tx="6.023256" m_ty="17.880400"/>
   <element name="aip_mine_car" layername="wheel_left" frame="1" z_index="15" m_a="0.597908" m_b="0.000000" m_c="0.000000" m_d="0.597908" m_tx="-46.970299" m_ty="85.980202"/>
   <element name="aip_mine_car" layername="wheel_right" frame="1" z_index="14" m_a="0.597908" m_b="0.000000" m_c="0.000000" m_d="0.597908" m_tx="61.029701" m_ty="82.980202"/>
  </frame>
  <frame idx="675" w="431" h="398" x="-81.194336" y="-51.499901">
   <element name="aip_mine_car" layername="body" frame="0" z_index="13" m_a="1.000000" m_b="0.000000" m_c="0.000000" m_d="1.000000" m_tx="6.023256" m_ty="17.880400"/>
   <element name="aip_mine_car" layername="wheel_left" frame="1" z_index="15" m_a="0.597908" m_b="0.000000" m_c="0.000000" m_d="0.597908" m_tx="-46.970299" m_ty="85.980202"/>
   <element name="aip_mine_car" layername="wheel_right" frame="1" z_index="14" m_a="0.597908" m_b="0.000000" m_c="0.000000" m_d="0.597908" m_tx="61.029701" m_ty="82.980202"/>
  </frame>
  <frame idx="700" w="431" h="398" x="-81.194336" y="-51.499901">
   <element name="aip_mine_car" layername="body" frame="0" z_index="13" m_a="1.000000" m_b="0.000000" m_c="0.000000" m_d="1.000000" m_tx="6.023256" m_ty="17.880400"/>
   <element name="aip_mine_car" layername="wheel_left" frame="1" z_index="15" m_a="0.597908" m_b="0.000000" m_c="0.000000" m_d="0.597908" m_tx="-46.970299" m_ty="85.980202"/>
   <element name="aip_mine_car" layername="wheel_right" frame="1" z_index="14" m_a="0.597908" m_b="0.000000" m_c="0.000000" m_d="0.597908" m_tx="61.029701" m_ty="82.980202"/>
  </frame>
  <frame idx="725" w="431" h="398" x="-81.194336" y="-51.499901">
   <element name="aip_mine_car" layername="body" frame="0" z_index="13" m_a="1.000000" m_b="0.000000" m_c="0.000000" m_d="1.000000" m_tx="6.023256" m_ty="17.880400"/>
   <element name="aip_mine_car" layername="wheel_left" frame="1" z_index="15" m_a="0.597908" m_b="0.000000" m_c="0.000000" m_d="0.597908" m_tx="-46.970299" m_ty="85.980202"/>
   <element name="aip_mine_car" layername="wheel_right" frame="1" z_index="14" m_a="0.597908" m_b="0.000000" m_c="0.000000" m_d="0.597908" m_tx="61.029701" m_ty="82.980202"/>
  </frame>
  <frame idx="750" w="431" h="398" x="-81.194336" y="-51.499901">
   <element name="aip_mine_car" layername="body" frame="0" z_index="13" m_a="1.000000" m_b="0.000000" m_c="0.000000" m_d="1.000000" m_tx="6.023256" m_ty="17.880400"/>
   <element name="aip_mine_car" layername="wheel_left" frame="1" z_index="15" m_a="0.597908" m_b="0.000000" m_c="0.000000" m_d="0.597908" m_tx="-46.970299" m_ty="85.980202"/>
   <element name="aip_mine_car" layername="wheel_right" frame="1" z_index="14" m_a="0.597908" m_b="0.000000" m_c="0.000000" m_d="0.597908" m_tx="61.029701" m_ty="82.980202"/>
  </frame>
  <frame idx="775" w="431" h="398" x="-81.194336" y="-51.499901">
   <element name="aip_mine_car" layername="body" frame="0" z_index="13" m_a="1.000000" m_b="0.000000" m_c="0.000000" m_d="1.000000" m_tx="6.023256" m_ty="17.880400"/>
   <element name="aip_mine_car" layername="wheel_left" frame="1" z_index="15" m_a="0.597908" m_b="0.000000" m_c="0.000000" m_d="0.597908" m_tx="-46.970299" m_ty="85.980202"/>
   <element name="aip_mine_car" layername="wheel_right" frame="1" z_index="14" m_a="0.597908" m_b="0.000000" m_c="0.000000" m_d="0.597908" m_tx="61.029701" m_ty="82.980202"/>
  </frame>
  <frame idx="800" w="431" h="398" x="-81.194336" y="-51.499901">
   <element name="aip_mine_car" layername="body" frame="0" z_index="13" m_a="1.000000" m_b="0.000000" m_c="0.000000" m_d="1.000000" m_tx="6.023256" m_ty="17.880400"/>
   <element name="aip_mine_car" layername="wheel_left" frame="1" z_index="15" m_a="0.597908" m_b="0.000000" m_c="0.000000" m_d="0.597908" m_tx="-46.970299" m_ty="85.980202"/>
   <element name="aip_mine_car" layername="wheel_right" frame="1" z_index="14" m_a="0.597908" m_b="0.000000" m_c="0.000000" m_d="0.597908" m_tx="61.029701" m_ty="82.980202"/>
  </frame>
  <frame idx="825" w="431" h="398" x="-81.194336" y="-51.499901">
   <element name="aip_mine_car" layername="body" frame="0" z_index="13" m_a="1.000000" m_b="0.000000" m_c="0.000000" m_d="1.000000" m_tx="6.023256" m_ty="17.880400"/>
   <element name="aip_mine_car" layername="wheel_left" frame="1" z_index="15" m_a="0.597908" m_b="0.000000" m_c="0.000000" m_d="0.597908" m_tx="-46.970299" m_ty="85.980202"/>
   <element name="aip_mine_car" layername="wheel_right" frame="1" z_index="14" m_a="0.597908" m_b="0.000000" m_c="0.000000" m_d="0.597908" m_tx="61.029701" m_ty="82.980202"/>
  </frame>
  <frame idx="850" w="431" h="398" x="-81.194336" y="-51.499901">
   <element name="aip_mine_car" layername="body" frame="0" z_index="13" m_a="1.000000" m_b="0.000000" m_c="0.000000" m_d="1.000000" m_tx="6.023256" m_ty="17.880400"/>
   <element name="aip_mine_car" layername="wheel_left" frame="1" z_index="15" m_a="0.597908" m_b="0.000000" m_c="0.000000" m_d="0.597908" m_tx="-46.970299" m_ty="85.980202"/>
   <element name="aip_mine_car" layername="wheel_right" frame="1" z_index="14" m_a="0.597908" m_b="0.000000" m_c="0.000000" m_d="0.597908" m_tx="61.029701" m_ty="82.980202"/>
  </frame>
  <frame idx="875" w="431" h="398" x="-81.194336" y="-51.499901">
   <element name="aip_mine_car" layername="body" frame="0" z_index="13" m_a="1.000000" m_b="0.000000" m_c="0.000000" m_d="1.000000" m_tx="6.023256" m_ty="17.880400"/>
   <element name="aip_mine_car" layername="wheel_left" frame="1" z_index="15" m_a="0.597908" m_b="0.000000" m_c="0.000000" m_d="0.597908" m_tx="-46.970299" m_ty="85.980202"/>
   <element name="aip_mine_car" layername="wheel_right" frame="1" z_index="14" m_a="0.597908" m_b="0.000000" m_c="0.000000" m_d="0.597908" m_tx="61.029701" m_ty="82.980202"/>
  </frame>
  <frame idx="900" w="431" h="398" x="-81.194336" y="-51.499901">
   <element name="aip_mine_car" layername="body" frame="0" z_index="13" m_a="1.000000" m_b="0.000000" m_c="0.000000" m_d="1.000000" m_tx="6.023256" m_ty="17.880400"/>
   <element name="aip_mine_car" layername="wheel_left" frame="1" z_index="15" m_a="0.597908" m_b="0.000000" m_c="0.000000" m_d="0.597908" m_tx="-46.970299" m_ty="85.980202"/>
   <element name="aip_mine_car" layername="wheel_right" frame="1" z_index="14" m_a="0.597908" m_b="0.000000" m_c="0.000000" m_d="0.597908" m_tx="61.029701" m_ty="82.980202"/>
  </frame>
  <frame idx="925" w="431" h="398" x="-81.194336" y="-51.499901">
   <element name="aip_mine_car" layername="body" frame="0" z_index="13" m_a="1.000000" m_b="0.000000" m_c="0.000000" m_d="1.000000" m_tx="6.023256" m_ty="17.880400"/>
   <element name="aip_mine_car" layername="wheel_left" frame="1" z_index="15" m_a="0.597908" m_b="0.000000" m_c="0.000000" m_d="0.597908" m_tx="-46.970299" m_ty="85.980202"/>
   <element name="aip_mine_car" layername="wheel_right" frame="1" z_index="14" m_a="0.597908" m_b="0.000000" m_c="0.000000" m_d="0.597908" m_tx="61.029701" m_ty="82.980202"/>
  </frame>
  <frame idx="950" w="431" h="398" x="-81.194336" y="-51.499901">
   <element name="aip_mine_car" layername="body" frame="0" z_index="13" m_a="1.000000" m_b="0.000000" m_c="0.000000" m_d="1.000000" m_tx="6.023256" m_ty="17.880400"/>
   <element name="aip_mine_car" layername="wheel_left" frame="1" z_index="15" m_a="0.597908" m_b="0.000000" m_c="0.000000" m_d="0.597908" m_tx="-46.970299" m_ty="85.980202"/>
   <element name="aip_mine_car" layername="wheel_right" frame="1" z_index="14" m_a="0.597908" m_b="0.000000" m_c="0.000000" m_d="0.597908" m_tx="61.029701" m_ty="82.980202"/>
  </frame>
  <frame idx="975" w="431" h="398" x="-81.194336" y="-51.499901">
   <element name="aip_mine_car" layername="body" frame="0" z_index="13" m_a="1.000000" m_b="0.000000" m_c="0.000000" m_d="1.000000" m_tx="6.023256" m_ty="17.880400"/>
   <element name="aip_mine_car" layername="wheel_left" frame="1" z_index="15" m_a="0.597908" m_b="0.000000" m_c="0.000000" m_d="0.597908" m_tx="-46.970299" m_ty="85.980202"/>
   <element name="aip_mine_car" layername="wheel_right" frame="1" z_index="14" m_a="0.597908" m_b="0.000000" m_c="0.000000" m_d="0.597908" m_tx="61.029701" m_ty="82.980202"/>
  </frame>
 </anim>
 <anim name="destroy" root="aip_mine_car" numframes="250" framerate="40">
  <frame idx="0" w="431" h="398" x="-81.194336" y="-51.499901">
   <element name="aip_mine_car" layername="body" frame="0" z_index="13" m_a="1.000000" m_b="0.000000" m_c="0.000000" m_d="1.000000" m_tx="6.023256" m_ty="17.880400"/>
   <element name="aip_mine_car" layername="wheel_left" frame="1" z_index="15" m_a="0.597908" m_b="0.000000" m_c="0.000000" m_d="0.597908" m_tx="-46.970299" m_ty="85.980202"/>
   <element name="aip_mine_car" layername="wheel_right" frame="1" z_index="14" m_a="0.597908" m_b="0.000000" m_c="0.000000" m_d="0.597908" m_tx="61.029701" m_ty="82.980202"/>
  </frame>
  <frame idx="25" w="448" h="359" x="-82.694336" y="-40.741920">
   <element name="aip_mine_car" layername="body" frame="0" z_index="13" m_a="1.046832" m_b="0.000000" m_c="0.000000" m_d="0.916166" m_tx="6.023256" m_ty="22.130400"/>
   <element name="aip_mine_car" layername="wheel_left" frame="1" z_index="15" m_a="0.597908" m_b="0.000000" m_c="0.000000" m_d="0.548375" m_tx="-46.970299" m_ty="87.230202"/>
   <element name="aip_mine_car" layername="wheel_right" frame="1" z_index="14" m_a="0.597908" m_b="0.000000" m_c="0.000000" m_d="0.543611" m_tx="61.029701" m_ty="84.230202"/>
  </frame>
  <frame idx="50" w="465" h="321" x="-84.194336" y="-30.483944">
   <element name="aip_mine_car" layername="body" frame="0" z_index="13" m_a="1.093665" m_b="0.000000" m_c="0.000000" m_d="0.832332" m_tx="6.023256" m_ty="26.380398"/>
   <element name="aip_mine_car" layername="wheel_left" frame="1" z_index="15" m_a="0.597908" m_b="0.000000" m_c="0.000000" m_d="0.498841" m_tx="-46.970299" m_ty="88.480202"/>
   <element name="aip_mine_car" layername="wheel_right" frame="1" z_index="14" m_a="0.597908" m_b="0.000000" m_c="0.000000" m_d="0.489314" m_tx="61.029701" m_ty="85.480202"/>
  </frame>
  <frame idx="75" w="483" h="287" x="-85.694336" y="-24.263582">
   <element name="aip_mine_car" layername="body" frame="0" z_index="13" m_a="1.140497" m_b="0.000000" m_c="0.000000" m_d="0.748499" m_tx="6.023256" m_ty="30.630398"/>
   <element name="aip_mine_car" layername="wheel_left" frame="1" z_index="15" m_a="0.597908" m_b="0.000000" m_c="0.000000" m_d="0.449308" m_tx="-46.970299" m_ty="89.730202"/>
   <element name="aip_mine_car" layername="wheel_right" frame="1" z_index="14" m_a="0.597908" m_b="0.000000" m_c="0.000000" m_d="0.435016" m_tx="61.029701" m_ty="86.730202"/>
  </frame>
  <frame idx="100" w="500" h="263" x="-87.194336" y="-27.216934">
   <element name="aip_mine_car" layername="body" frame="0" z_index="13" m_a="1.187329" m_b="0.000000" m_c="0.000000" m_d="0.664665" m_tx="6.023256" m_ty="34.880398"/>
   <element name="aip_mine_car" layername="wheel_left" frame="1" z_index="15" m_a="0.597908" m_b="0.000000" m_c="0.000000" m_d="0.399774" m_tx="-46.970299" m_ty="90.980202"/>
   <element name="aip_mine_car" layername="wheel_right" frame="1" z_index="14" m_a="0.597908" m_b="0.000000" m_c="0.000000" m_d="0.380719" m_tx="61.029701" m_ty="87.980202"/>
  </frame>
  <frame idx="125" w="491" h="413" x="-100.520264" y="-56.143356">
   <element name="aip_mine_car" layername="body" frame="0" z_index="13" m_a="1.127096" m_b="0.180232" m_c="-0.117930" m_d="0.737485" m_tx="33.964432" m_ty="17.723536"/>
   <element name="aip_mine_car" layername="wheel_left" frame="1" z_index="15" m_a="0.594169" m_b="-0.066763" m_c="0.050062" m_d="0.445532" m_tx="-61.185986" m_ty="79.705688"/>
   <element name="aip_mine_car" layername="wheel_right" frame="1" z_index="14" m_a="0.595565" m_b="0.052885" m_c="-0.038383" m_d="0.432251" m_tx="68.137543" m_ty="82.097847"/>
  </frame>
  <frame idx="150" w="466" h="548" x="-112.888359" y="-84.706787">
   <element name="aip_mine_car" layername="body" frame="0" z_index="13" m_a="1.040873" m_b="0.341623" m_c="-0.258531" m_d="0.787704" m_tx="61.905609" m_ty="0.566672"/>
   <element name="aip_mine_car" layername="wheel_left" frame="1" z_index="15" m_a="0.582998" m_b="-0.132692" m_c="0.110275" m_d="0.484508" m_tx="-75.401672" m_ty="68.431183"/>
   <element name="aip_mine_car" layername="wheel_right" frame="1" z_index="14" m_a="0.588553" m_b="0.105356" m_c="-0.085845" m_d="0.479561" m_tx="75.245384" m_ty="76.215492"/>
  </frame>
  <frame idx="175" w="427" h="668" x="-124.296326" y="-112.490799">
   <element name="aip_mine_car" layername="body" frame="0" z_index="13" m_a="0.933055" m_b="0.480667" m_c="-0.417307" m_d="0.810064" m_tx="89.846779" m_ty="-16.590189"/>
   <element name="aip_mine_car" layername="wheel_left" frame="1" z_index="15" m_a="0.564536" m_b="-0.196961" m_c="0.179684" m_d="0.515016" m_tx="-89.617355" m_ty="57.156670"/>
   <element name="aip_mine_car" layername="wheel_right" frame="1" z_index="14" m_a="0.576927" m_b="0.157000" m_c="-0.141904" m_d="0.521453" m_tx="82.353233" m_ty="70.333138"/>
  </frame>
  <frame idx="200" w="377" h="767" x="-134.241089" y="-139.066681">
   <element name="aip_mine_car" layername="body" frame="0" z_index="13" m_a="0.808468" m_b="0.594760" m_c="-0.588687" m_d="0.800213" m_tx="117.787964" m_ty="-33.747055"/>
   <element name="aip_mine_car" layername="wheel_left" frame="1" z_index="15" m_a="0.539012" m_b="-0.258766" m_c="0.257084" m_d="0.535510" m_tx="-103.833046" m_ty="45.882160"/>
   <element name="aip_mine_car" layername="wheel_right" frame="1" z_index="14" m_a="0.560779" m_b="0.207414" m_c="-0.205937" m_d="0.556785" m_tx="89.461075" m_ty="64.450783"/>
  </frame>
  <frame idx="225" w="478" h="1010" x="-201.299667" y="-281.383057">
   <element name="aip_mine_car" layername="body" frame="0" z_index="13" m_a="0.483492" m_b="0.875349" m_c="-0.875349" m_d="0.483492" m_tx="201.070877" m_ty="-34.358700"/>
   <element name="aip_mine_car" layername="wheel_left" frame="1" z_index="15" m_a="0.205609" m_b="-0.561443" m_c="0.561443" m_d="0.205609" m_tx="-160.798615" m_ty="42.328568"/>
   <element name="aip_mine_car" layername="wheel_right" frame="1" z_index="14" m_a="0.466722" m_b="0.373717" m_c="-0.373717" m_d="0.466722" m_tx="131.360535" m_ty="46.127819"/>
  </frame>
 </anim>
 <anim name="hit" root="aip_mine_car" numframes="300" framerate="40">
  <frame idx="0" w="431" h="398" x="-81.194336" y="-51.499901">
   <element name="aip_mine_car" layername="body" frame="0" z_index="13" m_a="1.000000" m_b="0.000000" m_c="0.000000" m_d="1.000000" m_tx="6.023256" m_ty="17.880400"/>
   <element name="aip_mine_car" layername="wheel_left" frame="1" z_index="15" m_a="0.597908" m_b="0.000000" m_c="0.000000" m_d="0.597908" m_tx="-46.970299" m_ty="85.980202"/>
   <element name="aip_mine_car" layername="wheel_right" frame="1" z_index="14" m_a="0.597908" m_b="0.000000" m_c="0.000000" m_d="0.597908" m_tx="61.029701" m_ty="82.980202"/>
  </frame>
  <frame idx="25" w="437" h="381" x="-81.694336" y="-51.055122">
   <element name="aip_mine_car" layername="body" frame="0" z_index="13" m_a="0.999389" m_b="-0.034944" m_c="0.034944" m_d="0.999389" m_tx="2.273256" m_ty="17.047066"/>
   <element name="aip_mine_car" layername="wheel_left" frame="1" z_index="15" m_a="0.597908" m_b="0.000000" m_c="0.000000" m_d="0.597908" m_tx="-46.970299" m_ty="85.980202"/>
   <element name="aip_mine_car" layername="wheel_right" frame="1" z_index="14" m_a="0.597908" m_b="0.000000" m_c="0.000000" m_d="0.597908" m_tx="61.029701" m_ty="82.980202"/>
  </frame>
  <frame idx="50" w="443" h="363" x="-82.194336" y="-50.566246">
   <element name="aip_mine_car" layername="body" frame="0" z_index="13" m_a="0.997558" m_b="-0.069846" m_c="0.069846" m_d="0.997558" m_tx="-1.476744" m_ty="16.213732"/>
   <element name="aip_mine_car" layername="wheel_left" frame="1" z_index="15" m_a="0.597908" m_b="0.000000" m_c="0.000000" m_d="0.597908" m_tx="-46.970299" m_ty="85.980202"/>
   <element name="aip_mine_car" layername="wheel_right" frame="1" z_index="14" m_a="0.597908" m_b="0.000000" m_c="0.000000" m_d="0.597908" m_tx="61.029701" m_ty="82.980202"/>
  </frame>
  <frame idx="75" w="440" h="371" x="-82.194336" y="-51.442451">
   <element name="aip_mine_car" layername="body" frame="0" z_index="13" m_a="0.998613" m_b="-0.052647" m_c="0.052647" m_d="0.998613" m_tx="-0.476744" m_ty="15.755399"/>
   <element name="aip_mine_car" layername="wheel_left" frame="1" z_index="15" m_a="0.597908" m_b="0.000000" m_c="0.000000" m_d="0.597908" m_tx="-46.970299" m_ty="85.980202"/>
   <element name="aip_mine_car" layername="wheel_right" frame="1" z_index="14" m_a="0.597908" m_b="0.000000" m_c="0.000000" m_d="0.597908" m_tx="61.029701" m_ty="82.980202"/>
  </frame>
  <frame idx="100" w="429" h="398" x="-81.194336" y="-53.837769">
   <element name="aip_mine_car" layername="body" frame="0" z_index="13" m_a="1.000000" m_b="-0.000650" m_c="0.000650" m_d="1.000000" m_tx="3.689923" m_ty="15.547066"/>
   <element name="aip_mine_car" layername="wheel_left" frame="1" z_index="15" m_a="0.597908" m_b="0.000000" m_c="0.000000" m_d="0.597908" m_tx="-46.970299" m_ty="85.980202"/>
   <element name="aip_mine_car" layername="wheel_right" frame="1" z_index="14" m_a="0.597908" m_b="0.000000" m_c="0.000000" m_d="0.597908" m_tx="61.029701" m_ty="82.980202"/>
  </frame>
  <frame idx="125" w="417" h="423" x="-80.194336" y="-55.635994">
   <element name="aip_mine_car" layername="body" frame="0" z_index="13" m_a="0.998681" m_b="0.051348" m_c="-0.051348" m_d="0.998681" m_tx="7.856590" m_ty="15.338732"/>
   <element name="aip_mine_car" layername="wheel_left" frame="1" z_index="15" m_a="0.597908" m_b="0.000000" m_c="0.000000" m_d="0.597908" m_tx="-46.970299" m_ty="85.980202"/>
   <element name="aip_mine_car" layername="wheel_right" frame="1" z_index="14" m_a="0.597908" m_b="0.000000" m_c="0.000000" m_d="0.597908" m_tx="61.029701" m_ty="82.980202"/>
  </frame>
  <frame idx="150" w="404" h="447" x="-79.194336" y="-57.338242">
   <element name="aip_mine_car" layername="body" frame="0" z_index="13" m_a="0.994660" m_b="0.103207" m_c="-0.103207" m_d="0.994660" m_tx="12.023256" m_ty="15.130399"/>
   <element name="aip_mine_car" layername="wheel_left" frame="1" z_index="15" m_a="0.597908" m_b="0.000000" m_c="0.000000" m_d="0.597908" m_tx="-46.970299" m_ty="85.980202"/>
   <element name="aip_mine_car" layername="wheel_right" frame="1" z_index="14" m_a="0.597908" m_b="0.000000" m_c="0.000000" m_d="0.597908" m_tx="61.029701" m_ty="82.980202"/>
  </frame>
  <frame idx="175" w="389" h="470" x="-77.694336" y="-58.945877">
   <element name="aip_mine_car" layername="body" frame="0" z_index="13" m_a="0.987948" m_b="0.154787" m_c="-0.154787" m_d="0.987948" m_tx="16.189922" m_ty="14.922066"/>
   <element name="aip_mine_car" layername="wheel_left" frame="1" z_index="15" m_a="0.597908" m_b="0.000000" m_c="0.000000" m_d="0.597908" m_tx="-46.970299" m_ty="85.980202"/>
   <element name="aip_mine_car" layername="wheel_right" frame="1" z_index="14" m_a="0.597908" m_b="0.000000" m_c="0.000000" m_d="0.597908" m_tx="61.029701" m_ty="82.980202"/>
  </frame>
  <frame idx="200" w="403" h="451" x="-79.194336" y="-57.004463">
   <element name="aip_mine_car" layername="body" frame="0" z_index="13" m_a="0.993999" m_b="0.109388" m_c="-0.109388" m_d="0.993999" m_tx="13.294442" m_ty="15.897348"/>
   <element name="aip_mine_car" layername="wheel_left" frame="1" z_index="15" m_a="0.597908" m_b="0.000000" m_c="0.000000" m_d="0.597908" m_tx="-46.970299" m_ty="85.980202"/>
   <element name="aip_mine_car" layername="wheel_right" frame="1" z_index="14" m_a="0.597908" m_b="0.000000" m_c="0.000000" m_d="0.597908" m_tx="61.029701" m_ty="82.980202"/>
  </frame>
  <frame idx="225" w="422" h="417" x="-80.694336" y="-53.409557">
   <element name="aip_mine_car" layername="body" frame="0" z_index="13" m_a="0.999226" m_b="0.039336" m_c="-0.039336" m_d="0.999226" m_tx="8.633425" m_ty="17.168535"/>
   <element name="aip_mine_car" layername="wheel_left" frame="1" z_index="15" m_a="0.597908" m_b="0.000000" m_c="0.000000" m_d="0.597908" m_tx="-46.970299" m_ty="85.980202"/>
   <element name="aip_mine_car" layername="wheel_right" frame="1" z_index="14" m_a="0.597908" m_b="0.000000" m_c="0.000000" m_d="0.597908" m_tx="61.029701" m_ty="82.980202"/>
  </frame>
  <frame idx="250" w="431" h="398" x="-81.194336" y="-51.499901">
   <element name="aip_mine_car" layername="body" frame="0" z_index="13" m_a="1.000000" m_b="0.000000" m_c="0.000000" m_d="1.000000" m_tx="6.023256" m_ty="17.880400"/>
   <element name="aip_mine_car" layername="wheel_left" frame="1" z_index="15" m_a="0.597908" m_b="0.000000" m_c="0.000000" m_d="0.597908" m_tx="-46.970299" m_ty="85.980202"/>
   <element name="aip_mine_car" layername="wheel_right" frame="1" z_index="14" m_a="0.597908" m_b="0.000000" m_c="0.000000" m_d="0.597908" m_tx="61.029701" m_ty="82.980202"/>
  </frame>
  <frame idx="275" w="431" h="398" x="-81.194336" y="-51.499901">
   <element name="aip_mine_car" layername="body" frame="0" z_index="13" m_a="1.000000" m_b="0.000000" m_c="0.000000" m_d="1.000000" m_tx="6.023256" m_ty="17.880400"/>
   <element name="aip_mine_car" layername="wheel_left" frame="1" z_index="15" m_a="0.597908" m_b="0.000000" m_c="0.000000" m_d="0.597908" m_tx="-46.970299" m_ty="85.980202"/>
   <element name="aip_mine_car" layername="wheel_right" frame="1" z_index="14" m_a="0.597908" m_b="0.000000" m_c="0.000000" m_d="0.597908" m_tx="61.029701" m_ty="82.980202"/>
  </frame>
 </anim>
 <anim name="place" root="aip_mine_car" numframes="500" framerate="40">
  <frame idx="0" w="360" h="516" x="-75.694290" y="-160.999908">
   <element name="aip_mine_car" layername="body" frame="0" z_index="13" m_a="0.806320" m_b="0.000000" m_c="0.000000" m_d="1.000000" m_tx="6.023256" m_ty="-82.119598"/>
   <element name="aip_mine_car" layername="wheel_left" frame="1" z_index="15" m_a="0.429590" m_b="0.000000" m_c="0.000000" m_d="0.597908" m_tx="-46.970299" m_ty="32.980198"/>
   <element name="aip_mine_car" layername="wheel_right" frame="1" z_index="14" m_a="0.373484" m_b="0.000000" m_c="0.000000" m_d="0.597908" m_tx="61.029701" m_ty="59.980198"/>
  </frame>
  <frame idx="25" w="368" h="505" x="-76.642212" y="-150.083237">
   <element name="aip_mine_car" layername="body" frame="0" z_index="13" m_a="0.826495" m_b="0.000000" m_c="0.000000" m_d="1.000000" m_tx="6.023256" m_ty="-71.702934"/>
   <element name="aip_mine_car" layername="wheel_left" frame="1" z_index="15" m_a="0.447123" m_b="0.000000" m_c="0.000000" m_d="0.597908" m_tx="-46.970299" m_ty="38.501030"/>
   <element name="aip_mine_car" layername="wheel_right" frame="1" z_index="14" m_a="0.396861" m_b="0.000000" m_c="0.000000" m_d="0.597908" m_tx="61.029701" m_ty="62.376030"/>
  </frame>
  <frame idx="50" w="375" h="493" x="-77.090134" y="-138.666565">
   <element name="aip_mine_car" layername="body" frame="0" z_index="13" m_a="0.846670" m_b="0.000000" m_c="0.000000" m_d="1.000000" m_tx="6.023256" m_ty="-61.286266"/>
   <element name="aip_mine_car" layername="wheel_left" frame="1" z_index="15" m_a="0.464656" m_b="0.000000" m_c="0.000000" m_d="0.597908" m_tx="-46.970299" m_ty="44.021866"/>
   <element name="aip_mine_car" layername="wheel_right" frame="1" z_index="14" m_a="0.420239" m_b="0.000000" m_c="0.000000" m_d="0.597908" m_tx="61.029701" m_ty="64.771866"/>
  </frame>
  <frame idx="75" w="382" h="479" x="-77.538055" y="-126.749901">
   <element name="aip_mine_car" layername="body" frame="0" z_index="13" m_a="0.866845" m_b="0.000000" m_c="0.000000" m_d="1.000000" m_tx="6.023256" m_ty="-50.869598"/>
   <element name="aip_mine_car" layername="wheel_left" frame="1" z_index="15" m_a="0.482189" m_b="0.000000" m_c="0.000000" m_d="0.597908" m_tx="-46.970299" m_ty="49.542698"/>
   <element name="aip_mine_car" layername="wheel_right" frame="1" z_index="14" m_a="0.443617" m_b="0.000000" m_c="0.000000" m_d="0.597908" m_tx="61.029701" m_ty="67.167702"/>
  </frame>
  <frame idx="100" w="389" h="467" x="-77.985977" y="-115.333237">
   <element name="aip_mine_car" layername="body" frame="0" z_index="13" m_a="0.887020" m_b="0.000000" m_c="0.000000" m_d="1.000000" m_tx="6.023256" m_ty="-40.452934"/>
   <element name="aip_mine_car" layername="wheel_left" frame="1" z_index="15" m_a="0.499723" m_b="0.000000" m_c="0.000000" m_d="0.597908" m_tx="-46.970299" m_ty="55.063534"/>
   <element name="aip_mine_car" layername="wheel_right" frame="1" z_index="14" m_a="0.466994" m_b="0.000000" m_c="0.000000" m_d="0.597908" m_tx="61.029701" m_ty="69.563530"/>
  </frame>
  <frame idx="125" w="397" h="455" x="-78.933899" y="-103.916573">
   <element name="aip_mine_car" layername="body" frame="0" z_index="13" m_a="0.907195" m_b="0.000000" m_c="0.000000" m_d="1.000000" m_tx="6.023256" m_ty="-30.036268"/>
   <element name="aip_mine_car" layername="wheel_left" frame="1" z_index="15" m_a="0.517256" m_b="0.000000" m_c="0.000000" m_d="0.597908" m_tx="-46.970299" m_ty="60.584366"/>
   <element name="aip_mine_car" layername="wheel_right" frame="1" z_index="14" m_a="0.490371" m_b="0.000000" m_c="0.000000" m_d="0.597908" m_tx="61.029701" m_ty="71.959366"/>
  </frame>
  <frame idx="150" w="405" h="442" x="-79.381821" y="-92.499901">
   <element name="aip_mine_car" layername="body" frame="0" z_index="13" m_a="0.927370" m_b="0.000000" m_c="0.000000" m_d="1.000000" m_tx="6.023256" m_ty="-19.619600"/>
   <element name="aip_mine_car" layername="wheel_left" frame="1" z_index="15" m_a="0.534789" m_b="0.000000" m_c="0.000000" m_d="0.597908" m_tx="-46.970299" m_ty="66.105202"/>
   <element name="aip_mine_car" layername="wheel_right" frame="1" z_index="14" m_a="0.513749" m_b="0.000000" m_c="0.000000" m_d="0.597908" m_tx="61.029701" m_ty="74.355202"/>
  </frame>
  <frame idx="175" w="412" h="430" x="-79.829742" y="-81.083237">
   <element name="aip_mine_car" layername="body" frame="0" z_index="13" m_a="0.947545" m_b="0.000000" m_c="0.000000" m_d="1.000000" m_tx="6.023256" m_ty="-9.202931"/>
   <element name="aip_mine_car" layername="wheel_left" frame="1" z_index="15" m_a="0.552322" m_b="0.000000" m_c="0.000000" m_d="0.597908" m_tx="-46.970299" m_ty="71.626038"/>
   <element name="aip_mine_car" layername="wheel_right" frame="1" z_index="14" m_a="0.537127" m_b="0.000000" m_c="0.000000" m_d="0.597908" m_tx="61.029701" m_ty="76.751038"/>
  </frame>
  <frame idx="200" w="419" h="418" x="-80.277664" y="-69.666573">
   <element name="aip_mine_car" layername="body" frame="0" z_index="13" m_a="0.967720" m_b="0.000000" m_c="0.000000" m_d="1.000000" m_tx="6.023256" m_ty="1.213731"/>
   <element name="aip_mine_car" layername="wheel_left" frame="1" z_index="15" m_a="0.569855" m_b="0.000000" m_c="0.000000" m_d="0.597908" m_tx="-46.970299" m_ty="77.146866"/>
   <element name="aip_mine_car" layername="wheel_right" frame="1" z_index="14" m_a="0.560504" m_b="0.000000" m_c="0.000000" m_d="0.597908" m_tx="61.029701" m_ty="79.146866"/>
  </frame>
  <frame idx="225" w="427" h="406" x="-81.225586" y="-58.249901">
   <element name="aip_mine_car" layername="body" frame="0" z_index="13" m_a="0.987895" m_b="0.000000" m_c="0.000000" m_d="1.000000" m_tx="6.023256" m_ty="11.630400"/>
   <element name="aip_mine_car" layername="wheel_left" frame="1" z_index="15" m_a="0.587388" m_b="0.000000" m_c="0.000000" m_d="0.597908" m_tx="-46.970299" m_ty="82.667702"/>
   <element name="aip_mine_car" layername="wheel_right" frame="1" z_index="14" m_a="0.583881" m_b="0.000000" m_c="0.000000" m_d="0.597908" m_tx="61.029701" m_ty="81.542702"/>
  </frame>
  <frame idx="250" w="434" h="394" x="-81.652672" y="-50.135826">
   <element name="aip_mine_car" layername="body" frame="0" z_index="13" m_a="1.008731" m_b="0.000000" m_c="0.000000" m_d="0.992176" m_tx="6.023256" m_ty="18.463734"/>
   <element name="aip_mine_car" layername="wheel_left" frame="1" z_index="15" m_a="0.611934" m_b="0.000000" m_c="0.000000" m_d="0.585902" m_tx="-46.970299" m_ty="86.396866"/>
   <element name="aip_mine_car" layername="wheel_right" frame="1" z_index="14" m_a="0.608817" m_b="0.000000" m_c="0.000000" m_d="0.585902" m_tx="61.029701" m_ty="83.396866"/>
  </frame>
  <frame idx="275" w="442" h="384" x="-82.048515" y="-46.975628">
   <element name="aip_mine_car" layername="body" frame="0" z_index="13" m_a="1.030560" m_b="0.000000" m_c="0.000000" m_d="0.972614" m_tx="6.023256" m_ty="19.922066"/>
   <element name="aip_mine_car" layername="wheel_left" frame="1" z_index="15" m_a="0.647000" m_b="0.000000" m_c="0.000000" m_d="0.555886" m_tx="-46.970299" m_ty="87.438538"/>
   <element name="aip_mine_car" layername="wheel_right" frame="1" z_index="14" m_a="0.636091" m_b="0.000000" m_c="0.000000" m_d="0.555886" m_tx="61.029701" m_ty="84.438538"/>
  </frame>
  <frame idx="300" w="451" h="376" x="-82.944359" y="-44.315430">
   <element name="aip_mine_car" layername="body" frame="0" z_index="13" m_a="1.052388" m_b="0.000000" m_c="0.000000" m_d="0.953053" m_tx="6.023256" m_ty="21.380400"/>
   <element name="aip_mine_car" layername="wheel_left" frame="1" z_index="15" m_a="0.682067" m_b="0.000000" m_c="0.000000" m_d="0.525869" m_tx="-46.970299" m_ty="88.480202"/>
   <element name="aip_mine_car" layername="wheel_right" frame="1" z_index="14" m_a="0.663365" m_b="0.000000" m_c="0.000000" m_d="0.525869" m_tx="61.029701" m_ty="85.480202"/>
  </frame>
  <frame idx="325" w="458" h="366" x="-83.340202" y="-41.155235">
   <element name="aip_mine_car" layername="body" frame="0" z_index="13" m_a="1.074217" m_b="0.000000" m_c="0.000000" m_d="0.933492" m_tx="6.023256" m_ty="22.838734"/>
   <element name="aip_mine_car" layername="wheel_left" frame="1" z_index="15" m_a="0.717133" m_b="0.000000" m_c="0.000000" m_d="0.495853" m_tx="-46.970299" m_ty="89.521866"/>
   <element name="aip_mine_car" layername="wheel_right" frame="1" z_index="14" m_a="0.690638" m_b="0.000000" m_c="0.000000" m_d="0.495853" m_tx="61.029701" m_ty="86.521866"/>
  </frame>
  <frame idx="350" w="466" h="357" x="-83.736046" y="-38.495037">
   <element name="aip_mine_car" layername="body" frame="0" z_index="13" m_a="1.096046" m_b="0.000000" m_c="0.000000" m_d="0.913930" m_tx="6.023256" m_ty="24.297066"/>
   <element name="aip_mine_car" layername="wheel_left" frame="1" z_index="15" m_a="0.752199" m_b="0.000000" m_c="0.000000" m_d="0.465837" m_tx="-46.970299" m_ty="90.563538"/>
   <element name="aip_mine_car" layername="wheel_right" frame="1" z_index="14" m_a="0.717912" m_b="0.000000" m_c="0.000000" m_d="0.465837" m_tx="61.029701" m_ty="87.563538"/>
  </frame>
  <frame idx="375" w="465" h="358" x="-83.748337" y="-38.749908">
   <element name="aip_mine_car" layername="body" frame="0" z_index="13" m_a="1.093470" m_b="0.000000" m_c="0.000000" m_d="0.916238" m_tx="6.023256" m_ty="24.125004"/>
   <element name="aip_mine_car" layername="wheel_left" frame="1" z_index="15" m_a="0.748061" m_b="0.000000" m_c="0.000000" m_d="0.469379" m_tx="-46.970299" m_ty="90.440636"/>
   <element name="aip_mine_car" layername="wheel_right" frame="1" z_index="14" m_a="0.714694" m_b="0.000000" m_c="0.000000" m_d="0.469379" m_tx="61.029701" m_ty="87.440636"/>
  </frame>
  <frame idx="400" w="458" h="366" x="-83.338257" y="-41.114826">
   <element name="aip_mine_car" layername="body" frame="0" z_index="13" m_a="1.074625" m_b="0.000000" m_c="0.000000" m_d="0.933126" m_tx="6.023256" m_ty="22.866011"/>
   <element name="aip_mine_car" layername="wheel_left" frame="1" z_index="15" m_a="0.717788" m_b="0.000000" m_c="0.000000" m_d="0.495292" m_tx="-46.970299" m_ty="89.541351"/>
   <element name="aip_mine_car" layername="wheel_right" frame="1" z_index="14" m_a="0.691148" m_b="0.000000" m_c="0.000000" m_d="0.495292" m_tx="61.029701" m_ty="86.541351"/>
  </frame>
  <frame idx="425" w="452" h="374" x="-82.928177" y="-43.979744">
   <element name="aip_mine_car" layername="body" frame="0" z_index="13" m_a="1.055781" m_b="0.000000" m_c="0.000000" m_d="0.950013" m_tx="6.023256" m_ty="21.607019"/>
   <element name="aip_mine_car" layername="wheel_left" frame="1" z_index="15" m_a="0.687516" m_b="0.000000" m_c="0.000000" m_d="0.521205" m_tx="-46.970299" m_ty="88.642075"/>
   <element name="aip_mine_car" layername="wheel_right" frame="1" z_index="14" m_a="0.667603" m_b="0.000000" m_c="0.000000" m_d="0.521205" m_tx="61.029701" m_ty="85.642075"/>
  </frame>
  <frame idx="450" w="445" h="382" x="-82.518097" y="-46.344666">
   <element name="aip_mine_car" layername="body" frame="0" z_index="13" m_a="1.036936" m_b="0.000000" m_c="0.000000" m_d="0.966901" m_tx="6.023256" m_ty="20.348026"/>
   <element name="aip_mine_car" layername="wheel_left" frame="1" z_index="15" m_a="0.657243" m_b="0.000000" m_c="0.000000" m_d="0.547118" m_tx="-46.970299" m_ty="87.742790"/>
   <element name="aip_mine_car" layername="wheel_right" frame="1" z_index="14" m_a="0.644057" m_b="0.000000" m_c="0.000000" m_d="0.547118" m_tx="61.029701" m_ty="84.742790"/>
  </frame>
  <frame idx="475" w="437" h="391" x="-81.608009" y="-49.209579">
   <element name="aip_mine_car" layername="body" frame="0" z_index="13" m_a="1.018091" m_b="0.000000" m_c="0.000000" m_d="0.983788" m_tx="6.023256" m_ty="19.089033"/>
   <element name="aip_mine_car" layername="wheel_left" frame="1" z_index="15" m_a="0.626970" m_b="0.000000" m_c="0.000000" m_d="0.573031" m_tx="-46.970299" m_ty="86.843513"/>
   <element name="aip_mine_car" layername="wheel_right" frame="1" z_index="14" m_a="0.620512" m_b="0.000000" m_c="0.000000" m_d="0.573031" m_tx="61.029701" m_ty="83.843513"/>
  </frame>
 </anim>
 <anim name="running" root="aip_mine_car" numframes="300" framerate="40">
  <frame idx="0" w="431" h="398" x="-81.194336" y="-51.499901">
   <element name="aip_mine_car" layername="body" frame="0" z_index="13" m_a="1.000000" m_b="0.000000" m_c="0.000000" m_d="1.000000" m_tx="6.023256" m_ty="17.880400"/>
   <element name="aip_mine_car" layername="wheel_left" frame="1" z_index="15" m_a="0.597908" m_b="0.000000" m_c="0.000000" m_d="0.597908" m_tx="-46.970299" m_ty="85.980202"/>
   <element name="aip_mine_car" layername="wheel_right" frame="1" z_index="14" m_a="0.597908" m_b="0.000000" m_c="0.000000" m_d="0.597908" m_tx="61.029701" m_ty="82.980202"/>
  </frame>
  <frame idx="25" w="430" h="405" x="-81.594025" y="-52.292229">
   <element name="aip_mine_car" layername="body" frame="0" z_index="13" m_a="0.997354" m_b="0.000000" m_c="0.000000" m_d="1.017437" m_tx="6.023256" m_ty="18.213734"/>
   <element name="aip_mine_car" layername="wheel_left" frame="1" z_index="15" m_a="0.574284" m_b="-0.166408" m_c="0.166408" m_d="0.574284" m_tx="-46.970299" m_ty="85.980202"/>
   <element name="aip_mine_car" layername="wheel_right" frame="1" z_index="14" m_a="0.567484" m_b="-0.188298" m_c="0.188298" m_d="0.567484" m_tx="61.029701" m_ty="82.980202"/>
  </frame>
  <frame idx="50" w="430" h="422" x="-82.102470" y="-63.041187">
   <element name="aip_mine_car" layername="body" frame="0" z_index="13" m_a="0.994708" m_b="0.000000" m_c="0.000000" m_d="1.034875" m_tx="6.023256" m_ty="18.547066"/>
   <element name="aip_mine_car" layername="wheel_left" frame="1" z_index="15" m_a="0.505279" m_b="-0.319667" m_c="0.319667" m_d="0.505279" m_tx="-46.970299" m_ty="85.980202"/>
   <element name="aip_mine_car" layername="wheel_right" frame="1" z_index="14" m_a="0.479307" m_b="-0.357433" m_c="0.357433" m_d="0.479307" m_tx="61.029701" m_ty="82.980202"/>
  </frame>
  <frame idx="75" w="430" h="458" x="-82.679497" y="-90.311279">
   <element name="aip_mine_car" layername="body" frame="0" z_index="13" m_a="0.992062" m_b="0.000000" m_c="0.000000" m_d="1.052312" m_tx="6.023256" m_ty="18.880400"/>
   <element name="aip_mine_car" layername="wheel_left" frame="1" z_index="15" m_a="0.396347" m_b="-0.447664" m_c="0.447664" m_d="0.396347" m_tx="-46.970299" m_ty="85.980202"/>
   <element name="aip_mine_car" layername="wheel_right" frame="1" z_index="14" m_a="0.342352" m_b="-0.490193" m_c="0.490193" m_d="0.342352" m_tx="61.029701" m_ty="82.980202"/>
  </frame>
  <frame idx="100" w="430" h="493" x="-83.279495" y="-117.198807">
   <element name="aip_mine_car" layername="body" frame="0" z_index="13" m_a="0.989416" m_b="0.000000" m_c="0.000000" m_d="1.069750" m_tx="6.023256" m_ty="19.213734"/>
   <element name="aip_mine_car" layername="wheel_left" frame="1" z_index="15" m_a="0.256094" m_b="-0.540287" m_c="0.540287" m_d="0.256094" m_tx="-46.970299" m_ty="85.980202"/>
   <element name="aip_mine_car" layername="wheel_right" frame="1" z_index="14" m_a="0.170556" m_b="-0.573066" m_c="0.573066" m_d="0.170556" m_tx="61.029701" m_ty="82.980202"/>
  </frame>
  <frame idx="125" w="429" h="525" x="-83.855072" y="-141.316162">
   <element name="aip_mine_car" layername="body" frame="0" z_index="13" m_a="0.986770" m_b="0.000000" m_c="0.000000" m_d="1.087188" m_tx="6.023256" m_ty="19.547066"/>
   <element name="aip_mine_car" layername="wheel_left" frame="1" z_index="15" m_a="0.095604" m_b="-0.590215" m_c="0.590215" m_d="0.095604" m_tx="-46.970299" m_ty="85.980202"/>
   <element name="aip_mine_car" layername="wheel_right" frame="1" z_index="14" m_a="-0.018597" m_b="-0.597619" m_c="0.597619" m_d="-0.018597" m_tx="61.029701" m_ty="82.980202"/>
  </frame>
  <frame idx="150" w="429" h="552" x="-84.360725" y="-160.955124">
   <element name="aip_mine_car" layername="body" frame="0" z_index="13" m_a="0.984124" m_b="0.000000" m_c="0.000000" m_d="1.104625" m_tx="6.023256" m_ty="19.880400"/>
   <element name="aip_mine_car" layername="wheel_left" frame="1" z_index="15" m_a="-0.072441" m_b="-0.593503" m_c="0.593503" m_d="-0.072441" m_tx="-46.970299" m_ty="85.980202"/>
   <element name="aip_mine_car" layername="wheel_right" frame="1" z_index="14" m_a="-0.205858" m_b="-0.561352" m_c="0.561352" m_d="-0.205858" m_tx="61.029701" m_ty="82.980202"/>
  </frame>
  <frame idx="175" w="429" h="525" x="-83.851395" y="-141.182587">
   <element name="aip_mine_car" layername="body" frame="0" z_index="13" m_a="0.986788" m_b="0.000000" m_c="0.000000" m_d="1.087070" m_tx="6.023256" m_ty="19.544828"/>
   <element name="aip_mine_car" layername="wheel_left" frame="1" z_index="15" m_a="0.096721" m_b="-0.590033" m_c="0.590033" m_d="0.096721" m_tx="-46.970299" m_ty="85.980202"/>
   <element name="aip_mine_car" layername="wheel_right" frame="1" z_index="14" m_a="-0.017312" m_b="-0.597657" m_c="0.597657" m_d="-0.017312" m_tx="61.029701" m_ty="82.980202"/>
  </frame>
  <frame idx="200" w="430" h="493" x="-83.271500" y="-116.889107">
   <element name="aip_mine_car" layername="body" frame="0" z_index="13" m_a="0.989452" m_b="0.000000" m_c="0.000000" m_d="1.069516" m_tx="6.023256" m_ty="19.209259"/>
   <element name="aip_mine_car" layername="wheel_left" frame="1" z_index="15" m_a="0.258137" m_b="-0.539313" m_c="0.539313" m_d="0.258137" m_tx="-46.970299" m_ty="85.980202"/>
   <element name="aip_mine_car" layername="wheel_right" frame="1" z_index="14" m_a="0.173019" m_b="-0.572327" m_c="0.572327" m_d="0.173019" m_tx="61.029701" m_ty="82.980202"/>
  </frame>
  <frame idx="225" w="430" h="457" x="-82.667496" y="-89.819901">
   <element name="aip_mine_car" layername="body" frame="0" z_index="13" m_a="0.992115" m_b="0.000000" m_c="0.000000" m_d="1.051961" m_tx="6.023256" m_ty="18.873688"/>
   <element name="aip_mine_car" layername="wheel_left" frame="1" z_index="15" m_a="0.398882" m_b="-0.445406" m_c="0.445406" m_d="0.398882" m_tx="-46.970299" m_ty="85.980202"/>
   <element name="aip_mine_car" layername="wheel_right" frame="1" z_index="14" m_a="0.345507" m_b="-0.487974" m_c="0.487974" m_d="0.345507" m_tx="61.029701" m_ty="82.980202"/>
  </frame>
  <frame idx="250" w="430" h="422" x="-82.087730" y="-62.402367">
   <element name="aip_mine_car" layername="body" frame="0" z_index="13" m_a="0.994779" m_b="0.000000" m_c="0.000000" m_d="1.034407" m_tx="6.023256" m_ty="18.538118"/>
   <element name="aip_mine_car" layername="wheel_left" frame="1" z_index="15" m_a="0.507685" m_b="-0.315832" m_c="0.315832" m_d="0.507685" m_tx="-46.970299" m_ty="85.980202"/>
   <element name="aip_mine_car" layername="wheel_right" frame="1" z_index="14" m_a="0.482364" m_b="-0.353298" m_c="0.353298" m_d="0.482364" m_tx="61.029701" m_ty="82.980202"/>
  </frame>
  <frame idx="275" w="430" h="405" x="-81.578644" y="-52.282425">
   <element name="aip_mine_car" layername="body" frame="0" z_index="13" m_a="0.997443" m_b="0.000000" m_c="0.000000" m_d="1.016852" m_tx="6.023256" m_ty="18.202547"/>
   <element name="aip_mine_car" layername="wheel_left" frame="1" z_index="15" m_a="0.575833" m_b="-0.160966" m_c="0.160966" m_d="0.575833" m_tx="-46.970299" m_ty="85.980202"/>
   <element name="aip_mine_car" layername="wheel_right" frame="1" z_index="14" m_a="0.569475" m_b="-0.182186" m_c="0.182186" m_d="0.569475" m_tx="61.029701" m_ty="82.980202"/>
  </frame>
 </anim>
</Anims>
