<Anims>
 <anim name="idle" root="aip_oar_woodead" numframes="2000" framerate="40">
  <frame idx="0" w="199" h="401" x="-6.560368" y="-127.255768">
   <element name="aip_oar_woodead" layername="body" frame="0" z_index="2" m_a="0.716573" m_b="0.000000" m_c="0.000000" m_d="0.716573" m_tx="-71.966263" m_ty="-153.104553"/>
   <element name="aip_oar_woodead" layername="eye" frame="1" z_index="1" m_a="0.478051" m_b="0.281857" m_c="-0.281857" m_d="0.478051" m_tx="15.041819" m_ty="-138.797592"/>
  </frame>
  <frame idx="25" w="199" h="401" x="-6.560368" y="-127.255768">
   <element name="aip_oar_woodead" layername="body" frame="0" z_index="2" m_a="0.716573" m_b="0.000000" m_c="0.000000" m_d="0.716573" m_tx="-71.966263" m_ty="-153.104553"/>
   <element name="aip_oar_woodead" layername="eye" frame="1" z_index="1" m_a="0.478051" m_b="0.281857" m_c="-0.281857" m_d="0.478051" m_tx="15.041819" m_ty="-138.797592"/>
  </frame>
  <frame idx="50" w="199" h="401" x="-6.560368" y="-127.255768">
   <element name="aip_oar_woodead" layername="body" frame="0" z_index="2" m_a="0.716573" m_b="0.000000" m_c="0.000000" m_d="0.716573" m_tx="-71.966263" m_ty="-153.104553"/>
   <element name="aip_oar_woodead" layername="eye" frame="1" z_index="1" m_a="0.478051" m_b="0.281857" m_c="-0.281857" m_d="0.478051" m_tx="15.041819" m_ty="-138.797592"/>
  </frame>
  <frame idx="75" w="199" h="401" x="-6.560368" y="-127.255768">
   <element name="aip_oar_woodead" layername="body" frame="0" z_index="2" m_a="0.716573" m_b="0.000000" m_c="0.000000" m_d="0.716573" m_tx="-71.966263" m_ty="-153.104553"/>
   <element name="aip_oar_woodead" layername="eye" frame="1" z_index="1" m_a="0.478051" m_b="0.281857" m_c="-0.281857" m_d="0.478051" m_tx="15.041819" m_ty="-138.797592"/>
  </frame>
  <frame idx="100" w="199" h="401" x="-6.560368" y="-127.255768">
   <element name="aip_oar_woodead" layername="body" frame="0" z_index="2" m_a="0.716573" m_b="0.000000" m_c="0.000000" m_d="0.716573" m_tx="-71.966263" m_ty="-153.104553"/>
   <element name="aip_oar_woodead" layername="eye" frame="1" z_index="1" m_a="0.478051" m_b="0.281857" m_c="-0.281857" m_d="0.478051" m_tx="15.041819" m_ty="-138.797592"/>
  </frame>
  <frame idx="125" w="199" h="401" x="-6.560368" y="-127.255768">
   <element name="aip_oar_woodead" layername="body" frame="0" z_index="2" m_a="0.716573" m_b="0.000000" m_c="0.000000" m_d="0.716573" m_tx="-71.966263" m_ty="-153.104553"/>
   <element name="aip_oar_woodead" layername="eye" frame="1" z_index="1" m_a="0.478051" m_b="0.281857" m_c="-0.281857" m_d="0.478051" m_tx="15.041819" m_ty="-138.797592"/>
  </frame>
  <frame idx="150" w="199" h="401" x="-6.560368" y="-127.255768">
   <element name="aip_oar_woodead" layername="body" frame="0" z_index="2" m_a="0.716573" m_b="0.000000" m_c="0.000000" m_d="0.716573" m_tx="-71.966263" m_ty="-153.104553"/>
   <element name="aip_oar_woodead" layername="eye" frame="1" z_index="1" m_a="0.478051" m_b="0.281857" m_c="-0.281857" m_d="0.478051" m_tx="15.041819" m_ty="-138.797592"/>
  </frame>
  <frame idx="175" w="199" h="401" x="-6.560368" y="-127.288467">
   <element name="aip_oar_woodead" layername="body" frame="0" z_index="2" m_a="0.716573" m_b="0.000000" m_c="0.000000" m_d="0.716573" m_tx="-71.966263" m_ty="-153.104553"/>
   <element name="aip_oar_woodead" layername="eye" frame="1" z_index="1" m_a="0.478051" m_b="0.281857" m_c="-0.241738" m_d="0.410006" m_tx="13.055131" m_ty="-135.428009"/>
  </frame>
  <frame idx="200" w="199" h="401" x="-6.560368" y="-127.342979">
   <element name="aip_oar_woodead" layername="body" frame="0" z_index="2" m_a="0.716573" m_b="0.000000" m_c="0.000000" m_d="0.716573" m_tx="-71.966263" m_ty="-153.104553"/>
   <element name="aip_oar_woodead" layername="eye" frame="1" z_index="1" m_a="0.478051" m_b="0.281857" m_c="-0.174872" m_d="0.296596" m_tx="9.743985" m_ty="-129.812057"/>
  </frame>
  <frame idx="225" w="199" h="401" x="-6.560368" y="-127.397484">
   <element name="aip_oar_woodead" layername="body" frame="0" z_index="2" m_a="0.716573" m_b="0.000000" m_c="0.000000" m_d="0.716573" m_tx="-71.966263" m_ty="-153.104553"/>
   <element name="aip_oar_woodead" layername="eye" frame="1" z_index="1" m_a="0.478051" m_b="0.281857" m_c="-0.108006" m_d="0.183187" m_tx="6.432838" m_ty="-124.196098"/>
  </frame>
  <frame idx="250" w="199" h="401" x="-6.560368" y="-127.451981">
   <element name="aip_oar_woodead" layername="body" frame="0" z_index="2" m_a="0.716573" m_b="0.000000" m_c="0.000000" m_d="0.716573" m_tx="-71.966263" m_ty="-153.104553"/>
   <element name="aip_oar_woodead" layername="eye" frame="1" z_index="1" m_a="0.478051" m_b="0.281857" m_c="-0.041141" m_d="0.069778" m_tx="3.121691" m_ty="-118.580132"/>
  </frame>
  <frame idx="275" w="199" h="401" x="-6.560368" y="-127.427193">
   <element name="aip_oar_woodead" layername="body" frame="0" z_index="2" m_a="0.716573" m_b="0.000000" m_c="0.000000" m_d="0.716573" m_tx="-71.966263" m_ty="-153.104553"/>
   <element name="aip_oar_woodead" layername="eye" frame="1" z_index="1" m_a="0.478051" m_b="0.281857" m_c="-0.071555" m_d="0.121363" m_tx="4.627790" m_ty="-121.134590"/>
  </frame>
  <frame idx="300" w="199" h="401" x="-6.560368" y="-127.377365">
   <element name="aip_oar_woodead" layername="body" frame="0" z_index="2" m_a="0.716573" m_b="0.000000" m_c="0.000000" m_d="0.716573" m_tx="-71.966263" m_ty="-153.104553"/>
   <element name="aip_oar_woodead" layername="eye" frame="1" z_index="1" m_a="0.478051" m_b="0.281857" m_c="-0.132689" m_d="0.225051" m_tx="7.655124" m_ty="-126.269188"/>
  </frame>
  <frame idx="325" w="199" h="401" x="-6.560368" y="-127.327530">
   <element name="aip_oar_woodead" layername="body" frame="0" z_index="2" m_a="0.716573" m_b="0.000000" m_c="0.000000" m_d="0.716573" m_tx="-71.966263" m_ty="-153.104553"/>
   <element name="aip_oar_woodead" layername="eye" frame="1" z_index="1" m_a="0.478051" m_b="0.281857" m_c="-0.193824" m_d="0.328740" m_tx="10.682458" m_ty="-131.403778"/>
  </frame>
  <frame idx="350" w="199" h="401" x="-6.560368" y="-127.277702">
   <element name="aip_oar_woodead" layername="body" frame="0" z_index="2" m_a="0.716573" m_b="0.000000" m_c="0.000000" m_d="0.716573" m_tx="-71.966263" m_ty="-153.104553"/>
   <element name="aip_oar_woodead" layername="eye" frame="1" z_index="1" m_a="0.478051" m_b="0.281857" m_c="-0.254958" m_d="0.432428" m_tx="13.709793" m_ty="-136.538376"/>
  </frame>
  <frame idx="375" w="199" h="401" x="-6.560368" y="-127.255768">
   <element name="aip_oar_woodead" layername="body" frame="0" z_index="2" m_a="0.716573" m_b="0.000000" m_c="0.000000" m_d="0.716573" m_tx="-71.966263" m_ty="-153.104553"/>
   <element name="aip_oar_woodead" layername="eye" frame="1" z_index="1" m_a="0.478051" m_b="0.281857" m_c="-0.281857" m_d="0.478051" m_tx="15.041819" m_ty="-138.797592"/>
  </frame>
  <frame idx="400" w="199" h="401" x="-6.560368" y="-127.255768">
   <element name="aip_oar_woodead" layername="body" frame="0" z_index="2" m_a="0.716573" m_b="0.000000" m_c="0.000000" m_d="0.716573" m_tx="-71.966263" m_ty="-153.104553"/>
   <element name="aip_oar_woodead" layername="eye" frame="1" z_index="1" m_a="0.478051" m_b="0.281857" m_c="-0.281857" m_d="0.478051" m_tx="15.041819" m_ty="-138.797592"/>
  </frame>
  <frame idx="425" w="199" h="401" x="-6.560368" y="-127.255768">
   <element name="aip_oar_woodead" layername="body" frame="0" z_index="2" m_a="0.716573" m_b="0.000000" m_c="0.000000" m_d="0.716573" m_tx="-71.966263" m_ty="-153.104553"/>
   <element name="aip_oar_woodead" layername="eye" frame="1" z_index="1" m_a="0.478051" m_b="0.281857" m_c="-0.281857" m_d="0.478051" m_tx="15.041819" m_ty="-138.797592"/>
  </frame>
  <frame idx="450" w="199" h="401" x="-6.560368" y="-127.255768">
   <element name="aip_oar_woodead" layername="body" frame="0" z_index="2" m_a="0.716573" m_b="0.000000" m_c="0.000000" m_d="0.716573" m_tx="-71.966263" m_ty="-153.104553"/>
   <element name="aip_oar_woodead" layername="eye" frame="1" z_index="1" m_a="0.478051" m_b="0.281857" m_c="-0.281857" m_d="0.478051" m_tx="15.041819" m_ty="-138.797592"/>
  </frame>
  <frame idx="475" w="199" h="401" x="-6.560368" y="-127.255768">
   <element name="aip_oar_woodead" layername="body" frame="0" z_index="2" m_a="0.716573" m_b="0.000000" m_c="0.000000" m_d="0.716573" m_tx="-71.966263" m_ty="-153.104553"/>
   <element name="aip_oar_woodead" layername="eye" frame="1" z_index="1" m_a="0.478051" m_b="0.281857" m_c="-0.281857" m_d="0.478051" m_tx="15.041819" m_ty="-138.797592"/>
  </frame>
  <frame idx="500" w="199" h="401" x="-6.560368" y="-127.255768">
   <element name="aip_oar_woodead" layername="body" frame="0" z_index="2" m_a="0.716573" m_b="0.000000" m_c="0.000000" m_d="0.716573" m_tx="-71.966263" m_ty="-153.104553"/>
   <element name="aip_oar_woodead" layername="eye" frame="1" z_index="1" m_a="0.478051" m_b="0.281857" m_c="-0.281857" m_d="0.478051" m_tx="15.041819" m_ty="-138.797592"/>
  </frame>
  <frame idx="525" w="199" h="401" x="-6.560368" y="-127.255768">
   <element name="aip_oar_woodead" layername="body" frame="0" z_index="2" m_a="0.716573" m_b="0.000000" m_c="0.000000" m_d="0.716573" m_tx="-71.966263" m_ty="-153.104553"/>
   <element name="aip_oar_woodead" layername="eye" frame="1" z_index="1" m_a="0.478051" m_b="0.281857" m_c="-0.281857" m_d="0.478051" m_tx="15.041819" m_ty="-138.797592"/>
  </frame>
  <frame idx="550" w="199" h="401" x="-6.560368" y="-127.255768">
   <element name="aip_oar_woodead" layername="body" frame="0" z_index="2" m_a="0.716573" m_b="0.000000" m_c="0.000000" m_d="0.716573" m_tx="-71.966263" m_ty="-153.104553"/>
   <element name="aip_oar_woodead" layername="eye" frame="1" z_index="1" m_a="0.478051" m_b="0.281857" m_c="-0.281857" m_d="0.478051" m_tx="15.041819" m_ty="-138.797592"/>
  </frame>
  <frame idx="575" w="199" h="401" x="-6.560368" y="-127.255768">
   <element name="aip_oar_woodead" layername="body" frame="0" z_index="2" m_a="0.716573" m_b="0.000000" m_c="0.000000" m_d="0.716573" m_tx="-71.966263" m_ty="-153.104553"/>
   <element name="aip_oar_woodead" layername="eye" frame="1" z_index="1" m_a="0.478051" m_b="0.281857" m_c="-0.281857" m_d="0.478051" m_tx="15.041819" m_ty="-138.797592"/>
  </frame>
  <frame idx="600" w="199" h="401" x="-6.560368" y="-127.255768">
   <element name="aip_oar_woodead" layername="body" frame="0" z_index="2" m_a="0.716573" m_b="0.000000" m_c="0.000000" m_d="0.716573" m_tx="-71.966263" m_ty="-153.104553"/>
   <element name="aip_oar_woodead" layername="eye" frame="1" z_index="1" m_a="0.478051" m_b="0.281857" m_c="-0.281857" m_d="0.478051" m_tx="15.041819" m_ty="-138.797592"/>
  </frame>
  <frame idx="625" w="199" h="401" x="-6.560368" y="-127.255768">
   <element name="aip_oar_woodead" layername="body" frame="0" z_index="2" m_a="0.716573" m_b="0.000000" m_c="0.000000" m_d="0.716573" m_tx="-71.966263" m_ty="-153.104553"/>
   <element name="aip_oar_woodead" layername="eye" frame="1" z_index="1" m_a="0.478051" m_b="0.281857" m_c="-0.281857" m_d="0.478051" m_tx="15.041819" m_ty="-138.797592"/>
  </frame>
  <frame idx="650" w="199" h="401" x="-6.560368" y="-127.255768">
   <element name="aip_oar_woodead" layername="body" frame="0" z_index="2" m_a="0.716573" m_b="0.000000" m_c="0.000000" m_d="0.716573" m_tx="-71.966263" m_ty="-153.104553"/>
   <element name="aip_oar_woodead" layername="eye" frame="1" z_index="1" m_a="0.478051" m_b="0.281857" m_c="-0.281857" m_d="0.478051" m_tx="15.041819" m_ty="-138.797592"/>
  </frame>
  <frame idx="675" w="199" h="401" x="-6.560368" y="-127.255768">
   <element name="aip_oar_woodead" layername="body" frame="0" z_index="2" m_a="0.716573" m_b="0.000000" m_c="0.000000" m_d="0.716573" m_tx="-71.966263" m_ty="-153.104553"/>
   <element name="aip_oar_woodead" layername="eye" frame="1" z_index="1" m_a="0.478051" m_b="0.281857" m_c="-0.281857" m_d="0.478051" m_tx="15.041819" m_ty="-138.797592"/>
  </frame>
  <frame idx="700" w="199" h="401" x="-6.560368" y="-127.255768">
   <element name="aip_oar_woodead" layername="body" frame="0" z_index="2" m_a="0.716573" m_b="0.000000" m_c="0.000000" m_d="0.716573" m_tx="-71.966263" m_ty="-153.104553"/>
   <element name="aip_oar_woodead" layername="eye" frame="1" z_index="1" m_a="0.478051" m_b="0.281857" m_c="-0.281857" m_d="0.478051" m_tx="15.041819" m_ty="-138.797592"/>
  </frame>
  <frame idx="725" w="199" h="401" x="-6.560368" y="-127.255768">
   <element name="aip_oar_woodead" layername="body" frame="0" z_index="2" m_a="0.716573" m_b="0.000000" m_c="0.000000" m_d="0.716573" m_tx="-71.966263" m_ty="-153.104553"/>
   <element name="aip_oar_woodead" layername="eye" frame="1" z_index="1" m_a="0.478051" m_b="0.281857" m_c="-0.281857" m_d="0.478051" m_tx="15.041819" m_ty="-138.797592"/>
  </frame>
  <frame idx="750" w="199" h="401" x="-6.560368" y="-127.255768">
   <element name="aip_oar_woodead" layername="body" frame="0" z_index="2" m_a="0.716573" m_b="0.000000" m_c="0.000000" m_d="0.716573" m_tx="-71.966263" m_ty="-153.104553"/>
   <element name="aip_oar_woodead" layername="eye" frame="1" z_index="1" m_a="0.478051" m_b="0.281857" m_c="-0.281857" m_d="0.478051" m_tx="15.041819" m_ty="-138.797592"/>
  </frame>
  <frame idx="775" w="199" h="401" x="-6.560368" y="-127.255768">
   <element name="aip_oar_woodead" layername="body" frame="0" z_index="2" m_a="0.716573" m_b="0.000000" m_c="0.000000" m_d="0.716573" m_tx="-71.966263" m_ty="-153.104553"/>
   <element name="aip_oar_woodead" layername="eye" frame="1" z_index="1" m_a="0.478051" m_b="0.281857" m_c="-0.281857" m_d="0.478051" m_tx="15.041819" m_ty="-138.797592"/>
  </frame>
  <frame idx="800" w="199" h="401" x="-6.560368" y="-127.255768">
   <element name="aip_oar_woodead" layername="body" frame="0" z_index="2" m_a="0.716573" m_b="0.000000" m_c="0.000000" m_d="0.716573" m_tx="-71.966263" m_ty="-153.104553"/>
   <element name="aip_oar_woodead" layername="eye" frame="1" z_index="1" m_a="0.478051" m_b="0.281857" m_c="-0.281857" m_d="0.478051" m_tx="15.041819" m_ty="-138.797592"/>
  </frame>
  <frame idx="825" w="199" h="401" x="-6.560368" y="-127.255768">
   <element name="aip_oar_woodead" layername="body" frame="0" z_index="2" m_a="0.716573" m_b="0.000000" m_c="0.000000" m_d="0.716573" m_tx="-71.966263" m_ty="-153.104553"/>
   <element name="aip_oar_woodead" layername="eye" frame="1" z_index="1" m_a="0.478051" m_b="0.281857" m_c="-0.281857" m_d="0.478051" m_tx="15.041819" m_ty="-138.797592"/>
  </frame>
  <frame idx="850" w="199" h="401" x="-6.560368" y="-127.255768">
   <element name="aip_oar_woodead" layername="body" frame="0" z_index="2" m_a="0.716573" m_b="0.000000" m_c="0.000000" m_d="0.716573" m_tx="-71.966263" m_ty="-153.104553"/>
   <element name="aip_oar_woodead" layername="eye" frame="1" z_index="1" m_a="0.478051" m_b="0.281857" m_c="-0.281857" m_d="0.478051" m_tx="15.041819" m_ty="-138.797592"/>
  </frame>
  <frame idx="875" w="199" h="401" x="-6.560368" y="-127.255768">
   <element name="aip_oar_woodead" layername="body" frame="0" z_index="2" m_a="0.716573" m_b="0.000000" m_c="0.000000" m_d="0.716573" m_tx="-71.966263" m_ty="-153.104553"/>
   <element name="aip_oar_woodead" layername="eye" frame="1" z_index="1" m_a="0.478051" m_b="0.281857" m_c="-0.281857" m_d="0.478051" m_tx="15.041819" m_ty="-138.797592"/>
  </frame>
  <frame idx="900" w="199" h="401" x="-6.560368" y="-127.255768">
   <element name="aip_oar_woodead" layername="body" frame="0" z_index="2" m_a="0.716573" m_b="0.000000" m_c="0.000000" m_d="0.716573" m_tx="-71.966263" m_ty="-153.104553"/>
   <element name="aip_oar_woodead" layername="eye" frame="1" z_index="1" m_a="0.478051" m_b="0.281857" m_c="-0.281857" m_d="0.478051" m_tx="15.041819" m_ty="-138.797592"/>
  </frame>
  <frame idx="925" w="199" h="401" x="-6.560368" y="-127.255768">
   <element name="aip_oar_woodead" layername="body" frame="0" z_index="2" m_a="0.716573" m_b="0.000000" m_c="0.000000" m_d="0.716573" m_tx="-71.966263" m_ty="-153.104553"/>
   <element name="aip_oar_woodead" layername="eye" frame="1" z_index="1" m_a="0.478051" m_b="0.281857" m_c="-0.281857" m_d="0.478051" m_tx="15.041819" m_ty="-138.797592"/>
  </frame>
  <frame idx="950" w="199" h="401" x="-6.560368" y="-127.255768">
   <element name="aip_oar_woodead" layername="body" frame="0" z_index="2" m_a="0.716573" m_b="0.000000" m_c="0.000000" m_d="0.716573" m_tx="-71.966263" m_ty="-153.104553"/>
   <element name="aip_oar_woodead" layername="eye" frame="1" z_index="1" m_a="0.478051" m_b="0.281857" m_c="-0.281857" m_d="0.478051" m_tx="15.041819" m_ty="-138.797592"/>
  </frame>
  <frame idx="975" w="199" h="401" x="-6.560368" y="-127.255768">
   <element name="aip_oar_woodead" layername="body" frame="0" z_index="2" m_a="0.716573" m_b="0.000000" m_c="0.000000" m_d="0.716573" m_tx="-71.966263" m_ty="-153.104553"/>
   <element name="aip_oar_woodead" layername="eye" frame="1" z_index="1" m_a="0.478051" m_b="0.281857" m_c="-0.281857" m_d="0.478051" m_tx="15.041819" m_ty="-138.797592"/>
  </frame>
  <frame idx="1000" w="199" h="401" x="-6.560368" y="-127.255768">
   <element name="aip_oar_woodead" layername="body" frame="0" z_index="2" m_a="0.716573" m_b="0.000000" m_c="0.000000" m_d="0.716573" m_tx="-71.966263" m_ty="-153.104553"/>
   <element name="aip_oar_woodead" layername="eye" frame="1" z_index="1" m_a="0.478051" m_b="0.281857" m_c="-0.281857" m_d="0.478051" m_tx="15.041819" m_ty="-138.797592"/>
  </frame>
  <frame idx="1025" w="199" h="401" x="-6.560368" y="-127.255768">
   <element name="aip_oar_woodead" layername="body" frame="0" z_index="2" m_a="0.716573" m_b="0.000000" m_c="0.000000" m_d="0.716573" m_tx="-71.966263" m_ty="-153.104553"/>
   <element name="aip_oar_woodead" layername="eye" frame="1" z_index="1" m_a="0.478051" m_b="0.281857" m_c="-0.281857" m_d="0.478051" m_tx="15.041819" m_ty="-138.797592"/>
  </frame>
  <frame idx="1050" w="199" h="401" x="-6.560368" y="-127.255768">
   <element name="aip_oar_woodead" layername="body" frame="0" z_index="2" m_a="0.716573" m_b="0.000000" m_c="0.000000" m_d="0.716573" m_tx="-71.966263" m_ty="-153.104553"/>
   <element name="aip_oar_woodead" layername="eye" frame="1" z_index="1" m_a="0.478051" m_b="0.281857" m_c="-0.281857" m_d="0.478051" m_tx="15.041819" m_ty="-138.797592"/>
  </frame>
  <frame idx="1075" w="199" h="401" x="-6.560368" y="-127.255768">
   <element name="aip_oar_woodead" layername="body" frame="0" z_index="2" m_a="0.716573" m_b="0.000000" m_c="0.000000" m_d="0.716573" m_tx="-71.966263" m_ty="-153.104553"/>
   <element name="aip_oar_woodead" layername="eye" frame="1" z_index="1" m_a="0.478051" m_b="0.281857" m_c="-0.281857" m_d="0.478051" m_tx="15.041819" m_ty="-138.797592"/>
  </frame>
  <frame idx="1100" w="199" h="401" x="-6.560368" y="-127.255768">
   <element name="aip_oar_woodead" layername="body" frame="0" z_index="2" m_a="0.716573" m_b="0.000000" m_c="0.000000" m_d="0.716573" m_tx="-71.966263" m_ty="-153.104553"/>
   <element name="aip_oar_woodead" layername="eye" frame="1" z_index="1" m_a="0.478051" m_b="0.281857" m_c="-0.281857" m_d="0.478051" m_tx="15.041819" m_ty="-138.797592"/>
  </frame>
  <frame idx="1125" w="199" h="401" x="-6.560368" y="-127.255768">
   <element name="aip_oar_woodead" layername="body" frame="0" z_index="2" m_a="0.716573" m_b="0.000000" m_c="0.000000" m_d="0.716573" m_tx="-71.966263" m_ty="-153.104553"/>
   <element name="aip_oar_woodead" layername="eye" frame="1" z_index="1" m_a="0.478051" m_b="0.281857" m_c="-0.281857" m_d="0.478051" m_tx="15.041819" m_ty="-138.797592"/>
  </frame>
  <frame idx="1150" w="199" h="401" x="-6.560368" y="-127.255768">
   <element name="aip_oar_woodead" layername="body" frame="0" z_index="2" m_a="0.716573" m_b="0.000000" m_c="0.000000" m_d="0.716573" m_tx="-71.966263" m_ty="-153.104553"/>
   <element name="aip_oar_woodead" layername="eye" frame="1" z_index="1" m_a="0.478051" m_b="0.281857" m_c="-0.281857" m_d="0.478051" m_tx="15.041819" m_ty="-138.797592"/>
  </frame>
  <frame idx="1175" w="199" h="401" x="-6.560368" y="-127.255768">
   <element name="aip_oar_woodead" layername="body" frame="0" z_index="2" m_a="0.716573" m_b="0.000000" m_c="0.000000" m_d="0.716573" m_tx="-71.966263" m_ty="-153.104553"/>
   <element name="aip_oar_woodead" layername="eye" frame="1" z_index="1" m_a="0.478051" m_b="0.281857" m_c="-0.281857" m_d="0.478051" m_tx="15.041819" m_ty="-138.797592"/>
  </frame>
  <frame idx="1200" w="199" h="401" x="-6.560368" y="-127.255768">
   <element name="aip_oar_woodead" layername="body" frame="0" z_index="2" m_a="0.716573" m_b="0.000000" m_c="0.000000" m_d="0.716573" m_tx="-71.966263" m_ty="-153.104553"/>
   <element name="aip_oar_woodead" layername="eye" frame="1" z_index="1" m_a="0.478051" m_b="0.281857" m_c="-0.281857" m_d="0.478051" m_tx="15.041819" m_ty="-138.797592"/>
  </frame>
  <frame idx="1225" w="199" h="401" x="-6.560368" y="-127.255768">
   <element name="aip_oar_woodead" layername="body" frame="0" z_index="2" m_a="0.716573" m_b="0.000000" m_c="0.000000" m_d="0.716573" m_tx="-71.966263" m_ty="-153.104553"/>
   <element name="aip_oar_woodead" layername="eye" frame="1" z_index="1" m_a="0.478051" m_b="0.281857" m_c="-0.281857" m_d="0.478051" m_tx="15.041819" m_ty="-138.797592"/>
  </frame>
  <frame idx="1250" w="199" h="401" x="-6.560368" y="-127.255768">
   <element name="aip_oar_woodead" layername="body" frame="0" z_index="2" m_a="0.716573" m_b="0.000000" m_c="0.000000" m_d="0.716573" m_tx="-71.966263" m_ty="-153.104553"/>
   <element name="aip_oar_woodead" layername="eye" frame="1" z_index="1" m_a="0.478051" m_b="0.281857" m_c="-0.281857" m_d="0.478051" m_tx="15.041819" m_ty="-138.797592"/>
  </frame>
  <frame idx="1275" w="199" h="401" x="-6.560368" y="-127.255768">
   <element name="aip_oar_woodead" layername="body" frame="0" z_index="2" m_a="0.716573" m_b="0.000000" m_c="0.000000" m_d="0.716573" m_tx="-71.966263" m_ty="-153.104553"/>
   <element name="aip_oar_woodead" layername="eye" frame="1" z_index="1" m_a="0.478051" m_b="0.281857" m_c="-0.281857" m_d="0.478051" m_tx="15.041819" m_ty="-138.797592"/>
  </frame>
  <frame idx="1300" w="199" h="401" x="-6.560368" y="-127.255768">
   <element name="aip_oar_woodead" layername="body" frame="0" z_index="2" m_a="0.716573" m_b="0.000000" m_c="0.000000" m_d="0.716573" m_tx="-71.966263" m_ty="-153.104553"/>
   <element name="aip_oar_woodead" layername="eye" frame="1" z_index="1" m_a="0.478051" m_b="0.281857" m_c="-0.281857" m_d="0.478051" m_tx="15.041819" m_ty="-138.797592"/>
  </frame>
  <frame idx="1325" w="199" h="401" x="-6.560368" y="-127.255768">
   <element name="aip_oar_woodead" layername="body" frame="0" z_index="2" m_a="0.716573" m_b="0.000000" m_c="0.000000" m_d="0.716573" m_tx="-71.966263" m_ty="-153.104553"/>
   <element name="aip_oar_woodead" layername="eye" frame="1" z_index="1" m_a="0.478051" m_b="0.281857" m_c="-0.281857" m_d="0.478051" m_tx="15.041819" m_ty="-138.797592"/>
  </frame>
  <frame idx="1350" w="199" h="401" x="-6.560368" y="-127.255768">
   <element name="aip_oar_woodead" layername="body" frame="0" z_index="2" m_a="0.716573" m_b="0.000000" m_c="0.000000" m_d="0.716573" m_tx="-71.966263" m_ty="-153.104553"/>
   <element name="aip_oar_woodead" layername="eye" frame="1" z_index="1" m_a="0.478051" m_b="0.281857" m_c="-0.281857" m_d="0.478051" m_tx="15.041819" m_ty="-138.797592"/>
  </frame>
  <frame idx="1375" w="199" h="401" x="-6.560368" y="-127.255768">
   <element name="aip_oar_woodead" layername="body" frame="0" z_index="2" m_a="0.716573" m_b="0.000000" m_c="0.000000" m_d="0.716573" m_tx="-71.966263" m_ty="-153.104553"/>
   <element name="aip_oar_woodead" layername="eye" frame="1" z_index="1" m_a="0.478051" m_b="0.281857" m_c="-0.281857" m_d="0.478051" m_tx="15.041819" m_ty="-138.797592"/>
  </frame>
  <frame idx="1400" w="199" h="401" x="-6.560368" y="-127.255768">
   <element name="aip_oar_woodead" layername="body" frame="0" z_index="2" m_a="0.716573" m_b="0.000000" m_c="0.000000" m_d="0.716573" m_tx="-71.966263" m_ty="-153.104553"/>
   <element name="aip_oar_woodead" layername="eye" frame="1" z_index="1" m_a="0.478051" m_b="0.281857" m_c="-0.281857" m_d="0.478051" m_tx="15.041819" m_ty="-138.797592"/>
  </frame>
  <frame idx="1425" w="199" h="401" x="-6.560368" y="-127.255768">
   <element name="aip_oar_woodead" layername="body" frame="0" z_index="2" m_a="0.716573" m_b="0.000000" m_c="0.000000" m_d="0.716573" m_tx="-71.966263" m_ty="-153.104553"/>
   <element name="aip_oar_woodead" layername="eye" frame="1" z_index="1" m_a="0.478051" m_b="0.281857" m_c="-0.281857" m_d="0.478051" m_tx="15.041819" m_ty="-138.797592"/>
  </frame>
  <frame idx="1450" w="199" h="401" x="-6.560368" y="-127.255768">
   <element name="aip_oar_woodead" layername="body" frame="0" z_index="2" m_a="0.716573" m_b="0.000000" m_c="0.000000" m_d="0.716573" m_tx="-71.966263" m_ty="-153.104553"/>
   <element name="aip_oar_woodead" layername="eye" frame="1" z_index="1" m_a="0.478051" m_b="0.281857" m_c="-0.281857" m_d="0.478051" m_tx="15.041819" m_ty="-138.797592"/>
  </frame>
  <frame idx="1475" w="199" h="401" x="-6.560368" y="-127.255768">
   <element name="aip_oar_woodead" layername="body" frame="0" z_index="2" m_a="0.716573" m_b="0.000000" m_c="0.000000" m_d="0.716573" m_tx="-71.966263" m_ty="-153.104553"/>
   <element name="aip_oar_woodead" layername="eye" frame="1" z_index="1" m_a="0.478051" m_b="0.281857" m_c="-0.281857" m_d="0.478051" m_tx="15.041819" m_ty="-138.797592"/>
  </frame>
  <frame idx="1500" w="199" h="401" x="-6.560368" y="-127.255768">
   <element name="aip_oar_woodead" layername="body" frame="0" z_index="2" m_a="0.716573" m_b="0.000000" m_c="0.000000" m_d="0.716573" m_tx="-71.966263" m_ty="-153.104553"/>
   <element name="aip_oar_woodead" layername="eye" frame="1" z_index="1" m_a="0.478051" m_b="0.281857" m_c="-0.281857" m_d="0.478051" m_tx="15.041819" m_ty="-138.797592"/>
  </frame>
  <frame idx="1525" w="199" h="401" x="-6.560368" y="-127.255768">
   <element name="aip_oar_woodead" layername="body" frame="0" z_index="2" m_a="0.716573" m_b="0.000000" m_c="0.000000" m_d="0.716573" m_tx="-71.966263" m_ty="-153.104553"/>
   <element name="aip_oar_woodead" layername="eye" frame="1" z_index="1" m_a="0.478051" m_b="0.281857" m_c="-0.281857" m_d="0.478051" m_tx="15.041819" m_ty="-138.797592"/>
  </frame>
  <frame idx="1550" w="199" h="401" x="-6.560368" y="-127.255768">
   <element name="aip_oar_woodead" layername="body" frame="0" z_index="2" m_a="0.716573" m_b="0.000000" m_c="0.000000" m_d="0.716573" m_tx="-71.966263" m_ty="-153.104553"/>
   <element name="aip_oar_woodead" layername="eye" frame="1" z_index="1" m_a="0.478051" m_b="0.281857" m_c="-0.281857" m_d="0.478051" m_tx="15.041819" m_ty="-138.797592"/>
  </frame>
  <frame idx="1575" w="199" h="401" x="-6.560368" y="-127.255768">
   <element name="aip_oar_woodead" layername="body" frame="0" z_index="2" m_a="0.716573" m_b="0.000000" m_c="0.000000" m_d="0.716573" m_tx="-71.966263" m_ty="-153.104553"/>
   <element name="aip_oar_woodead" layername="eye" frame="1" z_index="1" m_a="0.478051" m_b="0.281857" m_c="-0.281857" m_d="0.478051" m_tx="15.041819" m_ty="-138.797592"/>
  </frame>
  <frame idx="1600" w="199" h="401" x="-6.560368" y="-127.255768">
   <element name="aip_oar_woodead" layername="body" frame="0" z_index="2" m_a="0.716573" m_b="0.000000" m_c="0.000000" m_d="0.716573" m_tx="-71.966263" m_ty="-153.104553"/>
   <element name="aip_oar_woodead" layername="eye" frame="1" z_index="1" m_a="0.478051" m_b="0.281857" m_c="-0.281857" m_d="0.478051" m_tx="15.041819" m_ty="-138.797592"/>
  </frame>
  <frame idx="1625" w="199" h="401" x="-6.560368" y="-127.255768">
   <element name="aip_oar_woodead" layername="body" frame="0" z_index="2" m_a="0.716573" m_b="0.000000" m_c="0.000000" m_d="0.716573" m_tx="-71.966263" m_ty="-153.104553"/>
   <element name="aip_oar_woodead" layername="eye" frame="1" z_index="1" m_a="0.478051" m_b="0.281857" m_c="-0.281857" m_d="0.478051" m_tx="15.041819" m_ty="-138.797592"/>
  </frame>
  <frame idx="1650" w="199" h="401" x="-6.560368" y="-127.255768">
   <element name="aip_oar_woodead" layername="body" frame="0" z_index="2" m_a="0.716573" m_b="0.000000" m_c="0.000000" m_d="0.716573" m_tx="-71.966263" m_ty="-153.104553"/>
   <element name="aip_oar_woodead" layername="eye" frame="1" z_index="1" m_a="0.478051" m_b="0.281857" m_c="-0.281857" m_d="0.478051" m_tx="15.041819" m_ty="-138.797592"/>
  </frame>
  <frame idx="1675" w="199" h="401" x="-6.560368" y="-127.255768">
   <element name="aip_oar_woodead" layername="body" frame="0" z_index="2" m_a="0.716573" m_b="0.000000" m_c="0.000000" m_d="0.716573" m_tx="-71.966263" m_ty="-153.104553"/>
   <element name="aip_oar_woodead" layername="eye" frame="1" z_index="1" m_a="0.478051" m_b="0.281857" m_c="-0.281857" m_d="0.478051" m_tx="15.041819" m_ty="-138.797592"/>
  </frame>
  <frame idx="1700" w="199" h="401" x="-6.560368" y="-127.255768">
   <element name="aip_oar_woodead" layername="body" frame="0" z_index="2" m_a="0.716573" m_b="0.000000" m_c="0.000000" m_d="0.716573" m_tx="-71.966263" m_ty="-153.104553"/>
   <element name="aip_oar_woodead" layername="eye" frame="1" z_index="1" m_a="0.478051" m_b="0.281857" m_c="-0.281857" m_d="0.478051" m_tx="15.041819" m_ty="-138.797592"/>
  </frame>
  <frame idx="1725" w="199" h="401" x="-6.560368" y="-127.255768">
   <element name="aip_oar_woodead" layername="body" frame="0" z_index="2" m_a="0.716573" m_b="0.000000" m_c="0.000000" m_d="0.716573" m_tx="-71.966263" m_ty="-153.104553"/>
   <element name="aip_oar_woodead" layername="eye" frame="1" z_index="1" m_a="0.478051" m_b="0.281857" m_c="-0.281857" m_d="0.478051" m_tx="15.041819" m_ty="-138.797592"/>
  </frame>
  <frame idx="1750" w="199" h="401" x="-6.560368" y="-127.255768">
   <element name="aip_oar_woodead" layername="body" frame="0" z_index="2" m_a="0.716573" m_b="0.000000" m_c="0.000000" m_d="0.716573" m_tx="-71.966263" m_ty="-153.104553"/>
   <element name="aip_oar_woodead" layername="eye" frame="1" z_index="1" m_a="0.478051" m_b="0.281857" m_c="-0.281857" m_d="0.478051" m_tx="15.041819" m_ty="-138.797592"/>
  </frame>
  <frame idx="1775" w="199" h="401" x="-6.560368" y="-127.255768">
   <element name="aip_oar_woodead" layername="body" frame="0" z_index="2" m_a="0.716573" m_b="0.000000" m_c="0.000000" m_d="0.716573" m_tx="-71.966263" m_ty="-153.104553"/>
   <element name="aip_oar_woodead" layername="eye" frame="1" z_index="1" m_a="0.478051" m_b="0.281857" m_c="-0.281857" m_d="0.478051" m_tx="15.041819" m_ty="-138.797592"/>
  </frame>
  <frame idx="1800" w="199" h="401" x="-6.560368" y="-127.255768">
   <element name="aip_oar_woodead" layername="body" frame="0" z_index="2" m_a="0.716573" m_b="0.000000" m_c="0.000000" m_d="0.716573" m_tx="-71.966263" m_ty="-153.104553"/>
   <element name="aip_oar_woodead" layername="eye" frame="1" z_index="1" m_a="0.478051" m_b="0.281857" m_c="-0.281857" m_d="0.478051" m_tx="15.041819" m_ty="-138.797592"/>
  </frame>
  <frame idx="1825" w="199" h="401" x="-6.560368" y="-127.255768">
   <element name="aip_oar_woodead" layername="body" frame="0" z_index="2" m_a="0.716573" m_b="0.000000" m_c="0.000000" m_d="0.716573" m_tx="-71.966263" m_ty="-153.104553"/>
   <element name="aip_oar_woodead" layername="eye" frame="1" z_index="1" m_a="0.478051" m_b="0.281857" m_c="-0.281857" m_d="0.478051" m_tx="15.041819" m_ty="-138.797592"/>
  </frame>
  <frame idx="1850" w="199" h="401" x="-6.560368" y="-127.255768">
   <element name="aip_oar_woodead" layername="body" frame="0" z_index="2" m_a="0.716573" m_b="0.000000" m_c="0.000000" m_d="0.716573" m_tx="-71.966263" m_ty="-153.104553"/>
   <element name="aip_oar_woodead" layername="eye" frame="1" z_index="1" m_a="0.478051" m_b="0.281857" m_c="-0.281857" m_d="0.478051" m_tx="15.041819" m_ty="-138.797592"/>
  </frame>
  <frame idx="1875" w="199" h="401" x="-6.560368" y="-127.255768">
   <element name="aip_oar_woodead" layername="body" frame="0" z_index="2" m_a="0.716573" m_b="0.000000" m_c="0.000000" m_d="0.716573" m_tx="-71.966263" m_ty="-153.104553"/>
   <element name="aip_oar_woodead" layername="eye" frame="1" z_index="1" m_a="0.478051" m_b="0.281857" m_c="-0.281857" m_d="0.478051" m_tx="15.041819" m_ty="-138.797592"/>
  </frame>
  <frame idx="1900" w="199" h="401" x="-6.560368" y="-127.255768">
   <element name="aip_oar_woodead" layername="body" frame="0" z_index="2" m_a="0.716573" m_b="0.000000" m_c="0.000000" m_d="0.716573" m_tx="-71.966263" m_ty="-153.104553"/>
   <element name="aip_oar_woodead" layername="eye" frame="1" z_index="1" m_a="0.478051" m_b="0.281857" m_c="-0.281857" m_d="0.478051" m_tx="15.041819" m_ty="-138.797592"/>
  </frame>
  <frame idx="1925" w="199" h="401" x="-6.560368" y="-127.255768">
   <element name="aip_oar_woodead" layername="body" frame="0" z_index="2" m_a="0.716573" m_b="0.000000" m_c="0.000000" m_d="0.716573" m_tx="-71.966263" m_ty="-153.104553"/>
   <element name="aip_oar_woodead" layername="eye" frame="1" z_index="1" m_a="0.478051" m_b="0.281857" m_c="-0.281857" m_d="0.478051" m_tx="15.041819" m_ty="-138.797592"/>
  </frame>
  <frame idx="1950" w="199" h="401" x="-6.560368" y="-127.255768">
   <element name="aip_oar_woodead" layername="body" frame="0" z_index="2" m_a="0.716573" m_b="0.000000" m_c="0.000000" m_d="0.716573" m_tx="-71.966263" m_ty="-153.104553"/>
   <element name="aip_oar_woodead" layername="eye" frame="1" z_index="1" m_a="0.478051" m_b="0.281857" m_c="-0.281857" m_d="0.478051" m_tx="15.041819" m_ty="-138.797592"/>
  </frame>
  <frame idx="1975" w="199" h="401" x="-6.560368" y="-127.255768">
   <element name="aip_oar_woodead" layername="body" frame="0" z_index="2" m_a="0.716573" m_b="0.000000" m_c="0.000000" m_d="0.716573" m_tx="-71.966263" m_ty="-153.104553"/>
   <element name="aip_oar_woodead" layername="eye" frame="1" z_index="1" m_a="0.478051" m_b="0.281857" m_c="-0.281857" m_d="0.478051" m_tx="15.041819" m_ty="-138.797592"/>
  </frame>
 </anim>
</Anims>
