<Anims>
 <anim name="idle" root="aip_woodener" numframes="1000" framerate="40">
  <frame idx="0" w="686" h="970" x="-52.075485" y="-313.171814">
   <element name="aip_woodener" layername="woodener" frame="0" z_index="4" m_a="0.570278" m_b="0.000000" m_c="0.000000" m_d="0.570278" m_tx="2.003421" m_ty="-1.230941"/>
  </frame>
  <frame idx="25" w="686" h="970" x="-52.075485" y="-313.171814">
   <element name="aip_woodener" layername="woodener" frame="0" z_index="4" m_a="0.570278" m_b="0.000000" m_c="0.000000" m_d="0.570278" m_tx="2.003421" m_ty="-1.230941"/>
  </frame>
  <frame idx="50" w="686" h="970" x="-52.075485" y="-313.171814">
   <element name="aip_woodener" layername="woodener" frame="0" z_index="4" m_a="0.570278" m_b="0.000000" m_c="0.000000" m_d="0.570278" m_tx="2.003421" m_ty="-1.230941"/>
  </frame>
  <frame idx="75" w="686" h="970" x="-52.075485" y="-313.171814">
   <element name="aip_woodener" layername="woodener" frame="0" z_index="4" m_a="0.570278" m_b="0.000000" m_c="0.000000" m_d="0.570278" m_tx="2.003421" m_ty="-1.230941"/>
  </frame>
  <frame idx="100" w="686" h="970" x="-52.075485" y="-313.171814">
   <element name="aip_woodener" layername="woodener" frame="0" z_index="4" m_a="0.570278" m_b="0.000000" m_c="0.000000" m_d="0.570278" m_tx="2.003421" m_ty="-1.230941"/>
  </frame>
  <frame idx="125" w="686" h="970" x="-52.075485" y="-313.171814">
   <element name="aip_woodener" layername="woodener" frame="0" z_index="4" m_a="0.570278" m_b="0.000000" m_c="0.000000" m_d="0.570278" m_tx="2.003421" m_ty="-1.230941"/>
  </frame>
  <frame idx="150" w="686" h="970" x="-52.075485" y="-313.171814">
   <element name="aip_woodener" layername="woodener" frame="0" z_index="4" m_a="0.570278" m_b="0.000000" m_c="0.000000" m_d="0.570278" m_tx="2.003421" m_ty="-1.230941"/>
  </frame>
  <frame idx="175" w="686" h="970" x="-52.075485" y="-313.171814">
   <element name="aip_woodener" layername="woodener" frame="0" z_index="4" m_a="0.570278" m_b="0.000000" m_c="0.000000" m_d="0.570278" m_tx="2.003421" m_ty="-1.230941"/>
  </frame>
  <frame idx="200" w="686" h="970" x="-52.075485" y="-313.171814">
   <element name="aip_woodener" layername="woodener" frame="0" z_index="4" m_a="0.570278" m_b="0.000000" m_c="0.000000" m_d="0.570278" m_tx="2.003421" m_ty="-1.230941"/>
  </frame>
  <frame idx="225" w="686" h="970" x="-52.075485" y="-313.171814">
   <element name="aip_woodener" layername="woodener" frame="0" z_index="4" m_a="0.570278" m_b="0.000000" m_c="0.000000" m_d="0.570278" m_tx="2.003421" m_ty="-1.230941"/>
  </frame>
  <frame idx="250" w="686" h="970" x="-52.075485" y="-313.171814">
   <element name="aip_woodener" layername="woodener" frame="0" z_index="4" m_a="0.570278" m_b="0.000000" m_c="0.000000" m_d="0.570278" m_tx="2.003421" m_ty="-1.230941"/>
  </frame>
  <frame idx="275" w="686" h="970" x="-52.075485" y="-313.171814">
   <element name="aip_woodener" layername="woodener" frame="0" z_index="4" m_a="0.570278" m_b="0.000000" m_c="0.000000" m_d="0.570278" m_tx="2.003421" m_ty="-1.230941"/>
  </frame>
  <frame idx="300" w="686" h="970" x="-52.075485" y="-313.171814">
   <element name="aip_woodener" layername="woodener" frame="0" z_index="4" m_a="0.570278" m_b="0.000000" m_c="0.000000" m_d="0.570278" m_tx="2.003421" m_ty="-1.230941"/>
  </frame>
  <frame idx="325" w="686" h="970" x="-52.075485" y="-313.171814">
   <element name="aip_woodener" layername="woodener" frame="0" z_index="4" m_a="0.570278" m_b="0.000000" m_c="0.000000" m_d="0.570278" m_tx="2.003421" m_ty="-1.230941"/>
  </frame>
  <frame idx="350" w="686" h="970" x="-52.075485" y="-313.171814">
   <element name="aip_woodener" layername="woodener" frame="0" z_index="4" m_a="0.570278" m_b="0.000000" m_c="0.000000" m_d="0.570278" m_tx="2.003421" m_ty="-1.230941"/>
  </frame>
  <frame idx="375" w="686" h="970" x="-52.075485" y="-313.171814">
   <element name="aip_woodener" layername="woodener" frame="0" z_index="4" m_a="0.570278" m_b="0.000000" m_c="0.000000" m_d="0.570278" m_tx="2.003421" m_ty="-1.230941"/>
  </frame>
  <frame idx="400" w="686" h="970" x="-52.075485" y="-313.171814">
   <element name="aip_woodener" layername="woodener" frame="0" z_index="4" m_a="0.570278" m_b="0.000000" m_c="0.000000" m_d="0.570278" m_tx="2.003421" m_ty="-1.230941"/>
  </frame>
  <frame idx="425" w="686" h="970" x="-52.075485" y="-313.171814">
   <element name="aip_woodener" layername="woodener" frame="0" z_index="4" m_a="0.570278" m_b="0.000000" m_c="0.000000" m_d="0.570278" m_tx="2.003421" m_ty="-1.230941"/>
  </frame>
  <frame idx="450" w="686" h="970" x="-52.075485" y="-313.171814">
   <element name="aip_woodener" layername="woodener" frame="0" z_index="4" m_a="0.570278" m_b="0.000000" m_c="0.000000" m_d="0.570278" m_tx="2.003421" m_ty="-1.230941"/>
  </frame>
  <frame idx="475" w="686" h="970" x="-52.075485" y="-313.171814">
   <element name="aip_woodener" layername="woodener" frame="0" z_index="4" m_a="0.570278" m_b="0.000000" m_c="0.000000" m_d="0.570278" m_tx="2.003421" m_ty="-1.230941"/>
  </frame>
  <frame idx="500" w="686" h="970" x="-52.075485" y="-313.171814">
   <element name="aip_woodener" layername="woodener" frame="0" z_index="4" m_a="0.570278" m_b="0.000000" m_c="0.000000" m_d="0.570278" m_tx="2.003421" m_ty="-1.230941"/>
  </frame>
  <frame idx="525" w="686" h="970" x="-52.075485" y="-313.171814">
   <element name="aip_woodener" layername="woodener" frame="0" z_index="4" m_a="0.570278" m_b="0.000000" m_c="0.000000" m_d="0.570278" m_tx="2.003421" m_ty="-1.230941"/>
  </frame>
  <frame idx="550" w="686" h="970" x="-52.075485" y="-313.171814">
   <element name="aip_woodener" layername="woodener" frame="0" z_index="4" m_a="0.570278" m_b="0.000000" m_c="0.000000" m_d="0.570278" m_tx="2.003421" m_ty="-1.230941"/>
  </frame>
  <frame idx="575" w="686" h="970" x="-52.075485" y="-313.171814">
   <element name="aip_woodener" layername="woodener" frame="0" z_index="4" m_a="0.570278" m_b="0.000000" m_c="0.000000" m_d="0.570278" m_tx="2.003421" m_ty="-1.230941"/>
  </frame>
  <frame idx="600" w="686" h="970" x="-52.075485" y="-313.171814">
   <element name="aip_woodener" layername="woodener" frame="0" z_index="4" m_a="0.570278" m_b="0.000000" m_c="0.000000" m_d="0.570278" m_tx="2.003421" m_ty="-1.230941"/>
  </frame>
  <frame idx="625" w="686" h="970" x="-52.075485" y="-313.171814">
   <element name="aip_woodener" layername="woodener" frame="0" z_index="4" m_a="0.570278" m_b="0.000000" m_c="0.000000" m_d="0.570278" m_tx="2.003421" m_ty="-1.230941"/>
  </frame>
  <frame idx="650" w="686" h="970" x="-52.075485" y="-313.171814">
   <element name="aip_woodener" layername="woodener" frame="0" z_index="4" m_a="0.570278" m_b="0.000000" m_c="0.000000" m_d="0.570278" m_tx="2.003421" m_ty="-1.230941"/>
  </frame>
  <frame idx="675" w="686" h="970" x="-52.075485" y="-313.171814">
   <element name="aip_woodener" layername="woodener" frame="0" z_index="4" m_a="0.570278" m_b="0.000000" m_c="0.000000" m_d="0.570278" m_tx="2.003421" m_ty="-1.230941"/>
  </frame>
  <frame idx="700" w="686" h="970" x="-52.075485" y="-313.171814">
   <element name="aip_woodener" layername="woodener" frame="0" z_index="4" m_a="0.570278" m_b="0.000000" m_c="0.000000" m_d="0.570278" m_tx="2.003421" m_ty="-1.230941"/>
  </frame>
  <frame idx="725" w="686" h="970" x="-52.075485" y="-313.171814">
   <element name="aip_woodener" layername="woodener" frame="0" z_index="4" m_a="0.570278" m_b="0.000000" m_c="0.000000" m_d="0.570278" m_tx="2.003421" m_ty="-1.230941"/>
  </frame>
  <frame idx="750" w="686" h="970" x="-52.075485" y="-313.171814">
   <element name="aip_woodener" layername="woodener" frame="0" z_index="4" m_a="0.570278" m_b="0.000000" m_c="0.000000" m_d="0.570278" m_tx="2.003421" m_ty="-1.230941"/>
  </frame>
  <frame idx="775" w="686" h="970" x="-52.075485" y="-313.171814">
   <element name="aip_woodener" layername="woodener" frame="0" z_index="4" m_a="0.570278" m_b="0.000000" m_c="0.000000" m_d="0.570278" m_tx="2.003421" m_ty="-1.230941"/>
  </frame>
  <frame idx="800" w="686" h="970" x="-52.075485" y="-313.171814">
   <element name="aip_woodener" layername="woodener" frame="0" z_index="4" m_a="0.570278" m_b="0.000000" m_c="0.000000" m_d="0.570278" m_tx="2.003421" m_ty="-1.230941"/>
  </frame>
  <frame idx="825" w="686" h="970" x="-52.075485" y="-313.171814">
   <element name="aip_woodener" layername="woodener" frame="0" z_index="4" m_a="0.570278" m_b="0.000000" m_c="0.000000" m_d="0.570278" m_tx="2.003421" m_ty="-1.230941"/>
  </frame>
  <frame idx="850" w="686" h="970" x="-52.075485" y="-313.171814">
   <element name="aip_woodener" layername="woodener" frame="0" z_index="4" m_a="0.570278" m_b="0.000000" m_c="0.000000" m_d="0.570278" m_tx="2.003421" m_ty="-1.230941"/>
  </frame>
  <frame idx="875" w="686" h="970" x="-52.075485" y="-313.171814">
   <element name="aip_woodener" layername="woodener" frame="0" z_index="4" m_a="0.570278" m_b="0.000000" m_c="0.000000" m_d="0.570278" m_tx="2.003421" m_ty="-1.230941"/>
  </frame>
  <frame idx="900" w="686" h="970" x="-52.075485" y="-313.171814">
   <element name="aip_woodener" layername="woodener" frame="0" z_index="4" m_a="0.570278" m_b="0.000000" m_c="0.000000" m_d="0.570278" m_tx="2.003421" m_ty="-1.230941"/>
  </frame>
  <frame idx="925" w="686" h="970" x="-52.075485" y="-313.171814">
   <element name="aip_woodener" layername="woodener" frame="0" z_index="4" m_a="0.570278" m_b="0.000000" m_c="0.000000" m_d="0.570278" m_tx="2.003421" m_ty="-1.230941"/>
  </frame>
  <frame idx="950" w="686" h="970" x="-52.075485" y="-313.171814">
   <element name="aip_woodener" layername="woodener" frame="0" z_index="4" m_a="0.570278" m_b="0.000000" m_c="0.000000" m_d="0.570278" m_tx="2.003421" m_ty="-1.230941"/>
  </frame>
  <frame idx="975" w="686" h="970" x="-52.075485" y="-313.171814">
   <element name="aip_woodener" layername="woodener" frame="0" z_index="4" m_a="0.570278" m_b="0.000000" m_c="0.000000" m_d="0.570278" m_tx="2.003421" m_ty="-1.230941"/>
  </frame>
 </anim>
 <anim name="consume" root="aip_woodener" numframes="500" framerate="40">
  <frame idx="0" w="686" h="970" x="-52.075485" y="-313.171814">
   <element name="aip_woodener" layername="woodener" frame="0" z_index="4" m_a="0.570278" m_b="0.000000" m_c="0.000000" m_d="0.570278" m_tx="2.003421" m_ty="-1.230941"/>
  </frame>
  <frame idx="25" w="708" h="932" x="-53.459576" y="-299.333160">
   <element name="aip_woodener" layername="woodener" frame="0" z_index="4" m_a="0.589599" m_b="0.000000" m_c="0.000000" m_d="0.548622" m_tx="2.003421" m_ty="0.838006"/>
  </frame>
  <frame idx="50" w="731" h="893" x="-55.343670" y="-284.994507">
   <element name="aip_woodener" layername="woodener" frame="0" z_index="4" m_a="0.608920" m_b="0.000000" m_c="0.000000" m_d="0.526967" m_tx="2.003421" m_ty="2.906954"/>
  </frame>
  <frame idx="75" w="755" h="854" x="-57.227760" y="-271.155823">
   <element name="aip_woodener" layername="woodener" frame="0" z_index="4" m_a="0.628242" m_b="0.000000" m_c="0.000000" m_d="0.505311" m_tx="2.003421" m_ty="4.975902"/>
  </frame>
  <frame idx="100" w="778" h="815" x="-59.111855" y="-256.817169">
   <element name="aip_woodener" layername="woodener" frame="0" z_index="4" m_a="0.647563" m_b="0.000000" m_c="0.000000" m_d="0.483655" m_tx="2.003421" m_ty="7.044849"/>
  </frame>
  <frame idx="125" w="801" h="776" x="-60.995945" y="-242.978500">
   <element name="aip_woodener" layername="woodener" frame="0" z_index="4" m_a="0.666884" m_b="0.000000" m_c="0.000000" m_d="0.462000" m_tx="2.003421" m_ty="9.113796"/>
  </frame>
  <frame idx="150" w="818" h="755" x="-62.414108" y="-236.443726">
   <element name="aip_woodener" layername="woodener" frame="0" z_index="4" m_a="0.680526" m_b="0.000000" m_c="0.000000" m_d="0.449355" m_tx="2.003421" m_ty="8.527922"/>
  </frame>
  <frame idx="175" w="799" h="832" x="-61.011158" y="-271.504333">
   <element name="aip_woodener" layername="woodener" frame="0" z_index="4" m_a="0.664349" m_b="0.000000" m_c="0.000000" m_d="0.484017" m_tx="2.003421" m_ty="-5.995770"/>
  </frame>
  <frame idx="200" w="779" h="908" x="-59.108204" y="-306.564911">
   <element name="aip_woodener" layername="woodener" frame="0" z_index="4" m_a="0.648171" m_b="0.000000" m_c="0.000000" m_d="0.518679" m_tx="2.003421" m_ty="-20.519461"/>
  </frame>
  <frame idx="225" w="759" h="983" x="-57.705250" y="-341.125519">
   <element name="aip_woodener" layername="woodener" frame="0" z_index="4" m_a="0.631994" m_b="0.000000" m_c="0.000000" m_d="0.553342" m_tx="2.003421" m_ty="-35.043152"/>
  </frame>
  <frame idx="250" w="740" h="1059" x="-56.302296" y="-376.186096">
   <element name="aip_woodener" layername="woodener" frame="0" z_index="4" m_a="0.615817" m_b="0.000000" m_c="0.000000" m_d="0.588004" m_tx="2.003421" m_ty="-49.566845"/>
  </frame>
  <frame idx="275" w="720" h="1134" x="-54.399342" y="-410.746704">
   <element name="aip_woodener" layername="woodener" frame="0" z_index="4" m_a="0.599640" m_b="0.000000" m_c="0.000000" m_d="0.622666" m_tx="2.003421" m_ty="-64.090538"/>
  </frame>
  <frame idx="300" w="701" h="1210" x="-52.996387" y="-445.807281">
   <element name="aip_woodener" layername="woodener" frame="0" z_index="4" m_a="0.583463" m_b="0.000000" m_c="0.000000" m_d="0.657329" m_tx="2.003421" m_ty="-78.614227"/>
  </frame>
  <frame idx="325" w="692" h="1223" x="-52.541874" y="-449.795624">
   <element name="aip_woodener" layername="woodener" frame="0" z_index="4" m_a="0.575881" m_b="0.000000" m_c="0.000000" m_d="0.664754" m_tx="2.003421" m_ty="-78.595734"/>
  </frame>
  <frame idx="350" w="692" h="1185" x="-52.546844" y="-429.691528">
   <element name="aip_woodener" layername="woodener" frame="0" z_index="4" m_a="0.575052" m_b="0.000000" m_c="0.000000" m_d="0.650778" m_tx="2.003421" m_ty="-67.151237"/>
  </frame>
  <frame idx="375" w="690" h="1148" x="-52.051819" y="-409.587402">
   <element name="aip_woodener" layername="woodener" frame="0" z_index="4" m_a="0.574223" m_b="0.000000" m_c="0.000000" m_d="0.636802" m_tx="2.003421" m_ty="-55.706745"/>
  </frame>
  <frame idx="400" w="689" h="1110" x="-52.056789" y="-388.983276">
   <element name="aip_woodener" layername="woodener" frame="0" z_index="4" m_a="0.573394" m_b="0.000000" m_c="0.000000" m_d="0.622827" m_tx="2.003421" m_ty="-44.262249"/>
  </frame>
  <frame idx="425" w="688" h="1073" x="-52.061764" y="-368.879181">
   <element name="aip_woodener" layername="woodener" frame="0" z_index="4" m_a="0.572566" m_b="0.000000" m_c="0.000000" m_d="0.608851" m_tx="2.003421" m_ty="-32.817753"/>
  </frame>
  <frame idx="450" w="687" h="1036" x="-52.066734" y="-348.775055">
   <element name="aip_woodener" layername="woodener" frame="0" z_index="4" m_a="0.571737" m_b="0.000000" m_c="0.000000" m_d="0.594875" m_tx="2.003421" m_ty="-21.373255"/>
  </frame>
  <frame idx="475" w="686" h="999" x="-52.071709" y="-328.670959">
   <element name="aip_woodener" layername="woodener" frame="0" z_index="4" m_a="0.570908" m_b="0.000000" m_c="0.000000" m_d="0.580900" m_tx="2.003421" m_ty="-9.928760"/>
  </frame>
 </anim>
 <anim name="hit" root="aip_woodener" numframes="300" framerate="40">
  <frame idx="0" w="686" h="970" x="-52.075485" y="-313.171814">
   <element name="aip_woodener" layername="woodener" frame="0" z_index="4" m_a="0.570278" m_b="0.000000" m_c="0.000000" m_d="0.570278" m_tx="2.003421" m_ty="-1.230941"/>
  </frame>
  <frame idx="25" w="671" h="989" x="-45.916233" y="-314.555756">
   <element name="aip_woodener" layername="woodener" frame="0" z_index="4" m_a="0.570162" m_b="0.011507" m_c="-0.011507" m_d="0.570162" m_tx="2.003421" m_ty="-1.230941"/>
  </frame>
  <frame idx="50" w="657" h="1009" x="-40.260273" y="-316.345703">
   <element name="aip_woodener" layername="woodener" frame="0" z_index="4" m_a="0.569814" m_b="0.023010" m_c="-0.023010" m_d="0.569814" m_tx="2.003421" m_ty="-1.230941"/>
  </frame>
  <frame idx="75" w="642" h="1026" x="-34.109501" y="-317.041748">
   <element name="aip_woodener" layername="woodener" frame="0" z_index="4" m_a="0.569233" m_b="0.034503" m_c="-0.034503" m_d="0.569233" m_tx="2.003421" m_ty="-1.230941"/>
  </frame>
  <frame idx="100" w="628" h="1044" x="-28.465805" y="-318.144043">
   <element name="aip_woodener" layername="woodener" frame="0" z_index="4" m_a="0.568421" m_b="0.045982" m_c="-0.045982" m_d="0.568421" m_tx="2.003421" m_ty="-1.230941"/>
  </frame>
  <frame idx="125" w="633" h="1038" x="-30.568367" y="-317.791962">
   <element name="aip_woodener" layername="woodener" frame="0" z_index="4" m_a="0.568728" m_b="0.042020" m_c="-0.042020" m_d="0.568728" m_tx="2.003421" m_ty="-1.230941"/>
  </frame>
  <frame idx="150" w="668" h="995" x="-44.558914" y="-315.004242">
   <element name="aip_woodener" layername="woodener" frame="0" z_index="4" m_a="0.570084" m_b="0.014860" m_c="-0.014860" m_d="0.570084" m_tx="2.003421" m_ty="-1.230941"/>
  </frame>
  <frame idx="175" w="700" h="950" x="-58.070812" y="-311.691772">
   <element name="aip_woodener" layername="woodener" frame="0" z_index="4" m_a="0.570145" m_b="-0.012333" m_c="0.012333" m_d="0.570145" m_tx="2.003421" m_ty="-1.230941"/>
  </frame>
  <frame idx="200" w="731" h="902" x="-71.579239" y="-307.354156">
   <element name="aip_woodener" layername="woodener" frame="0" z_index="4" m_a="0.568908" m_b="-0.039499" m_c="0.039499" m_d="0.568908" m_tx="2.003421" m_ty="-1.230941"/>
  </frame>
  <frame idx="225" w="729" h="905" x="-70.887390" y="-307.390869">
   <element name="aip_woodener" layername="woodener" frame="0" z_index="4" m_a="0.569024" m_b="-0.037792" m_c="0.037792" m_d="0.569024" m_tx="2.003421" m_ty="-1.230941"/>
  </frame>
  <frame idx="250" w="714" h="928" x="-64.146080" y="-309.601410">
   <element name="aip_woodener" layername="woodener" frame="0" z_index="4" m_a="0.569736" m_b="-0.024860" m_c="0.024860" m_d="0.569736" m_tx="2.003421" m_ty="-1.230941"/>
  </frame>
  <frame idx="275" w="700" h="951" x="-57.901344" y="-311.692871">
   <element name="aip_woodener" layername="woodener" frame="0" z_index="4" m_a="0.570154" m_b="-0.011915" m_c="0.011915" m_d="0.570154" m_tx="2.003421" m_ty="-1.230941"/>
  </frame>
 </anim>
 <anim name="place" root="aip_woodener" numframes="400" framerate="40">
  <frame idx="0" w="700" h="0" x="-58.500000" y="0.000000"/>
  <frame idx="25" w="700" h="0" x="-58.500000" y="0.000000"/>
  <frame idx="50" w="700" h="0" x="-58.500000" y="0.000000"/>
  <frame idx="75" w="700" h="0" x="-58.500000" y="0.000000"/>
  <frame idx="100" w="686" h="887" x="-52.075485" y="-283.074615">
   <element name="aip_woodener" layername="woodener" frame="0" z_index="4" m_a="0.570278" m_b="0.000000" m_c="0.000000" m_d="0.524130" m_tx="2.003421" m_ty="3.178019"/>
  </frame>
  <frame idx="125" w="686" h="951" x="-52.075485" y="-306.249756">
   <element name="aip_woodener" layername="woodener" frame="0" z_index="4" m_a="0.570278" m_b="0.000000" m_c="0.000000" m_d="0.559445" m_tx="2.003421" m_ty="-0.195910"/>
  </frame>
  <frame idx="150" w="686" h="1015" x="-52.075485" y="-329.424927">
   <element name="aip_woodener" layername="woodener" frame="0" z_index="4" m_a="0.570278" m_b="0.000000" m_c="0.000000" m_d="0.594760" m_tx="2.003421" m_ty="-3.569840"/>
  </frame>
  <frame idx="175" w="705" h="1001" x="-53.479546" y="-324.184296">
   <element name="aip_woodener" layername="woodener" frame="0" z_index="4" m_a="0.586271" m_b="0.000000" m_c="0.000000" m_d="0.587286" m_tx="2.003421" m_ty="-2.855812"/>
  </frame>
  <frame idx="200" w="731" h="958" x="-55.346291" y="-308.615356">
   <element name="aip_woodener" layername="woodener" frame="0" z_index="4" m_a="0.608483" m_b="0.000000" m_c="0.000000" m_d="0.563172" m_tx="2.003421" m_ty="-0.552023"/>
  </frame>
  <frame idx="225" w="758" h="915" x="-57.713039" y="-293.046387">
   <element name="aip_woodener" layername="woodener" frame="0" z_index="4" m_a="0.630696" m_b="0.000000" m_c="0.000000" m_d="0.539058" m_tx="2.003421" m_ty="1.751766"/>
  </frame>
  <frame idx="250" w="775" h="885" x="-59.130318" y="-282.365906">
   <element name="aip_woodener" layername="woodener" frame="0" z_index="4" m_a="0.644485" m_b="0.000000" m_c="0.000000" m_d="0.522714" m_tx="2.003421" m_ty="3.313303"/>
  </frame>
  <frame idx="275" w="759" h="901" x="-57.707603" y="-287.998840">
   <element name="aip_woodener" layername="woodener" frame="0" z_index="4" m_a="0.631602" m_b="0.000000" m_c="0.000000" m_d="0.530971" m_tx="2.003421" m_ty="2.524371"/>
  </frame>
  <frame idx="300" w="743" h="915" x="-56.284889" y="-293.131836">
   <element name="aip_woodener" layername="woodener" frame="0" z_index="4" m_a="0.618719" m_b="0.000000" m_c="0.000000" m_d="0.539229" m_tx="2.003421" m_ty="1.735440"/>
  </frame>
  <frame idx="325" w="728" h="929" x="-55.362175" y="-298.264832">
   <element name="aip_woodener" layername="woodener" frame="0" z_index="4" m_a="0.605835" m_b="0.000000" m_c="0.000000" m_d="0.547487" m_tx="2.003421" m_ty="0.946509"/>
  </frame>
  <frame idx="350" w="712" h="945" x="-53.939461" y="-303.897766">
   <element name="aip_woodener" layername="woodener" frame="0" z_index="4" m_a="0.592952" m_b="0.000000" m_c="0.000000" m_d="0.555744" m_tx="2.003421" m_ty="0.157578"/>
  </frame>
  <frame idx="375" w="698" h="959" x="-53.016747" y="-309.030762">
   <element name="aip_woodener" layername="woodener" frame="0" z_index="4" m_a="0.580069" m_b="0.000000" m_c="0.000000" m_d="0.564002" m_tx="2.003421" m_ty="-0.631353"/>
  </frame>
 </anim>
</Anims>
