<Anims>
 <anim name="idle" root="aip_leaf_note" numframes="1000" framerate="40">
  <frame idx="0" w="134" h="134" x="56.976746" y="54.992249">
   <element name="symbol0" layername="note" frame="0" z_index="1" m_a="0.943111" m_b="0.000000" m_c="0.000000" m_d="0.943111" m_tx="2.976744" m_ty="0.992248"/>
  </frame>
  <frame idx="25" w="134" h="134" x="56.976746" y="54.992249">
   <element name="symbol0" layername="note" frame="0" z_index="1" m_a="0.943111" m_b="0.000000" m_c="0.000000" m_d="0.943111" m_tx="2.976744" m_ty="0.992248"/>
  </frame>
  <frame idx="50" w="134" h="134" x="56.976746" y="54.992249">
   <element name="symbol0" layername="note" frame="0" z_index="1" m_a="0.943111" m_b="0.000000" m_c="0.000000" m_d="0.943111" m_tx="2.976744" m_ty="0.992248"/>
  </frame>
  <frame idx="75" w="134" h="134" x="56.976746" y="54.992249">
   <element name="symbol0" layername="note" frame="0" z_index="1" m_a="0.943111" m_b="0.000000" m_c="0.000000" m_d="0.943111" m_tx="2.976744" m_ty="0.992248"/>
  </frame>
  <frame idx="100" w="134" h="134" x="56.976746" y="54.992249">
   <element name="symbol0" layername="note" frame="0" z_index="1" m_a="0.943111" m_b="0.000000" m_c="0.000000" m_d="0.943111" m_tx="2.976744" m_ty="0.992248"/>
  </frame>
  <frame idx="125" w="134" h="134" x="56.976746" y="54.992249">
   <element name="symbol0" layername="note" frame="0" z_index="1" m_a="0.943111" m_b="0.000000" m_c="0.000000" m_d="0.943111" m_tx="2.976744" m_ty="0.992248"/>
  </frame>
  <frame idx="150" w="134" h="134" x="56.976746" y="54.992249">
   <element name="symbol0" layername="note" frame="0" z_index="1" m_a="0.943111" m_b="0.000000" m_c="0.000000" m_d="0.943111" m_tx="2.976744" m_ty="0.992248"/>
  </frame>
  <frame idx="175" w="134" h="134" x="56.976746" y="54.992249">
   <element name="symbol0" layername="note" frame="0" z_index="1" m_a="0.943111" m_b="0.000000" m_c="0.000000" m_d="0.943111" m_tx="2.976744" m_ty="0.992248"/>
  </frame>
  <frame idx="200" w="134" h="134" x="56.976746" y="54.992249">
   <element name="symbol0" layername="note" frame="0" z_index="1" m_a="0.943111" m_b="0.000000" m_c="0.000000" m_d="0.943111" m_tx="2.976744" m_ty="0.992248"/>
  </frame>
  <frame idx="225" w="134" h="134" x="56.976746" y="54.992249">
   <element name="symbol0" layername="note" frame="0" z_index="1" m_a="0.943111" m_b="0.000000" m_c="0.000000" m_d="0.943111" m_tx="2.976744" m_ty="0.992248"/>
  </frame>
  <frame idx="250" w="134" h="134" x="56.976746" y="54.992249">
   <element name="symbol0" layername="note" frame="0" z_index="1" m_a="0.943111" m_b="0.000000" m_c="0.000000" m_d="0.943111" m_tx="2.976744" m_ty="0.992248"/>
  </frame>
  <frame idx="275" w="134" h="134" x="56.976746" y="54.992249">
   <element name="symbol0" layername="note" frame="0" z_index="1" m_a="0.943111" m_b="0.000000" m_c="0.000000" m_d="0.943111" m_tx="2.976744" m_ty="0.992248"/>
  </frame>
  <frame idx="300" w="134" h="134" x="56.976746" y="54.992249">
   <element name="symbol0" layername="note" frame="0" z_index="1" m_a="0.943111" m_b="0.000000" m_c="0.000000" m_d="0.943111" m_tx="2.976744" m_ty="0.992248"/>
  </frame>
  <frame idx="325" w="134" h="134" x="56.976746" y="54.992249">
   <element name="symbol0" layername="note" frame="0" z_index="1" m_a="0.943111" m_b="0.000000" m_c="0.000000" m_d="0.943111" m_tx="2.976744" m_ty="0.992248"/>
  </frame>
  <frame idx="350" w="134" h="134" x="56.976746" y="54.992249">
   <element name="symbol0" layername="note" frame="0" z_index="1" m_a="0.943111" m_b="0.000000" m_c="0.000000" m_d="0.943111" m_tx="2.976744" m_ty="0.992248"/>
  </frame>
  <frame idx="375" w="134" h="134" x="56.976746" y="54.992249">
   <element name="symbol0" layername="note" frame="0" z_index="1" m_a="0.943111" m_b="0.000000" m_c="0.000000" m_d="0.943111" m_tx="2.976744" m_ty="0.992248"/>
  </frame>
  <frame idx="400" w="134" h="134" x="56.976746" y="54.992249">
   <element name="symbol0" layername="note" frame="0" z_index="1" m_a="0.943111" m_b="0.000000" m_c="0.000000" m_d="0.943111" m_tx="2.976744" m_ty="0.992248"/>
  </frame>
  <frame idx="425" w="134" h="134" x="56.976746" y="54.992249">
   <element name="symbol0" layername="note" frame="0" z_index="1" m_a="0.943111" m_b="0.000000" m_c="0.000000" m_d="0.943111" m_tx="2.976744" m_ty="0.992248"/>
  </frame>
  <frame idx="450" w="134" h="134" x="56.976746" y="54.992249">
   <element name="symbol0" layername="note" frame="0" z_index="1" m_a="0.943111" m_b="0.000000" m_c="0.000000" m_d="0.943111" m_tx="2.976744" m_ty="0.992248"/>
  </frame>
  <frame idx="475" w="134" h="134" x="56.976746" y="54.992249">
   <element name="symbol0" layername="note" frame="0" z_index="1" m_a="0.943111" m_b="0.000000" m_c="0.000000" m_d="0.943111" m_tx="2.976744" m_ty="0.992248"/>
  </frame>
  <frame idx="500" w="134" h="134" x="56.976746" y="54.992249">
   <element name="symbol0" layername="note" frame="0" z_index="1" m_a="0.943111" m_b="0.000000" m_c="0.000000" m_d="0.943111" m_tx="2.976744" m_ty="0.992248"/>
  </frame>
  <frame idx="525" w="134" h="134" x="56.976746" y="54.992249">
   <element name="symbol0" layername="note" frame="0" z_index="1" m_a="0.943111" m_b="0.000000" m_c="0.000000" m_d="0.943111" m_tx="2.976744" m_ty="0.992248"/>
  </frame>
  <frame idx="550" w="134" h="134" x="56.976746" y="54.992249">
   <element name="symbol0" layername="note" frame="0" z_index="1" m_a="0.943111" m_b="0.000000" m_c="0.000000" m_d="0.943111" m_tx="2.976744" m_ty="0.992248"/>
  </frame>
  <frame idx="575" w="134" h="134" x="56.976746" y="54.992249">
   <element name="symbol0" layername="note" frame="0" z_index="1" m_a="0.943111" m_b="0.000000" m_c="0.000000" m_d="0.943111" m_tx="2.976744" m_ty="0.992248"/>
  </frame>
  <frame idx="600" w="134" h="134" x="56.976746" y="54.992249">
   <element name="symbol0" layername="note" frame="0" z_index="1" m_a="0.943111" m_b="0.000000" m_c="0.000000" m_d="0.943111" m_tx="2.976744" m_ty="0.992248"/>
  </frame>
  <frame idx="625" w="134" h="134" x="56.976746" y="54.992249">
   <element name="symbol0" layername="note" frame="0" z_index="1" m_a="0.943111" m_b="0.000000" m_c="0.000000" m_d="0.943111" m_tx="2.976744" m_ty="0.992248"/>
  </frame>
  <frame idx="650" w="134" h="134" x="56.976746" y="54.992249">
   <element name="symbol0" layername="note" frame="0" z_index="1" m_a="0.943111" m_b="0.000000" m_c="0.000000" m_d="0.943111" m_tx="2.976744" m_ty="0.992248"/>
  </frame>
  <frame idx="675" w="134" h="134" x="56.976746" y="54.992249">
   <element name="symbol0" layername="note" frame="0" z_index="1" m_a="0.943111" m_b="0.000000" m_c="0.000000" m_d="0.943111" m_tx="2.976744" m_ty="0.992248"/>
  </frame>
  <frame idx="700" w="134" h="134" x="56.976746" y="54.992249">
   <element name="symbol0" layername="note" frame="0" z_index="1" m_a="0.943111" m_b="0.000000" m_c="0.000000" m_d="0.943111" m_tx="2.976744" m_ty="0.992248"/>
  </frame>
  <frame idx="725" w="134" h="134" x="56.976746" y="54.992249">
   <element name="symbol0" layername="note" frame="0" z_index="1" m_a="0.943111" m_b="0.000000" m_c="0.000000" m_d="0.943111" m_tx="2.976744" m_ty="0.992248"/>
  </frame>
  <frame idx="750" w="134" h="134" x="56.976746" y="54.992249">
   <element name="symbol0" layername="note" frame="0" z_index="1" m_a="0.943111" m_b="0.000000" m_c="0.000000" m_d="0.943111" m_tx="2.976744" m_ty="0.992248"/>
  </frame>
  <frame idx="775" w="134" h="134" x="56.976746" y="54.992249">
   <element name="symbol0" layername="note" frame="0" z_index="1" m_a="0.943111" m_b="0.000000" m_c="0.000000" m_d="0.943111" m_tx="2.976744" m_ty="0.992248"/>
  </frame>
  <frame idx="800" w="134" h="134" x="56.976746" y="54.992249">
   <element name="symbol0" layername="note" frame="0" z_index="1" m_a="0.943111" m_b="0.000000" m_c="0.000000" m_d="0.943111" m_tx="2.976744" m_ty="0.992248"/>
  </frame>
  <frame idx="825" w="134" h="134" x="56.976746" y="54.992249">
   <element name="symbol0" layername="note" frame="0" z_index="1" m_a="0.943111" m_b="0.000000" m_c="0.000000" m_d="0.943111" m_tx="2.976744" m_ty="0.992248"/>
  </frame>
  <frame idx="850" w="134" h="134" x="56.976746" y="54.992249">
   <element name="symbol0" layername="note" frame="0" z_index="1" m_a="0.943111" m_b="0.000000" m_c="0.000000" m_d="0.943111" m_tx="2.976744" m_ty="0.992248"/>
  </frame>
  <frame idx="875" w="134" h="134" x="56.976746" y="54.992249">
   <element name="symbol0" layername="note" frame="0" z_index="1" m_a="0.943111" m_b="0.000000" m_c="0.000000" m_d="0.943111" m_tx="2.976744" m_ty="0.992248"/>
  </frame>
  <frame idx="900" w="134" h="134" x="56.976746" y="54.992249">
   <element name="symbol0" layername="note" frame="0" z_index="1" m_a="0.943111" m_b="0.000000" m_c="0.000000" m_d="0.943111" m_tx="2.976744" m_ty="0.992248"/>
  </frame>
  <frame idx="925" w="134" h="134" x="56.976746" y="54.992249">
   <element name="symbol0" layername="note" frame="0" z_index="1" m_a="0.943111" m_b="0.000000" m_c="0.000000" m_d="0.943111" m_tx="2.976744" m_ty="0.992248"/>
  </frame>
  <frame idx="950" w="134" h="134" x="56.976746" y="54.992249">
   <element name="symbol0" layername="note" frame="0" z_index="1" m_a="0.943111" m_b="0.000000" m_c="0.000000" m_d="0.943111" m_tx="2.976744" m_ty="0.992248"/>
  </frame>
  <frame idx="975" w="134" h="134" x="56.976746" y="54.992249">
   <element name="symbol0" layername="note" frame="0" z_index="1" m_a="0.943111" m_b="0.000000" m_c="0.000000" m_d="0.943111" m_tx="2.976744" m_ty="0.992248"/>
  </frame>
 </anim>
</Anims>
