<Anims>
 <anim name="cooked" root="aip_veggie_grape" numframes="125" framerate="40">
  <frame idx="0" w="231" h="254" x="-17.024544" y="-57.548508">
   <element name="aip_veggie_grape01" layername="aip_veggie_grap" frame="1" z_index="1" m_a="1.000000" m_b="0.000000" m_c="0.000000" m_d="1.000000" m_tx="0.000000" m_ty="-0.299000"/>
  </frame>
  <frame idx="25" w="231" h="254" x="-17.024544" y="-57.548508">
   <element name="aip_veggie_grape01" layername="aip_veggie_grap" frame="1" z_index="1" m_a="1.000000" m_b="0.000000" m_c="0.000000" m_d="1.000000" m_tx="0.000000" m_ty="-0.299000"/>
  </frame>
  <frame idx="50" w="231" h="254" x="-17.024544" y="-57.548508">
   <element name="aip_veggie_grape01" layername="aip_veggie_grap" frame="1" z_index="1" m_a="1.000000" m_b="0.000000" m_c="0.000000" m_d="1.000000" m_tx="0.000000" m_ty="-0.299000"/>
  </frame>
  <frame idx="75" w="231" h="254" x="-17.024544" y="-57.548508">
   <element name="aip_veggie_grape01" layername="aip_veggie_grap" frame="1" z_index="1" m_a="1.000000" m_b="0.000000" m_c="0.000000" m_d="1.000000" m_tx="0.000000" m_ty="-0.299000"/>
  </frame>
  <frame idx="100" w="231" h="254" x="-17.024544" y="-57.548508">
   <element name="aip_veggie_grape01" layername="aip_veggie_grap" frame="1" z_index="1" m_a="1.000000" m_b="0.000000" m_c="0.000000" m_d="1.000000" m_tx="0.000000" m_ty="-0.299000"/>
  </frame>
 </anim>
 <anim name="idle" root="aip_veggie_grape" numframes="125" framerate="40">
  <frame idx="0" w="231" h="298" x="-17.024544" y="-73.848587">
   <element name="aip_veggie_grape01" layername="aip_veggie_grap" frame="0" z_index="1" m_a="1.000000" m_b="0.000000" m_c="0.000000" m_d="1.000000" m_tx="0.000000" m_ty="-0.299000"/>
  </frame>
  <frame idx="25" w="231" h="298" x="-17.024544" y="-73.848587">
   <element name="aip_veggie_grape01" layername="aip_veggie_grap" frame="0" z_index="1" m_a="1.000000" m_b="0.000000" m_c="0.000000" m_d="1.000000" m_tx="0.000000" m_ty="-0.299000"/>
  </frame>
  <frame idx="50" w="231" h="298" x="-17.024544" y="-73.848587">
   <element name="aip_veggie_grape01" layername="aip_veggie_grap" frame="0" z_index="1" m_a="1.000000" m_b="0.000000" m_c="0.000000" m_d="1.000000" m_tx="0.000000" m_ty="-0.299000"/>
  </frame>
  <frame idx="75" w="231" h="298" x="-17.024544" y="-73.848587">
   <element name="aip_veggie_grape01" layername="aip_veggie_grap" frame="0" z_index="1" m_a="1.000000" m_b="0.000000" m_c="0.000000" m_d="1.000000" m_tx="0.000000" m_ty="-0.299000"/>
  </frame>
  <frame idx="100" w="231" h="298" x="-17.024544" y="-73.848587">
   <element name="aip_veggie_grape01" layername="aip_veggie_grap" frame="0" z_index="1" m_a="1.000000" m_b="0.000000" m_c="0.000000" m_d="1.000000" m_tx="0.000000" m_ty="-0.299000"/>
  </frame>
 </anim>
</Anims>
