<Anims>
 <anim name="end" root="aip_shadow_wrapper" numframes="300" framerate="40">
  <frame idx="0" w="514" h="378" x="-58.997433" y="-90.262459">
   <element name="splode" layername="splode" frame="0" z_index="8" m_a="1.000000" m_b="0.000000" m_c="0.000000" m_d="1.000000" m_tx="-1.923077" m_ty="88.461540"/>
  </frame>
  <frame idx="25" w="514" h="436" x="-56.902382" y="-140.942520">
   <element name="splode" layername="splode" frame="0" z_index="8" m_a="1.000000" m_b="0.000000" m_c="0.000000" m_d="1.000000" m_tx="0.171975" m_ty="42.781483"/>
  </frame>
  <frame idx="50" w="644" h="557" x="-61.298782" y="-181.320404">
   <element name="splode" layername="splode" frame="1" z_index="8" m_a="1.000000" m_b="0.000000" m_c="0.000000" m_d="1.000000" m_tx="13.475508" m_ty="15.154106"/>
  </frame>
  <frame idx="75" w="620" h="570" x="-67.977249" y="-186.266815">
   <element name="splode" layername="splode" frame="2" z_index="8" m_a="1.000000" m_b="0.000000" m_c="0.000000" m_d="1.000000" m_tx="13.047258" m_ty="8.032673"/>
  </frame>
  <frame idx="100" w="615" h="579" x="-67.864799" y="-190.442032">
   <element name="splode" layername="splode" frame="3" z_index="8" m_a="1.000000" m_b="0.000000" m_c="0.000000" m_d="1.000000" m_tx="6.434546" m_ty="6.957455"/>
  </frame>
  <frame idx="125" w="586" h="586" x="-66.367706" y="-193.842834">
   <element name="splode" layername="splode" frame="4" z_index="8" m_a="1.000000" m_b="0.000000" m_c="0.000000" m_d="1.000000" m_tx="3.381557" m_ty="3.581673"/>
  </frame>
  <frame idx="150" w="567" h="580" x="-67.890755" y="-191.314392">
   <element name="splode" layername="splode" frame="5" z_index="8" m_a="1.000000" m_b="0.000000" m_c="0.000000" m_d="1.000000" m_tx="-5.891395" m_ty="5.860100"/>
  </frame>
  <frame idx="175" w="567" h="570" x="-62.441200" y="-176.740997">
   <element name="splode" layername="splode" frame="5" z_index="8" m_a="1.000000" m_b="0.000000" m_c="0.000000" m_d="1.000000" m_tx="-0.441839" m_ty="19.433506"/>
  </frame>
  <frame idx="200" w="567" h="560" x="-65.301468" y="-178.200134">
   <element name="splode" layername="splode" frame="6" z_index="8" m_a="1.000000" m_b="0.000000" m_c="0.000000" m_d="1.000000" m_tx="0.648072" m_ty="22.974342"/>
  </frame>
  <frame idx="225" w="567" h="546" x="-65.729996" y="-165.785614">
   <element name="splode" layername="splode" frame="6" z_index="8" m_a="1.000000" m_b="0.000000" m_c="0.000000" m_d="1.000000" m_tx="0.219548" m_ty="33.888874"/>
  </frame>
  <frame idx="250" w="567" h="524" x="-66.444199" y="-146.094727">
   <element name="splode" layername="splode" frame="6" z_index="8" m_a="1.000000" m_b="0.000000" m_c="0.000000" m_d="1.000000" m_tx="-0.494661" m_ty="52.079762"/>
  </frame>
  <frame idx="275" w="567" h="501" x="-67.158409" y="-125.903831">
   <element name="splode" layername="splode" frame="6" z_index="8" m_a="1.000000" m_b="0.000000" m_c="0.000000" m_d="1.000000" m_tx="-1.208869" m_ty="70.270653"/>
  </frame>
 </anim>
 <anim name="wrap" root="aip_shadow_wrapper" numframes="1200" framerate="40">
  <frame idx="0" w="515" h="439" x="-238.420746" y="-160.963028">
   <element name="shadow_hands" layername="catch_hand_right" frame="11" z_index="8" m_a="1.000000" m_b="0.000000" m_c="0.000000" m_d="1.000000" m_tx="137.500000" m_ty="72.916664"/>
   <element name="shadow_hands" layername="catch_arm_right" frame="7" z_index="7" m_a="-0.526820" m_b="0.000000" m_c="0.000000" m_d="0.098003" m_tx="89.583336" m_ty="88.442543"/>
   <element name="shadow_hands" layername="catch_arm2_right" frame="12" z_index="6" m_a="-0.988938" m_b="-0.148328" m_c="0.059588" m_d="-0.397289" m_tx="145.614807" m_ty="80.941223"/>
   <element name="shadow_hands" layername="catch_hand_left" frame="11" z_index="5" m_a="-1.000000" m_b="0.000000" m_c="0.000000" m_d="1.000000" m_tx="-100.000000" m_ty="83.333336"/>
   <element name="shadow_hands" layername="catch_arm_left" frame="5" z_index="4" m_a="0.309476" m_b="0.000000" m_c="0.000000" m_d="0.082726" m_tx="-66.666664" m_ty="99.219978"/>
   <element name="shadow_hands" layername="shadow_arm" frame="12" z_index="3" m_a="-0.999275" m_b="0.038068" m_c="-0.009339" m_d="-0.245158" m_tx="-91.666664" m_ty="85.416664"/>
  </frame>
  <frame idx="25" w="563" h="495" x="-262.629059" y="-183.763199">
   <element name="shadow_hands" layername="catch_hand_right" frame="11" z_index="8" m_a="1.065431" m_b="0.033439" m_c="-0.033439" m_d="1.065431" m_tx="153.679733" m_ty="57.815578"/>
   <element name="shadow_hands" layername="catch_arm_right" frame="7" z_index="7" m_a="-0.542271" m_b="0.000000" m_c="0.000000" m_d="0.111660" m_tx="99.137085" m_ty="87.576965"/>
   <element name="shadow_hands" layername="catch_arm2_right" frame="12" z_index="6" m_a="-1.015745" m_b="-0.185695" m_c="0.080204" m_d="-0.438713" m_tx="157.652527" m_ty="73.390678"/>
   <element name="shadow_hands" layername="catch_hand_left" frame="11" z_index="5" m_a="-1.049985" m_b="0.082514" m_c="0.082514" m_d="1.049985" m_tx="-121.881165" m_ty="66.999512"/>
   <element name="shadow_hands" layername="catch_arm_left" frame="5" z_index="4" m_a="0.342077" m_b="0.000000" m_c="0.000000" m_d="0.102133" m_tx="-68.669868" m_ty="98.047096"/>
   <element name="shadow_hands" layername="shadow_arm" frame="12" z_index="3" m_a="-1.025984" m_b="0.113855" m_c="-0.035435" m_d="-0.319316" m_tx="-104.918640" m_ty="74.476082"/>
  </frame>
  <frame idx="50" w="609" h="550" x="-285.549622" y="-206.311630">
   <element name="shadow_hands" layername="catch_hand_right" frame="11" z_index="8" m_a="1.129683" m_b="0.070982" m_c="-0.070982" m_d="1.129683" m_tx="169.859467" m_ty="42.714493"/>
   <element name="shadow_hands" layername="catch_arm_right" frame="7" z_index="7" m_a="-0.557722" m_b="0.000000" m_c="0.000000" m_d="0.125316" m_tx="108.690834" m_ty="86.711388"/>
   <element name="shadow_hands" layername="catch_arm2_right" frame="12" z_index="6" m_a="-1.041141" m_b="-0.224918" m_c="0.103517" m_d="-0.479180" m_tx="169.690247" m_ty="65.840141"/>
   <element name="shadow_hands" layername="catch_hand_left" frame="11" z_index="5" m_a="-1.092862" m_b="0.172835" m_c="0.172835" m_d="1.092862" m_tx="-143.762329" m_ty="50.665680"/>
   <element name="shadow_hands" layername="catch_arm_left" frame="5" z_index="4" m_a="0.374679" m_b="0.000000" m_c="0.000000" m_d="0.121540" m_tx="-70.673073" m_ty="96.874214"/>
   <element name="shadow_hands" layername="shadow_arm" frame="12" z_index="3" m_a="-1.046795" m_b="0.193690" m_c="-0.072271" m_d="-0.390587" m_tx="-118.170609" m_ty="63.535500"/>
  </frame>
  <frame idx="75" w="653" h="606" x="-306.644653" y="-228.485992">
   <element name="shadow_hands" layername="catch_hand_right" frame="11" z_index="8" m_a="1.192564" m_b="0.112584" m_c="-0.112584" m_d="1.192564" m_tx="186.039200" m_ty="27.613411"/>
   <element name="shadow_hands" layername="catch_arm_right" frame="7" z_index="7" m_a="-0.573172" m_b="0.000000" m_c="0.000000" m_d="0.138973" m_tx="118.244576" m_ty="85.845818"/>
   <element name="shadow_hands" layername="catch_arm2_right" frame="12" z_index="6" m_a="-1.065036" m_b="-0.265947" m_c="0.129488" m_d="-0.518562" m_tx="181.727966" m_ty="58.289597"/>
   <element name="shadow_hands" layername="catch_hand_left" frame="11" z_index="5" m_a="-1.127718" m_b="0.270331" m_c="0.270331" m_d="1.127718" m_tx="-165.643494" m_ty="34.331856"/>
   <element name="shadow_hands" layername="catch_arm_left" frame="5" z_index="4" m_a="0.407280" m_b="0.000000" m_c="0.000000" m_d="0.140947" m_tx="-72.676277" m_ty="95.701340"/>
   <element name="shadow_hands" layername="shadow_arm" frame="12" z_index="3" m_a="-1.061264" m_b="0.277104" m_c="-0.119537" m_d="-0.457808" m_tx="-131.422577" m_ty="52.594921"/>
  </frame>
  <frame idx="100" w="694" h="663" x="-326.389252" y="-250.666702">
   <element name="shadow_hands" layername="catch_hand_right" frame="11" z_index="8" m_a="1.253882" m_b="0.158195" m_c="-0.158195" m_d="1.253882" m_tx="202.218933" m_ty="12.512324"/>
   <element name="shadow_hands" layername="catch_arm_right" frame="7" z_index="7" m_a="-0.588623" m_b="0.000000" m_c="0.000000" m_d="0.152629" m_tx="127.798325" m_ty="84.980240"/>
   <element name="shadow_hands" layername="catch_arm2_right" frame="12" z_index="6" m_a="-1.087340" m_b="-0.308723" m_c="0.158069" m_d="-0.556730" m_tx="193.765701" m_ty="50.739052"/>
   <element name="shadow_hands" layername="catch_hand_left" frame="11" z_index="5" m_a="-1.153697" m_b="0.374274" m_c="0.374274" m_d="1.153697" m_tx="-187.524658" m_ty="17.998028"/>
   <element name="shadow_hands" layername="catch_arm_left" frame="5" z_index="4" m_a="0.439881" m_b="0.000000" m_c="0.000000" m_d="0.160354" m_tx="-74.679489" m_ty="94.528458"/>
   <element name="shadow_hands" layername="shadow_arm" frame="12" z_index="3" m_a="-1.068987" m_b="0.363586" m_c="-0.176813" m_d="-0.519851" m_tx="-144.674561" m_ty="41.654335"/>
  </frame>
  <frame idx="125" w="734" h="718" x="-344.771881" y="-271.738098">
   <element name="shadow_hands" layername="catch_hand_right" frame="11" z_index="8" m_a="1.313448" m_b="0.207756" m_c="-0.207756" m_d="1.313448" m_tx="218.398666" m_ty="-2.588756"/>
   <element name="shadow_hands" layername="catch_arm_right" frame="7" z_index="7" m_a="-0.604074" m_b="0.000000" m_c="0.000000" m_d="0.166286" m_tx="137.352066" m_ty="84.114662"/>
   <element name="shadow_hands" layername="catch_arm2_right" frame="12" z_index="6" m_a="-1.107967" m_b="-0.353185" m_c="0.189208" m_d="-0.593558" m_tx="205.803421" m_ty="43.188515"/>
   <element name="shadow_hands" layername="catch_hand_left" frame="11" z_index="5" m_a="-1.170012" m_b="0.483849" m_c="0.483849" m_d="1.170012" m_tx="-209.405823" m_ty="1.664206"/>
   <element name="shadow_hands" layername="catch_arm_left" frame="5" z_index="4" m_a="0.472483" m_b="0.000000" m_c="0.000000" m_d="0.179761" m_tx="-76.682693" m_ty="93.355576"/>
   <element name="shadow_hands" layername="shadow_arm" frame="12" z_index="3" m_a="-1.069597" m_b="0.452584" m_c="-0.243568" m_d="-0.575627" m_tx="-157.926529" m_ty="30.713758"/>
  </frame>
  <frame idx="150" w="771" h="775" x="-361.294617" y="-292.589478">
   <element name="shadow_hands" layername="catch_hand_right" frame="11" z_index="8" m_a="1.371074" m_b="0.261200" m_c="-0.261200" m_d="1.371074" m_tx="234.578400" m_ty="-17.689842"/>
   <element name="shadow_hands" layername="catch_arm_right" frame="7" z_index="7" m_a="-0.619525" m_b="0.000000" m_c="0.000000" m_d="0.179942" m_tx="146.905823" m_ty="83.249084"/>
   <element name="shadow_hands" layername="catch_arm2_right" frame="12" z_index="6" m_a="-1.126831" m_b="-0.399270" m_c="0.222846" m_d="-0.628922" m_tx="217.841141" m_ty="35.637970"/>
   <element name="shadow_hands" layername="catch_hand_left" frame="11" z_index="5" m_a="-1.175946" m_b="0.598156" m_c="0.598156" m_d="1.175946" m_tx="-231.286987" m_ty="-14.669623"/>
   <element name="shadow_hands" layername="catch_arm_left" frame="5" z_index="4" m_a="0.505084" m_b="0.000000" m_c="0.000000" m_d="0.199169" m_tx="-78.685898" m_ty="92.182693"/>
   <element name="shadow_hands" layername="shadow_arm" frame="12" z_index="3" m_a="-1.062775" m_b="0.543513" m_c="-0.319170" m_d="-0.624100" m_tx="-171.178497" m_ty="19.773174"/>
  </frame>
  <frame idx="175" w="820" h="829" x="-389.207336" y="-312.116272">
   <element name="shadow_hands" layername="catch_hand_right" frame="11" z_index="8" m_a="1.426577" m_b="0.318452" m_c="-0.318452" m_d="1.426577" m_tx="250.758133" m_ty="-32.790924"/>
   <element name="shadow_hands" layername="catch_arm_right" frame="7" z_index="7" m_a="-0.634976" m_b="0.000000" m_c="0.000000" m_d="0.193599" m_tx="156.459564" m_ty="82.383507"/>
   <element name="shadow_hands" layername="catch_arm2_right" frame="12" z_index="6" m_a="-1.143850" m_b="-0.446910" m_c="0.258922" m_d="-0.662701" m_tx="229.878860" m_ty="28.087429"/>
   <element name="shadow_hands" layername="catch_hand_left" frame="11" z_index="5" m_a="-1.170871" m_b="0.716219" m_c="0.716219" m_d="1.170871" m_tx="-253.168137" m_ty="-31.003445"/>
   <element name="shadow_hands" layername="catch_arm_left" frame="5" z_index="4" m_a="0.537685" m_b="0.000000" m_c="0.000000" m_d="0.218576" m_tx="-80.689102" m_ty="91.009811"/>
   <element name="shadow_hands" layername="shadow_arm" frame="12" z_index="3" m_a="-1.048250" m_b="0.635750" m_c="-0.402885" m_d="-0.664293" m_tx="-184.430466" m_ty="8.832596"/>
  </frame>
  <frame idx="200" w="872" h="884" x="-419.590546" y="-330.721008">
   <element name="shadow_hands" layername="catch_hand_right" frame="11" z_index="8" m_a="1.479773" m_b="0.379429" m_c="-0.379429" m_d="1.479773" m_tx="266.937866" m_ty="-47.892017"/>
   <element name="shadow_hands" layername="catch_arm_right" frame="7" z_index="7" m_a="-0.650427" m_b="0.000000" m_c="0.000000" m_d="0.207255" m_tx="166.013321" m_ty="81.517929"/>
   <element name="shadow_hands" layername="catch_arm2_right" frame="12" z_index="6" m_a="-1.158946" m_b="-0.496031" m_c="0.297365" m_d="-0.694775" m_tx="241.916580" m_ty="20.536882"/>
   <element name="shadow_hands" layername="catch_hand_left" frame="11" z_index="5" m_a="-1.154247" m_b="0.836993" m_c="0.836993" m_d="1.154247" m_tx="-275.049316" m_ty="-47.337280"/>
   <element name="shadow_hands" layername="catch_arm_left" frame="5" z_index="4" m_a="0.570287" m_b="0.000000" m_c="0.000000" m_d="0.237983" m_tx="-82.692307" m_ty="89.836937"/>
   <element name="shadow_hands" layername="shadow_arm" frame="12" z_index="3" m_a="-1.025803" m_b="0.728648" m_c="-0.493886" m_d="-0.695301" m_tx="-197.682449" m_ty="-2.107991"/>
  </frame>
  <frame idx="225" w="922" h="937" x="-449.901947" y="-348.314178">
   <element name="shadow_hands" layername="catch_hand_right" frame="11" z_index="8" m_a="1.530486" m_b="0.444041" m_c="-0.444041" m_d="1.530486" m_tx="283.117615" m_ty="-62.993095"/>
   <element name="shadow_hands" layername="catch_arm_right" frame="7" z_index="7" m_a="-0.665877" m_b="0.000000" m_c="0.000000" m_d="0.220912" m_tx="175.567062" m_ty="80.652359"/>
   <element name="shadow_hands" layername="catch_arm2_right" frame="12" z_index="6" m_a="-1.172040" m_b="-0.546560" m_c="0.338104" m_d="-0.725028" m_tx="253.954300" m_ty="12.986342"/>
   <element name="shadow_hands" layername="catch_hand_left" frame="11" z_index="5" m_a="-1.125631" m_b="0.959372" m_c="0.959372" m_d="1.125631" m_tx="-296.930481" m_ty="-63.671101"/>
   <element name="shadow_hands" layername="catch_arm_left" frame="5" z_index="4" m_a="0.602888" m_b="0.000000" m_c="0.000000" m_d="0.257390" m_tx="-84.695511" m_ty="88.664055"/>
   <element name="shadow_hands" layername="shadow_arm" frame="12" z_index="3" m_a="-0.995270" m_b="0.821534" m_c="-0.591259" m_d="-0.716296" m_tx="-210.934418" m_ty="-13.048570"/>
  </frame>
  <frame idx="250" w="973" h="989" x="-480.978546" y="-364.315369">
   <element name="shadow_hands" layername="catch_hand_right" frame="11" z_index="8" m_a="1.578539" m_b="0.512189" m_c="-0.512189" m_d="1.578539" m_tx="299.297333" m_ty="-78.094177"/>
   <element name="shadow_hands" layername="catch_arm_right" frame="7" z_index="7" m_a="-0.681328" m_b="0.000000" m_c="0.000000" m_d="0.234568" m_tx="185.120804" m_ty="79.786781"/>
   <element name="shadow_hands" layername="catch_arm2_right" frame="12" z_index="6" m_a="-1.183059" m_b="-0.598416" m_c="0.381059" m_d="-0.753347" m_tx="265.992035" m_ty="5.435802"/>
   <element name="shadow_hands" layername="catch_hand_left" frame="11" z_index="5" m_a="-1.084686" m_b="1.082201" m_c="1.082201" m_d="1.084686" m_tx="-318.811646" m_ty="-80.004921"/>
   <element name="shadow_hands" layername="catch_arm_left" frame="5" z_index="4" m_a="0.635489" m_b="0.000000" m_c="0.000000" m_d="0.276797" m_tx="-86.698715" m_ty="87.491173"/>
   <element name="shadow_hands" layername="shadow_arm" frame="12" z_index="3" m_a="-0.956540" m_b="0.913715" m_c="-0.694008" m_d="-0.726536" m_tx="-224.186386" m_ty="-23.989149"/>
  </frame>
  <frame idx="275" w="1022" h="1040" x="-511.650360" y="-379.653992">
   <element name="shadow_hands" layername="catch_hand_right" frame="11" z_index="8" m_a="1.623760" m_b="0.583770" m_c="-0.583770" m_d="1.623760" m_tx="315.477081" m_ty="-93.195267"/>
   <element name="shadow_hands" layername="catch_arm_right" frame="7" z_index="7" m_a="-0.696779" m_b="0.000000" m_c="0.000000" m_d="0.248225" m_tx="194.674561" m_ty="78.921204"/>
   <element name="shadow_hands" layername="catch_arm2_right" frame="12" z_index="6" m_a="-1.191932" m_b="-0.651520" m_c="0.426148" m_d="-0.779622" m_tx="278.029755" m_ty="-2.114744"/>
   <element name="shadow_hands" layername="catch_hand_left" frame="11" z_index="5" m_a="-1.031183" m_b="1.204281" m_c="1.204281" m_d="1.031183" m_tx="-340.692810" m_ty="-96.338760"/>
   <element name="shadow_hands" layername="catch_arm_left" frame="5" z_index="4" m_a="0.668091" m_b="0.000000" m_c="0.000000" m_d="0.296204" m_tx="-88.701920" m_ty="86.318291"/>
   <element name="shadow_hands" layername="shadow_arm" frame="12" z_index="3" m_a="-0.909565" m_b="1.004481" m_c="-0.801065" m_d="-0.725371" m_tx="-237.438370" m_ty="-34.929737"/>
  </frame>
  <frame idx="300" w="1071" h="1090" x="-542.241272" y="-393.270111">
   <element name="shadow_hands" layername="catch_hand_right" frame="11" z_index="8" m_a="1.665984" m_b="0.658671" m_c="-0.658671" m_d="1.665984" m_tx="331.656799" m_ty="-108.296349"/>
   <element name="shadow_hands" layername="catch_arm_right" frame="7" z_index="7" m_a="-0.712230" m_b="0.000000" m_c="0.000000" m_d="0.261881" m_tx="204.228302" m_ty="78.055626"/>
   <element name="shadow_hands" layername="catch_arm2_right" frame="12" z_index="6" m_a="-1.198591" m_b="-0.705784" m_c="0.473282" m_d="-0.803746" m_tx="290.067474" m_ty="-9.665284"/>
   <element name="shadow_hands" layername="catch_hand_left" frame="11" z_index="5" m_a="-0.965007" m_b="1.324382" m_c="1.324382" m_d="0.965007" m_tx="-362.573975" m_ty="-112.672585"/>
   <element name="shadow_hands" layername="catch_arm_left" frame="5" z_index="4" m_a="0.700692" m_b="0.000000" m_c="0.000000" m_d="0.315611" m_tx="-90.705132" m_ty="85.145409"/>
   <element name="shadow_hands" layername="shadow_arm" frame="12" z_index="3" m_a="-0.854356" m_b="1.093115" m_c="-0.911299" m_d="-0.712252" m_tx="-250.690338" m_ty="-45.870316"/>
  </frame>
  <frame idx="325" w="1120" h="1139" x="-572.571106" y="-405.614868">
   <element name="shadow_hands" layername="catch_hand_right" frame="11" z_index="8" m_a="1.705046" m_b="0.736771" m_c="-0.736771" m_d="1.705046" m_tx="347.836517" m_ty="-123.397430"/>
   <element name="shadow_hands" layername="catch_arm_right" frame="7" z_index="7" m_a="-0.727681" m_b="0.000000" m_c="0.000000" m_d="0.275538" m_tx="213.782043" m_ty="77.190056"/>
   <element name="shadow_hands" layername="catch_arm2_right" frame="12" z_index="6" m_a="-1.202971" m_b="-0.761122" m_c="0.522368" m_d="-0.825615" m_tx="302.105194" m_ty="-17.215824"/>
   <element name="shadow_hands" layername="catch_hand_left" frame="11" z_index="5" m_a="-0.886159" m_b="1.441253" m_c="1.441253" m_d="0.886159" m_tx="-384.455139" m_ty="-129.006409"/>
   <element name="shadow_hands" layername="catch_arm_left" frame="5" z_index="4" m_a="0.733293" m_b="0.000000" m_c="0.000000" m_d="0.335018" m_tx="-92.708336" m_ty="83.972534"/>
   <element name="shadow_hands" layername="shadow_arm" frame="12" z_index="3" m_a="-0.790982" m_b="1.178892" m_c="-1.023522" m_d="-0.686736" m_tx="-263.942322" m_ty="-56.810894"/>
  </frame>
  <frame idx="350" w="1142" h="1163" x="-586.718506" y="-428.462494">
   <element name="shadow_hands" layername="catch_hand_right" frame="11" z_index="8" m_a="1.755660" m_b="0.704455" m_c="-0.704455" m_d="1.755660" m_tx="346.726196" m_ty="-137.568680"/>
   <element name="shadow_hands" layername="catch_arm_right" frame="7" z_index="7" m_a="-0.731799" m_b="0.000000" m_c="0.000000" m_d="0.295866" m_tx="221.826920" m_ty="76.260193"/>
   <element name="shadow_hands" layername="catch_arm2_right" frame="12" z_index="6" m_a="-1.265630" m_b="-0.709317" m_c="0.504567" m_d="-0.900295" m_tx="308.822693" m_ty="-27.369215"/>
   <element name="shadow_hands" layername="catch_hand_left" frame="11" z_index="5" m_a="-0.961171" m_b="1.425851" m_c="1.425851" m_d="0.961171" m_tx="-382.463379" m_ty="-138.965195"/>
   <element name="shadow_hands" layername="catch_arm_left" frame="5" z_index="4" m_a="0.743545" m_b="0.000000" m_c="0.000000" m_d="0.351338" m_tx="-96.863556" m_ty="83.092468"/>
   <element name="shadow_hands" layername="shadow_arm" frame="12" z_index="3" m_a="-0.874419" m_b="1.141547" m_c="-1.022703" m_d="-0.783385" m_tx="-270.375458" m_ty="-64.239929"/>
  </frame>
  <frame idx="375" w="1126" h="1157" x="-574.262390" y="-462.022949">
   <element name="shadow_hands" layername="catch_hand_right" frame="11" z_index="8" m_a="1.811202" m_b="0.546027" m_c="-0.546027" m_d="1.811202" m_tx="326.884918" m_ty="-150.732605"/>
   <element name="shadow_hands" layername="catch_arm_right" frame="7" z_index="7" m_a="-0.723640" m_b="0.000000" m_c="0.000000" m_d="0.323422" m_tx="228.237183" m_ty="75.260696"/>
   <element name="shadow_hands" layername="catch_arm2_right" frame="12" z_index="6" m_a="-1.375344" m_b="-0.525866" m_c="0.392425" m_d="-1.026344" m_tx="309.776581" m_ty="-40.342354"/>
   <element name="shadow_hands" layername="catch_hand_left" frame="11" z_index="5" m_a="-1.191247" m_b="1.240093" m_c="1.240093" m_d="1.191247" m_tx="-354.609283" m_ty="-142.017700"/>
   <element name="shadow_hands" layername="catch_arm_left" frame="5" z_index="4" m_a="0.729583" m_b="0.000000" m_c="0.000000" m_d="0.364313" m_tx="-103.350121" m_ty="82.529617"/>
   <element name="shadow_hands" layername="shadow_arm" frame="12" z_index="3" m_a="-1.094727" m_b="0.937231" m_c="-0.859781" m_d="-1.004263" m_tx="-269.421570" m_ty="-67.864777"/>
  </frame>
  <frame idx="400" w="1096" h="1145" x="-550.019287" y="-491.676025">
   <element name="shadow_hands" layername="catch_hand_right" frame="11" z_index="8" m_a="1.852479" m_b="0.383299" m_c="-0.383299" m_d="1.852479" m_tx="307.043640" m_ty="-163.896515"/>
   <element name="shadow_hands" layername="catch_arm_right" frame="7" z_index="7" m_a="-0.715482" m_b="0.000000" m_c="0.000000" m_d="0.350978" m_tx="234.647430" m_ty="74.261208"/>
   <element name="shadow_hands" layername="catch_arm2_right" frame="12" z_index="6" m_a="-1.458182" m_b="-0.325426" m_c="0.253878" m_d="-1.137586" m_tx="310.730499" m_ty="-53.315491"/>
   <element name="shadow_hands" layername="catch_hand_left" frame="11" z_index="5" m_a="-1.386096" m_b="1.017664" m_c="1.017664" m_d="1.386096" m_tx="-326.755188" m_ty="-145.070206"/>
   <element name="shadow_hands" layername="catch_arm_left" frame="5" z_index="4" m_a="0.715622" m_b="0.000000" m_c="0.000000" m_d="0.377288" m_tx="-109.836693" m_ty="81.966766"/>
   <element name="shadow_hands" layername="shadow_arm" frame="12" z_index="3" m_a="-1.268200" m_b="0.691091" m_c="-0.648756" m_d="-1.190512" m_tx="-268.467651" m_ty="-71.489624"/>
  </frame>
  <frame idx="425" w="1053" h="1125" x="-514.619690" y="-515.704956">
   <element name="shadow_hands" layername="catch_hand_right" frame="11" z_index="8" m_a="1.879167" m_b="0.217551" m_c="-0.217551" m_d="1.879167" m_tx="287.202362" m_ty="-177.060440"/>
   <element name="shadow_hands" layername="catch_arm_right" frame="7" z_index="7" m_a="-0.707323" m_b="0.000000" m_c="0.000000" m_d="0.378535" m_tx="241.057693" m_ty="73.261711"/>
   <element name="shadow_hands" layername="catch_arm2_right" frame="12" z_index="6" m_a="-1.511516" m_b="-0.111977" m_c="0.091045" m_d="-1.228966" m_tx="311.684387" m_ty="-66.288628"/>
   <element name="shadow_hands" layername="catch_hand_left" frame="11" z_index="5" m_a="-1.539955" m_b="0.765140" m_c="0.765140" m_d="1.539955" m_tx="-298.901093" m_ty="-148.122711"/>
   <element name="shadow_hands" layername="catch_arm_left" frame="5" z_index="4" m_a="0.701661" m_b="0.000000" m_c="0.000000" m_d="0.390263" m_tx="-116.323257" m_ty="81.403923"/>
   <element name="shadow_hands" layername="shadow_arm" frame="12" z_index="3" m_a="-1.387056" m_b="0.413696" m_c="-0.397160" m_d="-1.331611" m_tx="-267.513733" m_ty="-75.114471"/>
  </frame>
  <frame idx="450" w="1001" h="1095" x="-473.569916" y="-532.096802">
   <element name="shadow_hands" layername="catch_hand_right" frame="11" z_index="8" m_a="1.891055" m_b="0.050092" m_c="-0.050092" m_d="1.891055" m_tx="267.361115" m_ty="-190.224365"/>
   <element name="shadow_hands" layername="catch_arm_right" frame="7" z_index="7" m_a="-0.699165" m_b="0.000000" m_c="0.000000" m_d="0.406091" m_tx="247.467957" m_ty="72.262215"/>
   <element name="shadow_hands" layername="catch_arm2_right" frame="12" z_index="6" m_a="-1.533315" m_b="0.110095" m_c="-0.093038" m_d="-1.295761" m_tx="312.638306" m_ty="-79.261765"/>
   <element name="shadow_hands" layername="catch_hand_left" frame="11" z_index="5" m_a="-1.648275" m_b="0.489989" m_c="0.489989" m_d="1.648275" m_tx="-271.046997" m_ty="-151.175217"/>
   <element name="shadow_hands" layername="catch_arm_left" frame="5" z_index="4" m_a="0.687700" m_b="0.000000" m_c="0.000000" m_d="0.403238" m_tx="-122.809830" m_ty="80.841072"/>
   <element name="shadow_hands" layername="shadow_arm" frame="12" z_index="3" m_a="-1.445864" m_b="0.117024" m_c="-0.114827" m_d="-1.418709" m_tx="-266.559845" m_ty="-78.739319"/>
  </frame>
  <frame idx="475" w="994" h="1115" x="-473.514893" y="-544.624390">
   <element name="shadow_hands" layername="catch_hand_right" frame="11" z_index="8" m_a="1.888049" m_b="-0.117763" m_c="0.117763" m_d="1.888049" m_tx="247.519836" m_ty="-203.388275"/>
   <element name="shadow_hands" layername="catch_arm_right" frame="7" z_index="7" m_a="-0.691006" m_b="0.000000" m_c="0.000000" m_d="0.433647" m_tx="253.878204" m_ty="71.262718"/>
   <element name="shadow_hands" layername="catch_arm2_right" frame="12" z_index="6" m_a="-1.522205" m_b="0.336091" m_c="-0.294478" m_d="-1.333737" m_tx="313.592224" m_ty="-92.234909"/>
   <element name="shadow_hands" layername="catch_hand_left" frame="11" z_index="5" m_a="-1.707853" m_b="0.200349" m_c="0.200349" m_d="1.707853" m_tx="-243.192917" m_ty="-154.227722"/>
   <element name="shadow_hands" layername="catch_arm_left" frame="5" z_index="4" m_a="0.673739" m_b="0.000000" m_c="0.000000" m_d="0.416214" m_tx="-129.296402" m_ty="80.278229"/>
   <element name="shadow_hands" layername="shadow_arm" frame="12" z_index="3" m_a="-1.441795" m_b="-0.186052" m_c="0.186484" m_d="-1.445138" m_tx="-265.605927" m_ty="-82.364166"/>
  </frame>
  <frame idx="500" w="979" h="1138" x="-468.603302" y="-548.915527">
   <element name="shadow_hands" layername="catch_hand_right" frame="11" z_index="8" m_a="1.870173" m_b="-0.284690" m_c="0.284690" m_d="1.870173" m_tx="227.678558" m_ty="-216.552200"/>
   <element name="shadow_hands" layername="catch_arm_right" frame="7" z_index="7" m_a="-0.682848" m_b="0.000000" m_c="0.000000" m_d="0.461203" m_tx="260.288452" m_ty="70.263229"/>
   <element name="shadow_hands" layername="catch_arm2_right" frame="12" z_index="6" m_a="-1.477520" m_b="0.561094" m_c="-0.508605" m_d="-1.339301" m_tx="314.546112" m_ty="-105.208046"/>
   <element name="shadow_hands" layername="catch_hand_left" frame="11" z_index="5" m_a="-1.716926" m_b="-0.095216" m_c="-0.095216" m_d="1.716926" m_tx="-215.338821" m_ty="-157.280212"/>
   <element name="shadow_hands" layername="catch_arm_left" frame="5" z_index="4" m_a="0.659778" m_b="0.000000" m_c="0.000000" m_d="0.429189" m_tx="-135.782959" m_ty="79.715378"/>
   <element name="shadow_hands" layername="shadow_arm" frame="12" z_index="3" m_a="-1.374752" m_b="-0.482323" m_c="0.493575" m_d="-1.406821" m_tx="-264.652008" m_ty="-85.989014"/>
  </frame>
  <frame idx="525" w="956" h="1150" x="-457.627106" y="-543.006042">
   <element name="shadow_hands" layername="catch_hand_right" frame="11" z_index="8" m_a="1.837569" m_b="-0.449375" m_c="0.449375" m_d="1.837569" m_tx="207.837296" m_ty="-229.716125"/>
   <element name="shadow_hands" layername="catch_arm_right" frame="7" z_index="7" m_a="-0.674689" m_b="0.000000" m_c="0.000000" m_d="0.488760" m_tx="266.698730" m_ty="69.263733"/>
   <element name="shadow_hands" layername="catch_arm2_right" frame="12" z_index="6" m_a="-1.399329" m_b="0.780081" m_c="-0.730078" m_d="-1.309633" m_tx="315.500031" m_ty="-118.181183"/>
   <element name="shadow_hands" layername="catch_hand_left" frame="11" z_index="5" m_a="-1.675226" m_b="-0.387965" m_c="-0.387965" m_d="1.675226" m_tx="-187.484726" m_ty="-160.332718"/>
   <element name="shadow_hands" layername="catch_arm_left" frame="5" z_index="4" m_a="0.645816" m_b="0.000000" m_c="0.000000" m_d="0.442164" m_tx="-142.269531" m_ty="79.152527"/>
   <element name="shadow_hands" layername="shadow_arm" frame="12" z_index="3" m_a="-1.247388" m_b="-0.758822" m_c="0.792396" m_d="-1.302579" m_tx="-263.698090" m_ty="-89.613861"/>
  </frame>
  <frame idx="550" w="925" h="1151" x="-440.528076" y="-526.874390">
   <element name="shadow_hands" layername="catch_hand_right" frame="11" z_index="8" m_a="1.790491" m_b="-0.610522" m_c="0.610522" m_d="1.790491" m_tx="187.996017" m_ty="-242.880035"/>
   <element name="shadow_hands" layername="catch_arm_right" frame="7" z_index="7" m_a="-0.666531" m_b="0.000000" m_c="0.000000" m_d="0.516316" m_tx="273.108978" m_ty="68.264236"/>
   <element name="shadow_hands" layername="catch_arm2_right" frame="12" z_index="6" m_a="-1.288462" m_b="0.988031" m_c="-0.953021" m_d="-1.242807" m_tx="316.453918" m_ty="-131.154327"/>
   <element name="shadow_hands" layername="catch_hand_left" frame="11" z_index="5" m_a="-1.583987" m_b="-0.669242" m_c="-0.669242" m_d="1.583987" m_tx="-159.630646" m_ty="-163.385223"/>
   <element name="shadow_hands" layername="catch_arm_left" frame="5" z_index="4" m_a="0.631855" m_b="0.000000" m_c="0.000000" m_d="0.455139" m_tx="-148.756104" m_ty="78.589684"/>
   <element name="shadow_hands" layername="shadow_arm" frame="12" z_index="3" m_a="-1.065006" m_b="-1.003384" m_c="1.068677" m_d="-1.134309" m_tx="-262.744202" m_ty="-93.238708"/>
  </frame>
  <frame idx="575" w="884" h="1142" x="-416.414185" y="-501.454346">
   <element name="shadow_hands" layername="catch_hand_right" frame="11" z_index="8" m_a="1.729313" m_b="-0.766859" m_c="0.766859" m_d="1.729313" m_tx="168.154755" m_ty="-256.043945"/>
   <element name="shadow_hands" layername="catch_arm_right" frame="7" z_index="7" m_a="-0.658372" m_b="0.000000" m_c="0.000000" m_d="0.543872" m_tx="279.519226" m_ty="67.264740"/>
   <element name="shadow_hands" layername="catch_arm2_right" frame="12" z_index="6" m_a="-1.146504" m_b="1.180039" m_c="-1.171163" m_d="-1.137880" m_tx="317.407837" m_ty="-144.127457"/>
   <element name="shadow_hands" layername="catch_hand_left" frame="11" z_index="5" m_a="-1.445907" m_b="-0.930727" m_c="-0.930727" m_d="1.445907" m_tx="-131.776550" m_ty="-166.437729"/>
   <element name="shadow_hands" layername="catch_arm_left" frame="5" z_index="4" m_a="0.617894" m_b="0.000000" m_c="0.000000" m_d="0.468114" m_tx="-155.242676" m_ty="78.026833"/>
   <element name="shadow_hands" layername="shadow_arm" frame="12" z_index="3" m_a="-0.835332" m_b="-1.205192" m_c="1.308610" m_d="-0.907012" m_tx="-261.790283" m_ty="-96.863556"/>
  </frame>
  <frame idx="600" w="833" h="1124" x="-385.071350" y="-467.126617">
   <element name="shadow_hands" layername="catch_hand_right" frame="11" z_index="8" m_a="1.654515" m_b="-0.917158" m_c="0.917158" m_d="1.654515" m_tx="148.313492" m_ty="-269.207886"/>
   <element name="shadow_hands" layername="catch_arm_right" frame="7" z_index="7" m_a="-0.650214" m_b="0.000000" m_c="0.000000" m_d="0.571428" m_tx="285.929474" m_ty="66.265251"/>
   <element name="shadow_hands" layername="catch_arm2_right" frame="12" z_index="6" m_a="-0.975777" m_b="1.351437" m_c="-1.378015" m_d="-0.994967" m_tx="318.361755" m_ty="-157.100601"/>
   <element name="shadow_hands" layername="catch_hand_left" frame="11" z_index="5" m_a="-1.265068" m_b="-1.164690" m_c="-1.164690" m_d="1.265068" m_tx="-103.922462" m_ty="-169.490234"/>
   <element name="shadow_hands" layername="catch_arm_left" frame="5" z_index="4" m_a="0.603933" m_b="0.000000" m_c="0.000000" m_d="0.481089" m_tx="-161.729233" m_ty="77.463982"/>
   <element name="shadow_hands" layername="shadow_arm" frame="12" z_index="3" m_a="-0.568193" m_b="-1.355246" m_c="1.499525" m_d="-0.628682" m_tx="-260.836365" m_ty="-100.488403"/>
  </frame>
  <frame idx="625" w="934" h="1107" x="-379.447784" y="-449.057220">
   <element name="shadow_hands" layername="catch_hand_right" frame="11" z_index="8" m_a="1.560011" m_b="-1.037746" m_c="1.037746" m_d="1.560011" m_tx="136.143051" m_ty="-262.663239"/>
   <element name="shadow_hands" layername="catch_arm_right" frame="7" z_index="6" m_a="-0.656782" m_b="0.000000" m_c="0.000000" m_d="0.576591" m_tx="286.295837" m_ty="66.087959"/>
   <element name="shadow_hands" layername="catch_arm2_right" frame="12" z_index="7" m_a="-0.838420" m_b="1.451673" m_c="-1.497267" m_d="-0.864753" m_tx="315.383392" m_ty="-159.033157"/>
   <element name="shadow_hands" layername="catch_hand_left" frame="11" z_index="5" m_a="-1.123245" m_b="-1.302007" m_c="-1.302007" m_d="1.123245" m_tx="-92.610573" m_ty="-164.414780"/>
   <element name="shadow_hands" layername="catch_arm_left" frame="5" z_index="4" m_a="0.602148" m_b="0.000000" m_c="0.000000" m_d="0.473721" m_tx="-164.583328" m_ty="77.591316"/>
   <element name="shadow_hands" layername="shadow_arm" frame="12" z_index="3" m_a="-0.432800" m_b="-1.405811" m_c="1.568206" m_d="-0.482796" m_tx="-261.643738" m_ty="-97.363808"/>
   <element name="shadow_ball" layername="shadow_ball" frame="0" z_index="2" m_a="1.000000" m_b="0.000000" m_c="0.000000" m_d="1.000000" m_tx="7.192082" m_ty="78.024643"/>
  </frame>
  <frame idx="650" w="946" h="1097" x="-379.074768" y="-448.154602">
   <element name="shadow_hands" layername="catch_hand_right" frame="11" z_index="8" m_a="1.452875" m_b="-1.131290" m_c="1.131290" m_d="1.452875" m_tx="129.999695" m_ty="-240.633286"/>
   <element name="shadow_hands" layername="catch_arm_right" frame="7" z_index="6" m_a="-0.674921" m_b="0.000000" m_c="0.000000" m_d="0.564158" m_tx="281.913422" m_ty="66.556679"/>
   <element name="shadow_hands" layername="catch_arm2_right" frame="12" z_index="7" m_a="-0.739321" m_b="1.504562" m_c="-1.551817" m_d="-0.762541" m_tx="309.315460" m_ty="-152.290970"/>
   <element name="shadow_hands" layername="catch_hand_left" frame="11" z_index="5" m_a="-1.029659" m_b="-1.377208" m_c="-1.377208" m_d="1.029659" m_tx="-94.296112" m_ty="-152.953064"/>
   <element name="shadow_hands" layername="catch_arm_left" frame="5" z_index="4" m_a="0.609930" m_b="0.000000" m_c="0.000000" m_d="0.450370" m_tx="-164.583328" m_ty="78.260925"/>
   <element name="shadow_hands" layername="shadow_arm" frame="12" z_index="3" m_a="-0.416867" m_b="-1.410618" m_c="1.573568" m_d="-0.465022" m_tx="-263.834930" m_ty="-88.936089"/>
   <element name="shadow_ball" layername="shadow_ball" frame="1" z_index="2" m_a="1.000000" m_b="0.000000" m_c="0.000000" m_d="1.000000" m_tx="12.130985" m_ty="93.695465"/>
  </frame>
  <frame idx="675" w="957" h="1088" x="-377.698669" y="-447.740204">
   <element name="shadow_hands" layername="catch_hand_right" frame="11" z_index="8" m_a="1.340615" m_b="-1.214748" m_c="1.214748" m_d="1.340615" m_tx="123.856339" m_ty="-218.603348"/>
   <element name="shadow_hands" layername="catch_arm_right" frame="7" z_index="6" m_a="-0.693061" m_b="0.000000" m_c="0.000000" m_d="0.551725" m_tx="277.531006" m_ty="67.025406"/>
   <element name="shadow_hands" layername="catch_arm2_right" frame="12" z_index="7" m_a="-0.636902" m_b="1.550696" m_c="-1.599400" m_d="-0.656906" m_tx="303.247498" m_ty="-145.548798"/>
   <element name="shadow_hands" layername="catch_hand_left" frame="11" z_index="5" m_a="-0.931053" m_b="-1.445697" m_c="-1.445697" m_d="0.931053" m_tx="-95.981659" m_ty="-141.491364"/>
   <element name="shadow_hands" layername="catch_arm_left" frame="5" z_index="4" m_a="0.617712" m_b="0.000000" m_c="0.000000" m_d="0.427018" m_tx="-164.583328" m_ty="78.930542"/>
   <element name="shadow_hands" layername="shadow_arm" frame="12" z_index="3" m_a="-0.400880" m_b="-1.415244" m_c="1.578729" m_d="-0.447189" m_tx="-266.026154" m_ty="-80.508362"/>
   <element name="shadow_ball" layername="shadow_ball" frame="2" z_index="2" m_a="1.000000" m_b="0.000000" m_c="0.000000" m_d="1.000000" m_tx="12.685065" m_ty="94.878296"/>
  </frame>
  <frame idx="700" w="953" h="1077" x="-373.839264" y="-446.814148">
   <element name="shadow_hands" layername="catch_hand_right" frame="11" z_index="8" m_a="1.224128" m_b="-1.287886" m_c="1.287886" m_d="1.224128" m_tx="117.712982" m_ty="-196.573410"/>
   <element name="shadow_hands" layername="catch_arm_right" frame="7" z_index="6" m_a="-0.711200" m_b="0.000000" m_c="0.000000" m_d="0.539292" m_tx="273.148590" m_ty="67.494133"/>
   <element name="shadow_hands" layername="catch_arm2_right" frame="12" z_index="7" m_a="-0.531624" m_b="1.589868" m_c="-1.639802" m_d="-0.548322" m_tx="297.179535" m_ty="-138.806625"/>
   <element name="shadow_hands" layername="catch_hand_left" frame="11" z_index="5" m_a="-0.827909" m_b="-1.507139" m_c="-1.507139" m_d="0.827909" m_tx="-97.667206" m_ty="-130.029663"/>
   <element name="shadow_hands" layername="catch_arm_left" frame="5" z_index="4" m_a="0.625494" m_b="0.000000" m_c="0.000000" m_d="0.403667" m_tx="-164.583328" m_ty="79.600151"/>
   <element name="shadow_hands" layername="shadow_arm" frame="12" z_index="3" m_a="-0.384843" m_b="-1.419689" m_c="1.583687" m_d="-0.429299" m_tx="-268.217377" m_ty="-72.080635"/>
   <element name="shadow_ball" layername="shadow_ball" frame="3" z_index="2" m_a="1.000000" m_b="0.000000" m_c="0.000000" m_d="1.000000" m_tx="1.908868" m_ty="103.995102"/>
  </frame>
  <frame idx="725" w="946" h="1067" x="-369.021179" y="-445.876709">
   <element name="shadow_hands" layername="catch_hand_right" frame="11" z_index="8" m_a="1.104320" m_b="-1.350547" m_c="1.350547" m_d="1.104320" m_tx="111.569626" m_ty="-174.543472"/>
   <element name="shadow_hands" layername="catch_arm_right" frame="7" z_index="6" m_a="-0.729339" m_b="0.000000" m_c="0.000000" m_d="0.526859" m_tx="268.766174" m_ty="67.962860"/>
   <element name="shadow_hands" layername="catch_arm2_right" frame="12" z_index="7" m_a="-0.423959" m_b="1.621901" m_c="-1.672841" m_d="-0.437275" m_tx="291.111572" m_ty="-132.064438"/>
   <element name="shadow_hands" layername="catch_hand_left" frame="11" z_index="5" m_a="-0.720729" m_b="-1.561233" m_c="-1.561233" m_d="0.720729" m_tx="-99.352753" m_ty="-118.567955"/>
   <element name="shadow_hands" layername="catch_arm_left" frame="5" z_index="4" m_a="0.633277" m_b="0.000000" m_c="0.000000" m_d="0.380316" m_tx="-164.583328" m_ty="80.269768"/>
   <element name="shadow_hands" layername="shadow_arm" frame="12" z_index="3" m_a="-0.368756" m_b="-1.423952" m_c="1.588443" m_d="-0.411353" m_tx="-270.408569" m_ty="-63.652912"/>
   <element name="shadow_ball" layername="shadow_ball" frame="4" z_index="2" m_a="1.000000" m_b="0.000000" m_c="0.000000" m_d="1.000000" m_tx="-9.703689" m_ty="109.638382"/>
  </frame>
  <frame idx="750" w="947" h="1058" x="-363.773621" y="-445.428253">
   <element name="shadow_hands" layername="catch_hand_right" frame="11" z_index="8" m_a="0.982094" m_b="-1.402654" m_c="1.402654" m_d="0.982094" m_tx="105.426277" m_ty="-152.513535"/>
   <element name="shadow_hands" layername="catch_arm_right" frame="7" z_index="6" m_a="-0.747478" m_b="0.000000" m_c="0.000000" m_d="0.514426" m_tx="264.383759" m_ty="68.431580"/>
   <element name="shadow_hands" layername="catch_arm2_right" frame="12" z_index="7" m_a="-0.314391" m_b="1.646652" m_c="-1.698370" m_d="-0.324265" m_tx="285.043610" m_ty="-125.322258"/>
   <element name="shadow_hands" layername="catch_hand_left" frame="11" z_index="5" m_a="-0.610036" m_b="-1.607718" m_c="-1.607718" m_d="0.610036" m_tx="-101.038292" m_ty="-107.106255"/>
   <element name="shadow_hands" layername="catch_arm_left" frame="5" z_index="4" m_a="0.641059" m_b="0.000000" m_c="0.000000" m_d="0.356964" m_tx="-164.583328" m_ty="80.939377"/>
   <element name="shadow_hands" layername="shadow_arm" frame="12" z_index="3" m_a="-0.352621" m_b="-1.428033" m_c="1.592995" m_d="-0.393355" m_tx="-272.599792" m_ty="-55.225193"/>
   <element name="shadow_ball" layername="shadow_ball" frame="5" z_index="2" m_a="1.000000" m_b="0.000000" m_c="0.000000" m_d="1.000000" m_tx="-6.877144" m_ty="86.892426"/>
  </frame>
  <frame idx="775" w="974" h="1049" x="-360.130493" y="-444.468964">
   <element name="shadow_hands" layername="catch_hand_right" frame="11" z_index="8" m_a="0.858347" m_b="-1.444200" m_c="1.444200" m_d="0.858347" m_tx="99.282921" m_ty="-130.483597"/>
   <element name="shadow_hands" layername="catch_arm_right" frame="7" z_index="6" m_a="-0.765618" m_b="0.000000" m_c="0.000000" m_d="0.501993" m_tx="260.001343" m_ty="68.900307"/>
   <element name="shadow_hands" layername="catch_arm2_right" frame="12" z_index="7" m_a="-0.203411" m_b="1.664009" m_c="-1.716272" m_d="-0.209799" m_tx="278.975647" m_ty="-118.580078"/>
   <element name="shadow_hands" layername="catch_hand_left" frame="11" z_index="5" m_a="-0.496370" m_b="-1.646365" m_c="-1.646365" m_d="0.496370" m_tx="-102.723839" m_ty="-95.644554"/>
   <element name="shadow_hands" layername="catch_arm_left" frame="5" z_index="4" m_a="0.648841" m_b="0.000000" m_c="0.000000" m_d="0.333613" m_tx="-164.583328" m_ty="81.608994"/>
   <element name="shadow_hands" layername="shadow_arm" frame="12" z_index="3" m_a="-0.336442" m_b="-1.431931" m_c="1.597344" m_d="-0.375307" m_tx="-274.790985" m_ty="-46.797466"/>
   <element name="shadow_ball" layername="shadow_ball" frame="6" z_index="2" m_a="1.000000" m_b="0.000000" m_c="0.000000" m_d="1.000000" m_tx="0.961197" m_ty="93.870537"/>
  </frame>
  <frame idx="800" w="933" h="1078" x="-349.629791" y="-446.999207">
   <element name="shadow_hands" layername="catch_hand_right" frame="11" z_index="8" m_a="0.733960" m_b="-1.475258" m_c="1.475258" m_d="0.733960" m_tx="93.139565" m_ty="-108.453659"/>
   <element name="shadow_hands" layername="catch_arm_right" frame="7" z_index="6" m_a="-0.783757" m_b="0.000000" m_c="0.000000" m_d="0.489560" m_tx="255.618942" m_ty="69.369034"/>
   <element name="shadow_hands" layername="catch_arm2_right" frame="12" z_index="7" m_a="-0.091517" m_b="1.673896" m_c="-1.726470" m_d="-0.094392" m_tx="272.907684" m_ty="-111.837906"/>
   <element name="shadow_hands" layername="catch_hand_left" frame="11" z_index="5" m_a="-0.380282" m_b="-1.676987" m_c="-1.676987" m_d="0.380282" m_tx="-104.409386" m_ty="-84.182846"/>
   <element name="shadow_hands" layername="catch_arm_left" frame="5" z_index="4" m_a="0.656623" m_b="0.000000" m_c="0.000000" m_d="0.310261" m_tx="-164.583328" m_ty="82.278603"/>
   <element name="shadow_hands" layername="shadow_arm" frame="12" z_index="3" m_a="-0.320220" m_b="-1.435646" m_c="1.601488" m_d="-0.357211" m_tx="-276.982208" m_ty="-38.369743"/>
   <element name="shadow_ball" layername="shadow_ball" frame="7" z_index="2" m_a="1.000000" m_b="0.000000" m_c="0.000000" m_d="1.000000" m_tx="-2.753051" m_ty="105.343109"/>
  </frame>
  <frame idx="825" w="934" h="1065" x="-341.813965" y="-446.019135">
   <element name="shadow_hands" layername="catch_hand_right" frame="11" z_index="8" m_a="0.609798" m_b="-1.495969" m_c="1.495969" m_d="0.609798" m_tx="86.996208" m_ty="-86.423714"/>
   <element name="shadow_hands" layername="catch_arm_right" frame="7" z_index="6" m_a="-0.801896" m_b="0.000000" m_c="0.000000" m_d="0.477127" m_tx="251.236526" m_ty="69.837761"/>
   <element name="shadow_hands" layername="catch_arm2_right" frame="12" z_index="7" m_a="0.020787" m_b="1.676267" m_c="-1.728915" m_d="0.021440" m_tx="266.839722" m_ty="-105.095726"/>
   <element name="shadow_hands" layername="catch_hand_left" frame="11" z_index="5" m_a="-0.262342" m_b="-1.699434" m_c="-1.699434" m_d="0.262342" m_tx="-106.094933" m_ty="-72.721146"/>
   <element name="shadow_hands" layername="catch_arm_left" frame="5" z_index="4" m_a="0.664405" m_b="0.000000" m_c="0.000000" m_d="0.286910" m_tx="-164.583328" m_ty="82.948219"/>
   <element name="shadow_hands" layername="shadow_arm" frame="12" z_index="3" m_a="-0.303956" m_b="-1.439177" m_c="1.605427" m_d="-0.339069" m_tx="-279.173401" m_ty="-29.942019"/>
   <element name="shadow_ball" layername="shadow_ball" frame="4" z_index="2" m_a="1.000000" m_b="0.000000" m_c="0.000000" m_d="1.000000" m_tx="6.580497" m_ty="101.692993"/>
  </frame>
  <frame idx="850" w="901" h="1018" x="-330.729401" y="-442.029175">
   <element name="shadow_hands" layername="catch_hand_right" frame="11" z_index="8" m_a="0.486698" m_b="-1.506545" m_c="1.506545" m_d="0.486698" m_tx="80.852852" m_ty="-64.393776"/>
   <element name="shadow_hands" layername="catch_arm_right" frame="7" z_index="6" m_a="-0.820035" m_b="0.000000" m_c="0.000000" m_d="0.464694" m_tx="246.854095" m_ty="70.306480"/>
   <element name="shadow_hands" layername="catch_arm2_right" frame="12" z_index="7" m_a="0.132998" m_b="1.671112" m_c="-1.723598" m_d="0.137175" m_tx="260.771759" m_ty="-98.353546"/>
   <element name="shadow_hands" layername="catch_hand_left" frame="11" z_index="5" m_a="-0.143123" m_b="-1.713597" m_c="-1.713597" m_d="0.143123" m_tx="-107.780479" m_ty="-61.259438"/>
   <element name="shadow_hands" layername="catch_arm_left" frame="5" z_index="4" m_a="0.672187" m_b="0.000000" m_c="0.000000" m_d="0.263559" m_tx="-164.583328" m_ty="83.617828"/>
   <element name="shadow_hands" layername="shadow_arm" frame="12" z_index="3" m_a="-0.287654" m_b="-1.442524" m_c="1.609160" m_d="-0.320883" m_tx="-281.364624" m_ty="-21.514294"/>
   <element name="shadow_ball" layername="shadow_ball" frame="2" z_index="2" m_a="1.000000" m_b="0.000000" m_c="0.000000" m_d="1.000000" m_tx="8.419151" m_ty="94.234283"/>
  </frame>
  <frame idx="875" w="867" h="1009" x="-318.426025" y="-441.529510">
   <element name="shadow_hands" layername="catch_hand_right" frame="11" z_index="8" m_a="0.365469" m_b="-1.507264" m_c="1.507264" m_d="0.365469" m_tx="74.709496" m_ty="-42.363834"/>
   <element name="shadow_hands" layername="catch_arm_right" frame="7" z_index="6" m_a="-0.838175" m_b="0.000000" m_c="0.000000" m_d="0.452261" m_tx="242.471680" m_ty="70.775208"/>
   <element name="shadow_hands" layername="catch_arm2_right" frame="12" z_index="7" m_a="0.244612" m_b="1.658454" m_c="-1.710542" m_d="0.252295" m_tx="254.703812" m_ty="-91.611366"/>
   <element name="shadow_hands" layername="catch_hand_left" frame="11" z_index="5" m_a="-0.023206" m_b="-1.719407" m_c="-1.719407" m_d="0.023206" m_tx="-109.466019" m_ty="-49.797733"/>
   <element name="shadow_hands" layername="catch_arm_left" frame="5" z_index="4" m_a="0.679969" m_b="0.000000" m_c="0.000000" m_d="0.240207" m_tx="-164.583328" m_ty="84.287445"/>
   <element name="shadow_hands" layername="shadow_arm" frame="12" z_index="3" m_a="-0.271315" m_b="-1.445686" m_c="1.612688" m_d="-0.302657" m_tx="-283.555847" m_ty="-13.086570"/>
   <element name="shadow_ball" layername="shadow_ball" frame="1" z_index="2" m_a="1.000000" m_b="0.000000" m_c="0.000000" m_d="1.000000" m_tx="0.603581" m_ty="70.470520"/>
  </frame>
  <frame idx="900" w="805" h="983" x="-302.625854" y="-430.377777">
   <element name="shadow_hands" layername="catch_hand_right" frame="11" z_index="8" m_a="0.297151" m_b="-1.394006" m_c="1.505071" m_d="0.320826" m_tx="78.120575" m_ty="-28.429647"/>
   <element name="shadow_hands" layername="catch_arm_right" frame="7" z_index="6" m_a="-0.798541" m_b="0.000000" m_c="0.000000" m_d="0.418734" m_tx="246.141098" m_ty="72.966728"/>
   <element name="shadow_hands" layername="catch_arm2_right" frame="12" z_index="7" m_a="0.251272" m_b="1.558415" m_c="-1.617839" m_d="0.260854" m_tx="251.973755" m_ty="-79.557411"/>
   <element name="shadow_hands" layername="catch_hand_left" frame="11" z_index="5" m_a="0.020084" m_b="-1.595440" m_c="-1.625923" m_d="-0.020467" m_tx="-110.095596" m_ty="-37.492985"/>
   <element name="shadow_hands" layername="catch_arm_left" frame="5" z_index="4" m_a="0.644560" m_b="0.000000" m_c="0.000000" m_d="0.215766" m_tx="-164.583328" m_ty="84.046875"/>
   <element name="shadow_hands" layername="shadow_arm" frame="12" z_index="3" m_a="-0.245717" m_b="-1.340510" m_c="1.524360" m_d="-0.279417" m_tx="-281.471497" m_ty="-7.563701"/>
   <element name="shadow_ball" layername="shadow_ball" frame="0" z_index="2" m_a="0.929930" m_b="0.000000" m_c="0.000000" m_d="0.922346" m_tx="-1.542841" m_ty="64.453300"/>
  </frame>
  <frame idx="925" w="744" h="952" x="-290.373688" y="-416.544250">
   <element name="shadow_hands" layername="catch_hand_right" frame="11" z_index="8" m_a="0.248516" m_b="-1.245687" m_c="1.503586" m_d="0.299967" m_tx="84.548851" m_ty="-17.052015"/>
   <element name="shadow_hands" layername="catch_arm_right" frame="7" z_index="6" m_a="-0.740664" m_b="0.000000" m_c="0.000000" m_d="0.378546" m_tx="252.353195" m_ty="75.702286"/>
   <element name="shadow_hands" layername="catch_arm2_right" frame="12" z_index="7" m_a="0.225761" m_b="1.432100" m_c="-1.501357" m_d="0.236679" m_tx="250.297775" m_ty="-65.826050"/>
   <element name="shadow_hands" layername="catch_hand_left" frame="11" z_index="5" m_a="0.035599" m_b="-1.431970" m_c="-1.502545" m_d="-0.037354" m_tx="-110.391701" m_ty="-24.922009"/>
   <element name="shadow_hands" layername="catch_arm_left" frame="5" z_index="4" m_a="0.595512" m_b="0.000000" m_c="0.000000" m_d="0.190980" m_tx="-164.583328" m_ty="83.518875"/>
   <element name="shadow_hands" layername="shadow_arm" frame="12" z_index="3" m_a="-0.217689" m_b="-1.201064" m_c="1.406984" m_d="-0.255012" m_tx="-278.036987" m_ty="-2.958155"/>
   <element name="shadow_ball" layername="shadow_ball" frame="0" z_index="2" m_a="0.837732" m_b="0.000000" m_c="0.000000" m_d="0.820170" m_tx="-1.542841" m_ty="65.128975"/>
  </frame>
  <frame idx="950" w="693" h="922" x="-287.038818" y="-402.766113">
   <element name="shadow_hands" layername="catch_hand_right" frame="11" z_index="8" m_a="0.203824" m_b="-1.096358" m_c="1.501814" m_d="0.279203" m_tx="90.977119" m_ty="-5.674384"/>
   <element name="shadow_hands" layername="catch_arm_right" frame="7" z_index="6" m_a="-0.682786" m_b="0.000000" m_c="0.000000" m_d="0.338359" m_tx="258.565308" m_ty="78.437851"/>
   <element name="shadow_hands" layername="catch_arm2_right" frame="12" z_index="7" m_a="0.201139" m_b="1.305628" m_c="-1.384728" m_d="0.213325" m_tx="248.621796" m_ty="-52.094692"/>
   <element name="shadow_hands" layername="catch_hand_left" frame="11" z_index="5" m_a="0.047108" m_b="-1.268383" m_c="-1.379016" m_d="-0.051217" m_tx="-110.687813" m_ty="-12.351033"/>
   <element name="shadow_hands" layername="catch_arm_left" frame="5" z_index="4" m_a="0.546464" m_b="0.000000" m_c="0.000000" m_d="0.166194" m_tx="-164.583328" m_ty="82.990883"/>
   <element name="shadow_hands" layername="shadow_arm" frame="12" z_index="3" m_a="-0.190218" m_b="-1.061512" m_c="1.289519" m_d="-0.231075" m_tx="-274.602509" m_ty="1.647390"/>
   <element name="shadow_ball" layername="shadow_ball" frame="0" z_index="2" m_a="0.745534" m_b="0.000000" m_c="0.000000" m_d="0.717995" m_tx="-1.542841" m_ty="65.804657"/>
  </frame>
  <frame idx="975" w="644" h="892" x="-283.709930" y="-389.043365">
   <element name="shadow_hands" layername="catch_hand_right" frame="11" z_index="8" m_a="0.163094" m_b="-0.946099" m_c="1.499757" m_d="0.258537" m_tx="97.405388" m_ty="5.703248"/>
   <element name="shadow_hands" layername="catch_arm_right" frame="7" z_index="6" m_a="-0.624909" m_b="0.000000" m_c="0.000000" m_d="0.298171" m_tx="264.777405" m_ty="81.173409"/>
   <element name="shadow_hands" layername="catch_arm2_right" frame="12" z_index="7" m_a="0.177406" m_b="1.179002" m_c="-1.267954" m_d="0.190791" m_tx="246.945816" m_ty="-38.363335"/>
   <element name="shadow_hands" layername="catch_hand_left" frame="11" z_index="5" m_a="0.054609" m_b="-1.104755" m_c="-1.255392" m_d="-0.062055" m_tx="-110.983925" m_ty="0.219941"/>
   <element name="shadow_hands" layername="catch_arm_left" frame="5" z_index="4" m_a="0.497416" m_b="0.000000" m_c="0.000000" m_d="0.141409" m_tx="-164.583328" m_ty="82.462891"/>
   <element name="shadow_hands" layername="shadow_arm" frame="12" z_index="3" m_a="-0.163301" m_b="-0.921856" m_c="1.171964" m_d="-0.207607" m_tx="-271.167999" m_ty="6.252936"/>
   <element name="shadow_ball" layername="shadow_ball" frame="0" z_index="2" m_a="0.653336" m_b="0.000000" m_c="0.000000" m_d="0.615819" m_tx="-1.542841" m_ty="66.480331"/>
  </frame>
  <frame idx="1000" w="647" h="862" x="-284.386963" y="-375.376099">
   <element name="shadow_hands" layername="catch_hand_right" frame="11" z_index="8" m_a="0.126341" m_b="-0.794986" m_c="1.497417" m_d="0.237972" m_tx="103.833656" m_ty="17.080879"/>
   <element name="shadow_hands" layername="catch_arm_right" frame="7" z_index="6" m_a="-0.567031" m_b="0.000000" m_c="0.000000" m_d="0.257983" m_tx="270.989502" m_ty="83.908966"/>
   <element name="shadow_hands" layername="catch_arm2_right" frame="12" z_index="7" m_a="0.154563" m_b="1.052227" m_c="-1.151042" m_d="0.169077" m_tx="245.269836" m_ty="-24.631975"/>
   <element name="shadow_hands" layername="catch_hand_left" frame="11" z_index="5" m_a="0.058104" m_b="-0.941157" m_c="-1.131728" m_d="-0.069870" m_tx="-111.280029" m_ty="12.790915"/>
   <element name="shadow_hands" layername="catch_arm_left" frame="5" z_index="4" m_a="0.448368" m_b="0.000000" m_c="0.000000" m_d="0.116623" m_tx="-164.583328" m_ty="81.934891"/>
   <element name="shadow_hands" layername="shadow_arm" frame="12" z_index="3" m_a="-0.136941" m_b="-0.782098" m_c="1.054321" m_d="-0.184606" m_tx="-267.733490" m_ty="10.858481"/>
   <element name="shadow_ball" layername="shadow_ball" frame="0" z_index="2" m_a="0.561138" m_b="0.000000" m_c="0.000000" m_d="0.513643" m_tx="-1.542841" m_ty="67.156006"/>
  </frame>
  <frame idx="1025" w="651" h="831" x="-285.569946" y="-361.764435">
   <element name="shadow_hands" layername="catch_hand_right" frame="11" z_index="8" m_a="0.093580" m_b="-0.643099" m_c="1.494797" m_d="0.217514" m_tx="110.261925" m_ty="28.458509"/>
   <element name="shadow_hands" layername="catch_arm_right" frame="7" z_index="6" m_a="-0.509154" m_b="0.000000" m_c="0.000000" m_d="0.217795" m_tx="277.201599" m_ty="86.644524"/>
   <element name="shadow_hands" layername="catch_arm2_right" frame="12" z_index="7" m_a="0.132609" m_b="0.925309" m_c="-1.033994" m_d="0.148185" m_tx="243.593857" m_ty="-10.900618"/>
   <element name="shadow_hands" layername="catch_hand_left" frame="11" z_index="5" m_a="0.057595" m_b="-0.777665" m_c="-1.008079" m_d="-0.074660" m_tx="-111.576141" m_ty="25.361889"/>
   <element name="shadow_hands" layername="catch_arm_left" frame="5" z_index="4" m_a="0.399319" m_b="0.000000" m_c="0.000000" m_d="0.091837" m_tx="-164.583328" m_ty="81.406898"/>
   <element name="shadow_hands" layername="shadow_arm" frame="12" z_index="3" m_a="-0.111138" m_b="-0.642239" m_c="0.936592" m_d="-0.162074" m_tx="-264.298981" m_ty="15.464027"/>
   <element name="shadow_ball" layername="shadow_ball" frame="0" z_index="2" m_a="0.468940" m_b="0.000000" m_c="0.000000" m_d="0.411467" m_tx="-1.542841" m_ty="67.831680"/>
  </frame>
  <frame idx="1050" w="654" h="801" x="-286.258789" y="-348.208466">
   <element name="shadow_hands" layername="catch_hand_right" frame="11" z_index="8" m_a="0.064825" m_b="-0.490516" m_c="1.491899" m_d="0.197166" m_tx="116.690201" m_ty="39.836147"/>
   <element name="shadow_hands" layername="catch_arm_right" frame="7" z_index="6" m_a="-0.451276" m_b="0.000000" m_c="0.000000" m_d="0.177607" m_tx="283.413696" m_ty="89.380089"/>
   <element name="shadow_hands" layername="catch_arm2_right" frame="12" z_index="7" m_a="0.111548" m_b="0.798251" m_c="-0.916815" m_d="0.128116" m_tx="241.917877" m_ty="2.830747"/>
   <element name="shadow_hands" layername="catch_hand_left" frame="11" z_index="5" m_a="0.053085" m_b="-0.614351" m_c="-0.884502" m_d="-0.076429" m_tx="-111.872246" m_ty="37.932873"/>
   <element name="shadow_hands" layername="catch_arm_left" frame="5" z_index="4" m_a="0.350271" m_b="0.000000" m_c="0.000000" m_d="0.067052" m_tx="-164.583328" m_ty="80.878899"/>
   <element name="shadow_hands" layername="shadow_arm" frame="12" z_index="3" m_a="-0.085890" m_b="-0.502282" m_c="0.818778" m_d="-0.140012" m_tx="-260.864471" m_ty="20.069576"/>
   <element name="shadow_ball" layername="shadow_ball" frame="0" z_index="2" m_a="0.376742" m_b="0.000000" m_c="0.000000" m_d="0.309291" m_tx="-1.542841" m_ty="68.507355"/>
  </frame>
  <frame idx="1075" w="659" h="771" x="-287.453430" y="-334.708252">
   <element name="shadow_hands" layername="catch_hand_right" frame="11" z_index="8" m_a="0.040089" m_b="-0.337317" m_c="1.488724" m_d="0.176930" m_tx="123.118469" m_ty="51.213779"/>
   <element name="shadow_hands" layername="catch_arm_right" frame="7" z_index="6" m_a="-0.393399" m_b="0.000000" m_c="0.000000" m_d="0.137419" m_tx="289.625793" m_ty="92.115646"/>
   <element name="shadow_hands" layername="catch_arm2_right" frame="12" z_index="7" m_a="0.091379" m_b="0.671058" m_c="-0.799510" m_d="0.108870" m_tx="240.241898" m_ty="16.562105"/>
   <element name="shadow_hands" layername="catch_hand_left" frame="11" z_index="5" m_a="0.044579" m_b="-0.451289" m_c="-0.761051" m_d="-0.075178" m_tx="-112.168358" m_ty="50.503845"/>
   <element name="shadow_hands" layername="catch_arm_left" frame="5" z_index="4" m_a="0.301223" m_b="0.000000" m_c="0.000000" m_d="0.042266" m_tx="-164.583328" m_ty="80.350906"/>
   <element name="shadow_hands" layername="shadow_arm" frame="12" z_index="3" m_a="-0.061200" m_b="-0.362227" m_c="0.700881" m_d="-0.118418" m_tx="-257.429962" m_ty="24.675121"/>
   <element name="shadow_ball" layername="shadow_ball" frame="0" z_index="2" m_a="0.284545" m_b="0.000000" m_c="0.000000" m_d="0.207115" m_tx="-1.542841" m_ty="69.183029"/>
  </frame>
  <frame idx="1100" w="663" h="741" x="-288.653809" y="-321.263947">
   <element name="shadow_hands" layername="catch_hand_right" frame="11" z_index="8" m_a="0.019382" m_b="-0.183580" m_c="1.485277" m_d="0.156812" m_tx="129.546738" m_ty="62.591412"/>
   <element name="shadow_hands" layername="catch_arm_right" frame="7" z_index="6" m_a="-0.335521" m_b="0.000000" m_c="0.000000" m_d="0.097232" m_tx="295.837891" m_ty="94.851204"/>
   <element name="shadow_hands" layername="catch_arm2_right" frame="12" z_index="7" m_a="0.072102" m_b="0.543736" m_c="-0.682082" m_d="0.090447" m_tx="238.565918" m_ty="30.293463"/>
   <element name="shadow_hands" layername="catch_hand_left" frame="11" z_index="5" m_a="0.032083" m_b="-0.288553" m_c="-0.637783" m_d="-0.070912" m_tx="-112.464470" m_ty="63.074821"/>
   <element name="shadow_hands" layername="catch_arm_left" frame="5" z_index="4" m_a="0.252175" m_b="0.000000" m_c="0.000000" m_d="0.017480" m_tx="-164.583328" m_ty="79.822914"/>
   <element name="shadow_hands" layername="shadow_arm" frame="12" z_index="3" m_a="-0.037067" m_b="-0.222076" m_c="0.582901" m_d="-0.097293" m_tx="-253.995468" m_ty="29.280666"/>
   <element name="shadow_ball" layername="shadow_ball" frame="0" z_index="2" m_a="0.192347" m_b="0.000000" m_c="0.000000" m_d="0.104939" m_tx="-1.542841" m_ty="69.858711"/>
  </frame>
  <frame idx="1125" w="663" h="741" x="-288.653809" y="-321.263947"/>
  <frame idx="1150" w="663" h="741" x="-288.653809" y="-321.263947"/>
  <frame idx="1175" w="663" h="741" x="-288.653809" y="-321.263947"/>
 </anim>
</Anims>
