<Anims>
 <anim name="idle" root="popcorn_gun" numframes="1000" framerate="40">
  <frame idx="0" w="189" h="121" x="-20.249979" y="-29.118448">
   <element name="grass" layername="grass" frame="0" z_index="2" m_a="1.217672" m_b="-0.010480" m_c="0.014523" m_d="1.687384" m_tx="-69.393143" m_ty="-17.715469"/>
   <element name="popcorn" layername="popcorngun" frame="0" z_index="3" m_a="2.058442" m_b="0.000000" m_c="0.000000" m_d="2.115973" m_tx="-82.470779" m_ty="-60.937908"/>
  </frame>
  <frame idx="25" w="189" h="121" x="-20.249979" y="-29.118448">
   <element name="grass" layername="grass" frame="0" z_index="2" m_a="1.217672" m_b="-0.010480" m_c="0.014523" m_d="1.687384" m_tx="-69.393143" m_ty="-17.715469"/>
   <element name="popcorn" layername="popcorngun" frame="0" z_index="3" m_a="2.058442" m_b="0.000000" m_c="0.000000" m_d="2.115973" m_tx="-82.470779" m_ty="-60.937908"/>
  </frame>
  <frame idx="50" w="189" h="121" x="-20.249979" y="-29.118448">
   <element name="grass" layername="grass" frame="0" z_index="2" m_a="1.217672" m_b="-0.010480" m_c="0.014523" m_d="1.687384" m_tx="-69.393143" m_ty="-17.715469"/>
   <element name="popcorn" layername="popcorngun" frame="0" z_index="3" m_a="2.058442" m_b="0.000000" m_c="0.000000" m_d="2.115973" m_tx="-82.470779" m_ty="-60.937908"/>
  </frame>
  <frame idx="75" w="189" h="121" x="-20.249979" y="-29.118448">
   <element name="grass" layername="grass" frame="0" z_index="2" m_a="1.217672" m_b="-0.010480" m_c="0.014523" m_d="1.687384" m_tx="-69.393143" m_ty="-17.715469"/>
   <element name="popcorn" layername="popcorngun" frame="0" z_index="3" m_a="2.058442" m_b="0.000000" m_c="0.000000" m_d="2.115973" m_tx="-82.470779" m_ty="-60.937908"/>
  </frame>
  <frame idx="100" w="189" h="121" x="-20.249979" y="-29.118448">
   <element name="grass" layername="grass" frame="0" z_index="2" m_a="1.217672" m_b="-0.010480" m_c="0.014523" m_d="1.687384" m_tx="-69.393143" m_ty="-17.715469"/>
   <element name="popcorn" layername="popcorngun" frame="0" z_index="3" m_a="2.058442" m_b="0.000000" m_c="0.000000" m_d="2.115973" m_tx="-82.470779" m_ty="-60.937908"/>
  </frame>
  <frame idx="125" w="189" h="121" x="-20.249979" y="-29.118448">
   <element name="grass" layername="grass" frame="0" z_index="2" m_a="1.217672" m_b="-0.010480" m_c="0.014523" m_d="1.687384" m_tx="-69.393143" m_ty="-17.715469"/>
   <element name="popcorn" layername="popcorngun" frame="0" z_index="3" m_a="2.058442" m_b="0.000000" m_c="0.000000" m_d="2.115973" m_tx="-82.470779" m_ty="-60.937908"/>
  </frame>
  <frame idx="150" w="189" h="121" x="-20.249979" y="-29.118448">
   <element name="grass" layername="grass" frame="0" z_index="2" m_a="1.217672" m_b="-0.010480" m_c="0.014523" m_d="1.687384" m_tx="-69.393143" m_ty="-17.715469"/>
   <element name="popcorn" layername="popcorngun" frame="0" z_index="3" m_a="2.058442" m_b="0.000000" m_c="0.000000" m_d="2.115973" m_tx="-82.470779" m_ty="-60.937908"/>
  </frame>
  <frame idx="175" w="189" h="121" x="-20.249979" y="-29.118448">
   <element name="grass" layername="grass" frame="0" z_index="2" m_a="1.217672" m_b="-0.010480" m_c="0.014523" m_d="1.687384" m_tx="-69.393143" m_ty="-17.715469"/>
   <element name="popcorn" layername="popcorngun" frame="0" z_index="3" m_a="2.058442" m_b="0.000000" m_c="0.000000" m_d="2.115973" m_tx="-82.470779" m_ty="-60.937908"/>
  </frame>
  <frame idx="200" w="189" h="121" x="-20.249979" y="-29.118448">
   <element name="grass" layername="grass" frame="0" z_index="2" m_a="1.217672" m_b="-0.010480" m_c="0.014523" m_d="1.687384" m_tx="-69.393143" m_ty="-17.715469"/>
   <element name="popcorn" layername="popcorngun" frame="0" z_index="3" m_a="2.058442" m_b="0.000000" m_c="0.000000" m_d="2.115973" m_tx="-82.470779" m_ty="-60.937908"/>
  </frame>
  <frame idx="225" w="189" h="121" x="-20.249979" y="-29.118448">
   <element name="grass" layername="grass" frame="0" z_index="2" m_a="1.217672" m_b="-0.010480" m_c="0.014523" m_d="1.687384" m_tx="-69.393143" m_ty="-17.715469"/>
   <element name="popcorn" layername="popcorngun" frame="0" z_index="3" m_a="2.058442" m_b="0.000000" m_c="0.000000" m_d="2.115973" m_tx="-82.470779" m_ty="-60.937908"/>
  </frame>
  <frame idx="250" w="189" h="121" x="-20.249979" y="-29.118448">
   <element name="grass" layername="grass" frame="0" z_index="2" m_a="1.217672" m_b="-0.010480" m_c="0.014523" m_d="1.687384" m_tx="-69.393143" m_ty="-17.715469"/>
   <element name="popcorn" layername="popcorngun" frame="0" z_index="3" m_a="2.058442" m_b="0.000000" m_c="0.000000" m_d="2.115973" m_tx="-82.470779" m_ty="-60.937908"/>
  </frame>
  <frame idx="275" w="189" h="121" x="-20.249979" y="-29.118448">
   <element name="grass" layername="grass" frame="0" z_index="2" m_a="1.217672" m_b="-0.010480" m_c="0.014523" m_d="1.687384" m_tx="-69.393143" m_ty="-17.715469"/>
   <element name="popcorn" layername="popcorngun" frame="0" z_index="3" m_a="2.058442" m_b="0.000000" m_c="0.000000" m_d="2.115973" m_tx="-82.470779" m_ty="-60.937908"/>
  </frame>
  <frame idx="300" w="189" h="121" x="-20.249979" y="-29.118448">
   <element name="grass" layername="grass" frame="0" z_index="2" m_a="1.217672" m_b="-0.010480" m_c="0.014523" m_d="1.687384" m_tx="-69.393143" m_ty="-17.715469"/>
   <element name="popcorn" layername="popcorngun" frame="0" z_index="3" m_a="2.058442" m_b="0.000000" m_c="0.000000" m_d="2.115973" m_tx="-82.470779" m_ty="-60.937908"/>
  </frame>
  <frame idx="325" w="189" h="121" x="-20.249979" y="-29.118448">
   <element name="grass" layername="grass" frame="0" z_index="2" m_a="1.217672" m_b="-0.010480" m_c="0.014523" m_d="1.687384" m_tx="-69.393143" m_ty="-17.715469"/>
   <element name="popcorn" layername="popcorngun" frame="0" z_index="3" m_a="2.058442" m_b="0.000000" m_c="0.000000" m_d="2.115973" m_tx="-82.470779" m_ty="-60.937908"/>
  </frame>
  <frame idx="350" w="189" h="121" x="-20.249979" y="-29.118448">
   <element name="grass" layername="grass" frame="0" z_index="2" m_a="1.217672" m_b="-0.010480" m_c="0.014523" m_d="1.687384" m_tx="-69.393143" m_ty="-17.715469"/>
   <element name="popcorn" layername="popcorngun" frame="0" z_index="3" m_a="2.058442" m_b="0.000000" m_c="0.000000" m_d="2.115973" m_tx="-82.470779" m_ty="-60.937908"/>
  </frame>
  <frame idx="375" w="189" h="121" x="-20.249979" y="-29.118448">
   <element name="grass" layername="grass" frame="0" z_index="2" m_a="1.217672" m_b="-0.010480" m_c="0.014523" m_d="1.687384" m_tx="-69.393143" m_ty="-17.715469"/>
   <element name="popcorn" layername="popcorngun" frame="0" z_index="3" m_a="2.058442" m_b="0.000000" m_c="0.000000" m_d="2.115973" m_tx="-82.470779" m_ty="-60.937908"/>
  </frame>
  <frame idx="400" w="189" h="121" x="-20.249979" y="-29.118448">
   <element name="grass" layername="grass" frame="0" z_index="2" m_a="1.217672" m_b="-0.010480" m_c="0.014523" m_d="1.687384" m_tx="-69.393143" m_ty="-17.715469"/>
   <element name="popcorn" layername="popcorngun" frame="0" z_index="3" m_a="2.058442" m_b="0.000000" m_c="0.000000" m_d="2.115973" m_tx="-82.470779" m_ty="-60.937908"/>
  </frame>
  <frame idx="425" w="189" h="121" x="-20.249979" y="-29.118448">
   <element name="grass" layername="grass" frame="0" z_index="2" m_a="1.217672" m_b="-0.010480" m_c="0.014523" m_d="1.687384" m_tx="-69.393143" m_ty="-17.715469"/>
   <element name="popcorn" layername="popcorngun" frame="0" z_index="3" m_a="2.058442" m_b="0.000000" m_c="0.000000" m_d="2.115973" m_tx="-82.470779" m_ty="-60.937908"/>
  </frame>
  <frame idx="450" w="189" h="121" x="-20.249979" y="-29.118448">
   <element name="grass" layername="grass" frame="0" z_index="2" m_a="1.217672" m_b="-0.010480" m_c="0.014523" m_d="1.687384" m_tx="-69.393143" m_ty="-17.715469"/>
   <element name="popcorn" layername="popcorngun" frame="0" z_index="3" m_a="2.058442" m_b="0.000000" m_c="0.000000" m_d="2.115973" m_tx="-82.470779" m_ty="-60.937908"/>
  </frame>
  <frame idx="475" w="189" h="121" x="-20.249979" y="-29.118448">
   <element name="grass" layername="grass" frame="0" z_index="2" m_a="1.217672" m_b="-0.010480" m_c="0.014523" m_d="1.687384" m_tx="-69.393143" m_ty="-17.715469"/>
   <element name="popcorn" layername="popcorngun" frame="0" z_index="3" m_a="2.058442" m_b="0.000000" m_c="0.000000" m_d="2.115973" m_tx="-82.470779" m_ty="-60.937908"/>
  </frame>
  <frame idx="500" w="189" h="121" x="-20.249979" y="-29.118448">
   <element name="grass" layername="grass" frame="0" z_index="2" m_a="1.217672" m_b="-0.010480" m_c="0.014523" m_d="1.687384" m_tx="-69.393143" m_ty="-17.715469"/>
   <element name="popcorn" layername="popcorngun" frame="0" z_index="3" m_a="2.058442" m_b="0.000000" m_c="0.000000" m_d="2.115973" m_tx="-82.470779" m_ty="-60.937908"/>
  </frame>
  <frame idx="525" w="189" h="121" x="-20.249979" y="-29.118448">
   <element name="grass" layername="grass" frame="0" z_index="2" m_a="1.217672" m_b="-0.010480" m_c="0.014523" m_d="1.687384" m_tx="-69.393143" m_ty="-17.715469"/>
   <element name="popcorn" layername="popcorngun" frame="0" z_index="3" m_a="2.058442" m_b="0.000000" m_c="0.000000" m_d="2.115973" m_tx="-82.470779" m_ty="-60.937908"/>
  </frame>
  <frame idx="550" w="189" h="121" x="-20.249979" y="-29.118448">
   <element name="grass" layername="grass" frame="0" z_index="2" m_a="1.217672" m_b="-0.010480" m_c="0.014523" m_d="1.687384" m_tx="-69.393143" m_ty="-17.715469"/>
   <element name="popcorn" layername="popcorngun" frame="0" z_index="3" m_a="2.058442" m_b="0.000000" m_c="0.000000" m_d="2.115973" m_tx="-82.470779" m_ty="-60.937908"/>
  </frame>
  <frame idx="575" w="189" h="121" x="-20.249979" y="-29.118448">
   <element name="grass" layername="grass" frame="0" z_index="2" m_a="1.217672" m_b="-0.010480" m_c="0.014523" m_d="1.687384" m_tx="-69.393143" m_ty="-17.715469"/>
   <element name="popcorn" layername="popcorngun" frame="0" z_index="3" m_a="2.058442" m_b="0.000000" m_c="0.000000" m_d="2.115973" m_tx="-82.470779" m_ty="-60.937908"/>
  </frame>
  <frame idx="600" w="189" h="121" x="-20.249979" y="-29.118448">
   <element name="grass" layername="grass" frame="0" z_index="2" m_a="1.217672" m_b="-0.010480" m_c="0.014523" m_d="1.687384" m_tx="-69.393143" m_ty="-17.715469"/>
   <element name="popcorn" layername="popcorngun" frame="0" z_index="3" m_a="2.058442" m_b="0.000000" m_c="0.000000" m_d="2.115973" m_tx="-82.470779" m_ty="-60.937908"/>
  </frame>
  <frame idx="625" w="189" h="121" x="-20.249979" y="-29.118448">
   <element name="grass" layername="grass" frame="0" z_index="2" m_a="1.217672" m_b="-0.010480" m_c="0.014523" m_d="1.687384" m_tx="-69.393143" m_ty="-17.715469"/>
   <element name="popcorn" layername="popcorngun" frame="0" z_index="3" m_a="2.058442" m_b="0.000000" m_c="0.000000" m_d="2.115973" m_tx="-82.470779" m_ty="-60.937908"/>
  </frame>
  <frame idx="650" w="189" h="121" x="-20.249979" y="-29.118448">
   <element name="grass" layername="grass" frame="0" z_index="2" m_a="1.217672" m_b="-0.010480" m_c="0.014523" m_d="1.687384" m_tx="-69.393143" m_ty="-17.715469"/>
   <element name="popcorn" layername="popcorngun" frame="0" z_index="3" m_a="2.058442" m_b="0.000000" m_c="0.000000" m_d="2.115973" m_tx="-82.470779" m_ty="-60.937908"/>
  </frame>
  <frame idx="675" w="189" h="121" x="-20.249979" y="-29.118448">
   <element name="grass" layername="grass" frame="0" z_index="2" m_a="1.217672" m_b="-0.010480" m_c="0.014523" m_d="1.687384" m_tx="-69.393143" m_ty="-17.715469"/>
   <element name="popcorn" layername="popcorngun" frame="0" z_index="3" m_a="2.058442" m_b="0.000000" m_c="0.000000" m_d="2.115973" m_tx="-82.470779" m_ty="-60.937908"/>
  </frame>
  <frame idx="700" w="189" h="121" x="-20.249979" y="-29.118448">
   <element name="grass" layername="grass" frame="0" z_index="2" m_a="1.217672" m_b="-0.010480" m_c="0.014523" m_d="1.687384" m_tx="-69.393143" m_ty="-17.715469"/>
   <element name="popcorn" layername="popcorngun" frame="0" z_index="3" m_a="2.058442" m_b="0.000000" m_c="0.000000" m_d="2.115973" m_tx="-82.470779" m_ty="-60.937908"/>
  </frame>
  <frame idx="725" w="189" h="121" x="-20.249979" y="-29.118448">
   <element name="grass" layername="grass" frame="0" z_index="2" m_a="1.217672" m_b="-0.010480" m_c="0.014523" m_d="1.687384" m_tx="-69.393143" m_ty="-17.715469"/>
   <element name="popcorn" layername="popcorngun" frame="0" z_index="3" m_a="2.058442" m_b="0.000000" m_c="0.000000" m_d="2.115973" m_tx="-82.470779" m_ty="-60.937908"/>
  </frame>
  <frame idx="750" w="189" h="121" x="-20.249979" y="-29.118448">
   <element name="grass" layername="grass" frame="0" z_index="2" m_a="1.217672" m_b="-0.010480" m_c="0.014523" m_d="1.687384" m_tx="-69.393143" m_ty="-17.715469"/>
   <element name="popcorn" layername="popcorngun" frame="0" z_index="3" m_a="2.058442" m_b="0.000000" m_c="0.000000" m_d="2.115973" m_tx="-82.470779" m_ty="-60.937908"/>
  </frame>
  <frame idx="775" w="189" h="121" x="-20.249979" y="-29.118448">
   <element name="grass" layername="grass" frame="0" z_index="2" m_a="1.217672" m_b="-0.010480" m_c="0.014523" m_d="1.687384" m_tx="-69.393143" m_ty="-17.715469"/>
   <element name="popcorn" layername="popcorngun" frame="0" z_index="3" m_a="2.058442" m_b="0.000000" m_c="0.000000" m_d="2.115973" m_tx="-82.470779" m_ty="-60.937908"/>
  </frame>
  <frame idx="800" w="189" h="121" x="-20.249979" y="-29.118448">
   <element name="grass" layername="grass" frame="0" z_index="2" m_a="1.217672" m_b="-0.010480" m_c="0.014523" m_d="1.687384" m_tx="-69.393143" m_ty="-17.715469"/>
   <element name="popcorn" layername="popcorngun" frame="0" z_index="3" m_a="2.058442" m_b="0.000000" m_c="0.000000" m_d="2.115973" m_tx="-82.470779" m_ty="-60.937908"/>
  </frame>
  <frame idx="825" w="189" h="121" x="-20.249979" y="-29.118448">
   <element name="grass" layername="grass" frame="0" z_index="2" m_a="1.217672" m_b="-0.010480" m_c="0.014523" m_d="1.687384" m_tx="-69.393143" m_ty="-17.715469"/>
   <element name="popcorn" layername="popcorngun" frame="0" z_index="3" m_a="2.058442" m_b="0.000000" m_c="0.000000" m_d="2.115973" m_tx="-82.470779" m_ty="-60.937908"/>
  </frame>
  <frame idx="850" w="189" h="121" x="-20.249979" y="-29.118448">
   <element name="grass" layername="grass" frame="0" z_index="2" m_a="1.217672" m_b="-0.010480" m_c="0.014523" m_d="1.687384" m_tx="-69.393143" m_ty="-17.715469"/>
   <element name="popcorn" layername="popcorngun" frame="0" z_index="3" m_a="2.058442" m_b="0.000000" m_c="0.000000" m_d="2.115973" m_tx="-82.470779" m_ty="-60.937908"/>
  </frame>
  <frame idx="875" w="189" h="121" x="-20.249979" y="-29.118448">
   <element name="grass" layername="grass" frame="0" z_index="2" m_a="1.217672" m_b="-0.010480" m_c="0.014523" m_d="1.687384" m_tx="-69.393143" m_ty="-17.715469"/>
   <element name="popcorn" layername="popcorngun" frame="0" z_index="3" m_a="2.058442" m_b="0.000000" m_c="0.000000" m_d="2.115973" m_tx="-82.470779" m_ty="-60.937908"/>
  </frame>
  <frame idx="900" w="189" h="121" x="-20.249979" y="-29.118448">
   <element name="grass" layername="grass" frame="0" z_index="2" m_a="1.217672" m_b="-0.010480" m_c="0.014523" m_d="1.687384" m_tx="-69.393143" m_ty="-17.715469"/>
   <element name="popcorn" layername="popcorngun" frame="0" z_index="3" m_a="2.058442" m_b="0.000000" m_c="0.000000" m_d="2.115973" m_tx="-82.470779" m_ty="-60.937908"/>
  </frame>
  <frame idx="925" w="189" h="121" x="-20.249979" y="-29.118448">
   <element name="grass" layername="grass" frame="0" z_index="2" m_a="1.217672" m_b="-0.010480" m_c="0.014523" m_d="1.687384" m_tx="-69.393143" m_ty="-17.715469"/>
   <element name="popcorn" layername="popcorngun" frame="0" z_index="3" m_a="2.058442" m_b="0.000000" m_c="0.000000" m_d="2.115973" m_tx="-82.470779" m_ty="-60.937908"/>
  </frame>
  <frame idx="950" w="189" h="121" x="-20.249979" y="-29.118448">
   <element name="grass" layername="grass" frame="0" z_index="2" m_a="1.217672" m_b="-0.010480" m_c="0.014523" m_d="1.687384" m_tx="-69.393143" m_ty="-17.715469"/>
   <element name="popcorn" layername="popcorngun" frame="0" z_index="3" m_a="2.058442" m_b="0.000000" m_c="0.000000" m_d="2.115973" m_tx="-82.470779" m_ty="-60.937908"/>
  </frame>
  <frame idx="975" w="189" h="121" x="-20.249979" y="-29.118448">
   <element name="grass" layername="grass" frame="0" z_index="2" m_a="1.217672" m_b="-0.010480" m_c="0.014523" m_d="1.687384" m_tx="-69.393143" m_ty="-17.715469"/>
   <element name="popcorn" layername="popcorngun" frame="0" z_index="3" m_a="2.058442" m_b="0.000000" m_c="0.000000" m_d="2.115973" m_tx="-82.470779" m_ty="-60.937908"/>
  </frame>
 </anim>
 <anim name="projectile" root="popcorn_gun" numframes="1000" framerate="40">
  <frame idx="0" w="89" h="70" x="-6.250022" y="-9.491072">
   <element name="popcorn" layername="popcorn" frame="1" z_index="3" m_a="0.415254" m_b="0.000000" m_c="0.000000" m_d="0.414202" m_tx="-35.292374" m_ty="-30.000000"/>
  </frame>
  <frame idx="25" w="89" h="70" x="-6.250022" y="-9.491072">
   <element name="popcorn" layername="popcorn" frame="1" z_index="3" m_a="0.415254" m_b="0.000000" m_c="0.000000" m_d="0.414202" m_tx="-35.292374" m_ty="-30.000000"/>
  </frame>
  <frame idx="50" w="89" h="70" x="-6.250022" y="-9.491072">
   <element name="popcorn" layername="popcorn" frame="1" z_index="3" m_a="0.415254" m_b="0.000000" m_c="0.000000" m_d="0.414202" m_tx="-35.292374" m_ty="-30.000000"/>
  </frame>
  <frame idx="75" w="89" h="70" x="-6.250022" y="-9.491072">
   <element name="popcorn" layername="popcorn" frame="1" z_index="3" m_a="0.415254" m_b="0.000000" m_c="0.000000" m_d="0.414202" m_tx="-35.292374" m_ty="-30.000000"/>
  </frame>
  <frame idx="100" w="89" h="70" x="-6.250022" y="-9.491072">
   <element name="popcorn" layername="popcorn" frame="1" z_index="3" m_a="0.415254" m_b="0.000000" m_c="0.000000" m_d="0.414202" m_tx="-35.292374" m_ty="-30.000000"/>
  </frame>
  <frame idx="125" w="89" h="70" x="-6.250022" y="-9.491072">
   <element name="popcorn" layername="popcorn" frame="1" z_index="3" m_a="0.415254" m_b="0.000000" m_c="0.000000" m_d="0.414202" m_tx="-35.292374" m_ty="-30.000000"/>
  </frame>
  <frame idx="150" w="89" h="70" x="-6.250022" y="-9.491072">
   <element name="popcorn" layername="popcorn" frame="1" z_index="3" m_a="0.415254" m_b="0.000000" m_c="0.000000" m_d="0.414202" m_tx="-35.292374" m_ty="-30.000000"/>
  </frame>
  <frame idx="175" w="89" h="70" x="-6.250022" y="-9.491072">
   <element name="popcorn" layername="popcorn" frame="1" z_index="3" m_a="0.415254" m_b="0.000000" m_c="0.000000" m_d="0.414202" m_tx="-35.292374" m_ty="-30.000000"/>
  </frame>
  <frame idx="200" w="89" h="70" x="-6.250022" y="-9.491072">
   <element name="popcorn" layername="popcorn" frame="1" z_index="3" m_a="0.415254" m_b="0.000000" m_c="0.000000" m_d="0.414202" m_tx="-35.292374" m_ty="-30.000000"/>
  </frame>
  <frame idx="225" w="89" h="70" x="-6.250022" y="-9.491072">
   <element name="popcorn" layername="popcorn" frame="1" z_index="3" m_a="0.415254" m_b="0.000000" m_c="0.000000" m_d="0.414202" m_tx="-35.292374" m_ty="-30.000000"/>
  </frame>
  <frame idx="250" w="89" h="70" x="-6.250022" y="-9.491072">
   <element name="popcorn" layername="popcorn" frame="1" z_index="3" m_a="0.415254" m_b="0.000000" m_c="0.000000" m_d="0.414202" m_tx="-35.292374" m_ty="-30.000000"/>
  </frame>
  <frame idx="275" w="89" h="70" x="-6.250022" y="-9.491072">
   <element name="popcorn" layername="popcorn" frame="1" z_index="3" m_a="0.415254" m_b="0.000000" m_c="0.000000" m_d="0.414202" m_tx="-35.292374" m_ty="-30.000000"/>
  </frame>
  <frame idx="300" w="89" h="70" x="-6.250022" y="-9.491072">
   <element name="popcorn" layername="popcorn" frame="1" z_index="3" m_a="0.415254" m_b="0.000000" m_c="0.000000" m_d="0.414202" m_tx="-35.292374" m_ty="-30.000000"/>
  </frame>
  <frame idx="325" w="89" h="70" x="-6.250022" y="-9.491072">
   <element name="popcorn" layername="popcorn" frame="1" z_index="3" m_a="0.415254" m_b="0.000000" m_c="0.000000" m_d="0.414202" m_tx="-35.292374" m_ty="-30.000000"/>
  </frame>
  <frame idx="350" w="89" h="70" x="-6.250022" y="-9.491072">
   <element name="popcorn" layername="popcorn" frame="1" z_index="3" m_a="0.415254" m_b="0.000000" m_c="0.000000" m_d="0.414202" m_tx="-35.292374" m_ty="-30.000000"/>
  </frame>
  <frame idx="375" w="89" h="70" x="-6.250022" y="-9.491072">
   <element name="popcorn" layername="popcorn" frame="1" z_index="3" m_a="0.415254" m_b="0.000000" m_c="0.000000" m_d="0.414202" m_tx="-35.292374" m_ty="-30.000000"/>
  </frame>
  <frame idx="400" w="89" h="70" x="-6.250022" y="-9.491072">
   <element name="popcorn" layername="popcorn" frame="1" z_index="3" m_a="0.415254" m_b="0.000000" m_c="0.000000" m_d="0.414202" m_tx="-35.292374" m_ty="-30.000000"/>
  </frame>
  <frame idx="425" w="89" h="70" x="-6.250022" y="-9.491072">
   <element name="popcorn" layername="popcorn" frame="1" z_index="3" m_a="0.415254" m_b="0.000000" m_c="0.000000" m_d="0.414202" m_tx="-35.292374" m_ty="-30.000000"/>
  </frame>
  <frame idx="450" w="89" h="70" x="-6.250022" y="-9.491072">
   <element name="popcorn" layername="popcorn" frame="1" z_index="3" m_a="0.415254" m_b="0.000000" m_c="0.000000" m_d="0.414202" m_tx="-35.292374" m_ty="-30.000000"/>
  </frame>
  <frame idx="475" w="89" h="70" x="-6.250022" y="-9.491072">
   <element name="popcorn" layername="popcorn" frame="1" z_index="3" m_a="0.415254" m_b="0.000000" m_c="0.000000" m_d="0.414202" m_tx="-35.292374" m_ty="-30.000000"/>
  </frame>
  <frame idx="500" w="89" h="70" x="-6.250022" y="-9.491072">
   <element name="popcorn" layername="popcorn" frame="1" z_index="3" m_a="0.415254" m_b="0.000000" m_c="0.000000" m_d="0.414202" m_tx="-35.292374" m_ty="-30.000000"/>
  </frame>
  <frame idx="525" w="89" h="70" x="-6.250022" y="-9.491072">
   <element name="popcorn" layername="popcorn" frame="1" z_index="3" m_a="0.415254" m_b="0.000000" m_c="0.000000" m_d="0.414202" m_tx="-35.292374" m_ty="-30.000000"/>
  </frame>
  <frame idx="550" w="89" h="70" x="-6.250022" y="-9.491072">
   <element name="popcorn" layername="popcorn" frame="1" z_index="3" m_a="0.415254" m_b="0.000000" m_c="0.000000" m_d="0.414202" m_tx="-35.292374" m_ty="-30.000000"/>
  </frame>
  <frame idx="575" w="89" h="70" x="-6.250022" y="-9.491072">
   <element name="popcorn" layername="popcorn" frame="1" z_index="3" m_a="0.415254" m_b="0.000000" m_c="0.000000" m_d="0.414202" m_tx="-35.292374" m_ty="-30.000000"/>
  </frame>
  <frame idx="600" w="89" h="70" x="-6.250022" y="-9.491072">
   <element name="popcorn" layername="popcorn" frame="1" z_index="3" m_a="0.415254" m_b="0.000000" m_c="0.000000" m_d="0.414202" m_tx="-35.292374" m_ty="-30.000000"/>
  </frame>
  <frame idx="625" w="89" h="70" x="-6.250022" y="-9.491072">
   <element name="popcorn" layername="popcorn" frame="1" z_index="3" m_a="0.415254" m_b="0.000000" m_c="0.000000" m_d="0.414202" m_tx="-35.292374" m_ty="-30.000000"/>
  </frame>
  <frame idx="650" w="89" h="70" x="-6.250022" y="-9.491072">
   <element name="popcorn" layername="popcorn" frame="1" z_index="3" m_a="0.415254" m_b="0.000000" m_c="0.000000" m_d="0.414202" m_tx="-35.292374" m_ty="-30.000000"/>
  </frame>
  <frame idx="675" w="89" h="70" x="-6.250022" y="-9.491072">
   <element name="popcorn" layername="popcorn" frame="1" z_index="3" m_a="0.415254" m_b="0.000000" m_c="0.000000" m_d="0.414202" m_tx="-35.292374" m_ty="-30.000000"/>
  </frame>
  <frame idx="700" w="89" h="70" x="-6.250022" y="-9.491072">
   <element name="popcorn" layername="popcorn" frame="1" z_index="3" m_a="0.415254" m_b="0.000000" m_c="0.000000" m_d="0.414202" m_tx="-35.292374" m_ty="-30.000000"/>
  </frame>
  <frame idx="725" w="89" h="70" x="-6.250022" y="-9.491072">
   <element name="popcorn" layername="popcorn" frame="1" z_index="3" m_a="0.415254" m_b="0.000000" m_c="0.000000" m_d="0.414202" m_tx="-35.292374" m_ty="-30.000000"/>
  </frame>
  <frame idx="750" w="89" h="70" x="-6.250022" y="-9.491072">
   <element name="popcorn" layername="popcorn" frame="1" z_index="3" m_a="0.415254" m_b="0.000000" m_c="0.000000" m_d="0.414202" m_tx="-35.292374" m_ty="-30.000000"/>
  </frame>
  <frame idx="775" w="89" h="70" x="-6.250022" y="-9.491072">
   <element name="popcorn" layername="popcorn" frame="1" z_index="3" m_a="0.415254" m_b="0.000000" m_c="0.000000" m_d="0.414202" m_tx="-35.292374" m_ty="-30.000000"/>
  </frame>
  <frame idx="800" w="89" h="70" x="-6.250022" y="-9.491072">
   <element name="popcorn" layername="popcorn" frame="1" z_index="3" m_a="0.415254" m_b="0.000000" m_c="0.000000" m_d="0.414202" m_tx="-35.292374" m_ty="-30.000000"/>
  </frame>
  <frame idx="825" w="89" h="70" x="-6.250022" y="-9.491072">
   <element name="popcorn" layername="popcorn" frame="1" z_index="3" m_a="0.415254" m_b="0.000000" m_c="0.000000" m_d="0.414202" m_tx="-35.292374" m_ty="-30.000000"/>
  </frame>
  <frame idx="850" w="89" h="70" x="-6.250022" y="-9.491072">
   <element name="popcorn" layername="popcorn" frame="1" z_index="3" m_a="0.415254" m_b="0.000000" m_c="0.000000" m_d="0.414202" m_tx="-35.292374" m_ty="-30.000000"/>
  </frame>
  <frame idx="875" w="89" h="70" x="-6.250022" y="-9.491072">
   <element name="popcorn" layername="popcorn" frame="1" z_index="3" m_a="0.415254" m_b="0.000000" m_c="0.000000" m_d="0.414202" m_tx="-35.292374" m_ty="-30.000000"/>
  </frame>
  <frame idx="900" w="89" h="70" x="-6.250022" y="-9.491072">
   <element name="popcorn" layername="popcorn" frame="1" z_index="3" m_a="0.415254" m_b="0.000000" m_c="0.000000" m_d="0.414202" m_tx="-35.292374" m_ty="-30.000000"/>
  </frame>
  <frame idx="925" w="89" h="70" x="-6.250022" y="-9.491072">
   <element name="popcorn" layername="popcorn" frame="1" z_index="3" m_a="0.415254" m_b="0.000000" m_c="0.000000" m_d="0.414202" m_tx="-35.292374" m_ty="-30.000000"/>
  </frame>
  <frame idx="950" w="89" h="70" x="-6.250022" y="-9.491072">
   <element name="popcorn" layername="popcorn" frame="1" z_index="3" m_a="0.415254" m_b="0.000000" m_c="0.000000" m_d="0.414202" m_tx="-35.292374" m_ty="-30.000000"/>
  </frame>
  <frame idx="975" w="89" h="70" x="-6.250022" y="-9.491072">
   <element name="popcorn" layername="popcorn" frame="1" z_index="3" m_a="0.415254" m_b="0.000000" m_c="0.000000" m_d="0.414202" m_tx="-35.292374" m_ty="-30.000000"/>
  </frame>
 </anim>
</Anims>
